"","hgnc_symbol","gene_biotype"
"1","MT-ND1","protein_coding"
"2","MT-ND2","protein_coding"
"3","MT-CO1","protein_coding"
"4","MT-CO2","protein_coding"
"5","MT-ATP8","protein_coding"
"6","MT-ATP6","protein_coding"
"7","MT-CO3","protein_coding"
"8","MT-ND3","protein_coding"
"9","MT-ND4L","protein_coding"
"10","MT-ND4","protein_coding"
"11","MT-ND5","protein_coding"
"12","MT-ND6","protein_coding"
"13","MT-CYB","protein_coding"
"15","MAFIP","protein_coding"
"16","SYT15B","protein_coding"
"17","NPY4R2","protein_coding"
"18","FAM25C","protein_coding"
"19","FAM20C","protein_coding"
"20","PRAMEF11","protein_coding"
"21","ECSCR","protein_coding"
"22","HNRNPCL1","protein_coding"
"23","PRAMEF2","protein_coding"
"24","SMIM33","protein_coding"
"25","PRAMEF4","protein_coding"
"26","STING1","protein_coding"
"27","PRAMEF10","protein_coding"
"28","PRAMEF7","protein_coding"
"29","PRAMEF6","protein_coding"
"30","PRAMEF27","protein_coding"
"31","ARHGEF19","protein_coding"
"32","HNRNPCL3","protein_coding"
"33","PRAMEF25","protein_coding"
"34","CPLANE2","protein_coding"
"35","FBXO42","protein_coding"
"36","SZRD1","protein_coding"
"37","HNRNPCL2","protein_coding"
"38","SPATA21","protein_coding"
"39","PRAMEF26","protein_coding"
"40","HNRNPCL4","protein_coding"
"41","NECAP2","protein_coding"
"42","PRAMEF9","protein_coding"
"43","PRAMEF13","protein_coding"
"44","PRAMEF18","protein_coding"
"45","PRAMEF5","protein_coding"
"46","PRAMEF8","protein_coding"
"47","PRAMEF33","protein_coding"
"48","PRAMEF22","protein_coding"
"49","PADI2","protein_coding"
"50","OR8J2","protein_coding"
"51","OR5T2","protein_coding"
"52","OR5T3","protein_coding"
"53","OR5T1","protein_coding"
"54","NBPF1","protein_coding"
"55","OR8H1","protein_coding"
"56","OR8K3","protein_coding"
"57","OR8K1","protein_coding"
"58","OR8J1","protein_coding"
"59","OR8U8","protein_coding"
"60","OR8U9","protein_coding"
"61","ACTG1","protein_coding"
"62","BAHCC1","protein_coding"
"63","BCL2L14","protein_coding"
"64","LRP6","protein_coding"
"65","OR9G1","protein_coding"
"66","OR9G9","protein_coding"
"67","OR9G4","protein_coding"
"68","OR5G3","protein_coding"
"69","MANSC1","protein_coding"
"70","BORCS5","protein_coding"
"71","DUSP16","protein_coding"
"72","TOLLIP","protein_coding"
"73","BRSK2","protein_coding"
"74","DUSP8","protein_coding"
"75","KRTAP5-1","protein_coding"
"76","KRTAP5-2","protein_coding"
"77","KRTAP5-3","protein_coding"
"78","KRTAP5-4","protein_coding"
"79","KRTAP5-5","protein_coding"
"80","MOB2","protein_coding"
"81","PPP2R3B","protein_coding"
"82","IL3RA","protein_coding"
"83","P2RY8","protein_coding"
"84","SLC25A6","protein_coding"
"85","DHRSX","protein_coding"
"86","ASMTL","protein_coding"
"87","PLCXD1","protein_coding"
"88","ZBED1","protein_coding"
"89","CD99","protein_coding"
"90","SHOX","protein_coding"
"91","CRLF2","protein_coding"
"92","AKAP17A","protein_coding"
"93","ASMT","protein_coding"
"94","CSF2RA","protein_coding"
"95","C1R","protein_coding"
"96","GRK1","protein_coding"
"97","C1RL","protein_coding"
"98","GTPBP6","protein_coding"
"99","VAMP7","protein_coding"
"100","WASH6P","protein_coding"
"101","IL9R","protein_coding"
"102","RBP5","protein_coding"
"103","PRY","protein_coding"
"104","CLSTN3","protein_coding"
"105","USP9Y","protein_coding"
"106","PRY2","protein_coding"
"107","EIF1AY","protein_coding"
"108","PEX5","protein_coding"
"109","TSPY8","protein_coding"
"110","BPY2","protein_coding"
"111","TSPY4","protein_coding"
"112","TSPY9","protein_coding"
"113","RBMY1D","protein_coding"
"114","HSFY2","protein_coding"
"115","KDM5D","protein_coding"
"116","OR4C12","protein_coding"
"117","HSFY1","protein_coding"
"118","TGIF2LY","protein_coding"
"119","RBMY1F","protein_coding"
"120","CDY2A","protein_coding"
"121","BPY2C","protein_coding"
"122","DAZ4","protein_coding"
"123","CDY2B","protein_coding"
"124","SRY","protein_coding"
"125","RPS4Y1","protein_coding"
"126","ZFY","protein_coding"
"127","DDX3Y","protein_coding"
"128","SERTAD4","protein_coding"
"129","UTY","protein_coding"
"130","HHAT","protein_coding"
"131","TMSB4Y","protein_coding"
"132","VCY","protein_coding"
"133","DAZ3","protein_coding"
"134","DAZ1","protein_coding"
"135","AMELY","protein_coding"
"136","TBL1Y","protein_coding"
"137","H3-4","protein_coding"
"138","H2AC25","protein_coding"
"139","H2BC26","protein_coding"
"140","RNF187","protein_coding"
"141","DAZ2","protein_coding"
"142","RHOU","protein_coding"
"143","RBMY1E","protein_coding"
"144","NLGN4Y","protein_coding"
"145","VCY1B","protein_coding"
"146","RPS4Y2","protein_coding"
"147","PCDH11Y","protein_coding"
"148","CDY1B","protein_coding"
"149","BPY2B","protein_coding"
"150","CDY1","protein_coding"
"151","RBMY1J","protein_coding"
"152","RBMY1B","protein_coding"
"153","RBMY1A1","protein_coding"
"154","TSPY3","protein_coding"
"155","TSPY1","protein_coding"
"156","TSPY10","protein_coding"
"157","TSPY2","protein_coding"
"158","LEUTX","protein_coding"
"159","DYRK1B","protein_coding"
"160","FBL","protein_coding"
"161","PSMC4","protein_coding"
"162","ZNF546","protein_coding"
"163","ZNF780B","protein_coding"
"164","ZNF780A","protein_coding"
"165","FCGBP","protein_coding"
"166","FRG2","protein_coding"
"167","FRG1","protein_coding"
"168","DUX4L8","protein_coding"
"169","DUX4","protein_coding"
"170","MUC5AC","protein_coding"
"171","MUC2","protein_coding"
"172","ZSWIM4","protein_coding"
"173","NANOS3","protein_coding"
"174","BRME1","protein_coding"
"175","CC2D1A","protein_coding"
"176","PODNL1","protein_coding"
"177","DCAF15","protein_coding"
"178","RFX1","protein_coding"
"179","RLN3","protein_coding"
"180","IL27RA","protein_coding"
"181","PALM3","protein_coding"
"182","MISP3","protein_coding"
"183","C19orf67","protein_coding"
"184","PRKACA","protein_coding"
"185","ASF1B","protein_coding"
"186","ADGRL1","protein_coding"
"187","SAMD1","protein_coding"
"188","OBP2B","protein_coding"
"189","SURF6","protein_coding"
"190","CNTNAP3C","protein_coding"
"191","MED22","protein_coding"
"192","RPL7A","protein_coding"
"193","SURF1","protein_coding"
"194","RYBP","protein_coding"
"195","SURF2","protein_coding"
"196","SURF4","protein_coding"
"197","MIPEP","protein_coding"
"198","STKLD1","protein_coding"
"199","REXO4","protein_coding"
"200","KPNA3","protein_coding"
"201","HMX1","protein_coding"
"202","CRYL1","protein_coding"
"203","ADAMTS13","protein_coding"
"204","CAB39L","protein_coding"
"205","DNAJC15","protein_coding"
"206","GPR12","protein_coding"
"207","WASF3","protein_coding"
"208","POSTN","protein_coding"
"209","ACR","protein_coding"
"210","SHANK3","protein_coding"
"211","CACFD1","protein_coding"
"212","SLC2A6","protein_coding"
"213","FNDC3A","protein_coding"
"214","ABO","protein_coding"
"215","LHFPL6","protein_coding"
"216","GCGR","protein_coding"
"217","AKAP11","protein_coding"
"218","MZT1","protein_coding"
"219","PROSER1","protein_coding"
"220","MCRIP1","protein_coding"
"221","ERICH6B","protein_coding"
"222","TMPRSS15","protein_coding"
"223","PIBF1","protein_coding"
"224","PPP1R27","protein_coding"
"225","CXADR","protein_coding"
"226","BORA","protein_coding"
"227","KLHL1","protein_coding"
"228","URB1","protein_coding"
"229","GPR20","protein_coding"
"230","SCEL","protein_coding"
"231","PTP4A3","protein_coding"
"232","C8orf90","protein_coding"
"233","MROH5","protein_coding"
"234","KRTAP25-1","protein_coding"
"235","JAM2","protein_coding"
"236","COLEC12","protein_coding"
"237","CLDN17","protein_coding"
"238","FREM2","protein_coding"
"239","KRTAP24-1","protein_coding"
"240","SCAF4","protein_coding"
"241","PRR20B","protein_coding"
"242","TBC1D4","protein_coding"
"243","IMPA2","protein_coding"
"244","PRR20D","protein_coding"
"245","ZKSCAN7","protein_coding"
"246","SPRY2","protein_coding"
"247","PRR20E","protein_coding"
"248","RAB31","protein_coding"
"249","UFM1","protein_coding"
"250","KLF5","protein_coding"
"251","YES1","protein_coding"
"252","NCAM2","protein_coding"
"253","TNK1","protein_coding"
"254","CBY2","protein_coding"
"255","ZNF660","protein_coding"
"256","UBAC2","protein_coding"
"257","ZNF197","protein_coding"
"258","PLSCR3","protein_coding"
"259","CLDN8","protein_coding"
"260","NDUFV2","protein_coding"
"261","HUNK","protein_coding"
"262","RFC3","protein_coding"
"263","C21orf91","protein_coding"
"264","ZNF35","protein_coding"
"265","MPPE1","protein_coding"
"266","POU4F1","protein_coding"
"267","MORC3","protein_coding"
"268","ZNF502","protein_coding"
"269","TMEM256-PLSCR3","protein_coding"
"270","SPATA13","protein_coding"
"271","TMEM256","protein_coding"
"272","NLGN2","protein_coding"
"273","ZNF501","protein_coding"
"274","KIAA1143","protein_coding"
"275","SPEM1","protein_coding"
"276","SPEM2","protein_coding"
"277","KIF15","protein_coding"
"278","SPEM3","protein_coding"
"279","TMEM102","protein_coding"
"280","FGF11","protein_coding"
"281","PAXBP1","protein_coding"
"282","CHRNB1","protein_coding"
"283","NHLRC3","protein_coding"
"284","OLFM4","protein_coding"
"285","PRR20A","protein_coding"
"286","ZBTB4","protein_coding"
"287","SLC35G6","protein_coding"
"288","IPO5","protein_coding"
"289","POLR2A","protein_coding"
"290","CELF4","protein_coding"
"291","EPCIP","protein_coding"
"292","TMEM42","protein_coding"
"293","TGM4","protein_coding"
"294","ITSN1","protein_coding"
"295","ZNF852","protein_coding"
"296","ORAI1","protein_coding"
"297","DIAPH3","protein_coding"
"298","AKAIN1","protein_coding"
"299","SLC14A2","protein_coding"
"300","RALBP1","protein_coding"
"301","SS18","protein_coding"
"302","NAT8","protein_coding"
"303","TPRKB","protein_coding"
"304","TRIM71","protein_coding"
"305","DUSP11","protein_coding"
"306","CNOT10","protein_coding"
"307","CARMIL3","protein_coding"
"308","C2orf78","protein_coding"
"309","NAT8B","protein_coding"
"310","PCDH17","protein_coding"
"311","SERTM1","protein_coding"
"312","SLC7A1","protein_coding"
"313","CPNE6","protein_coding"
"314","SLC15A1","protein_coding"
"315","KPNA7","protein_coding"
"316","ANKRD12","protein_coding"
"317","FOXO1","protein_coding"
"318","COG3","protein_coding"
"319","NRL","protein_coding"
"320","ARK2N","protein_coding"
"321","C6orf52","protein_coding"
"322","PCK2","protein_coding"
"323","PAK1IP1","protein_coding"
"324","SKA1","protein_coding"
"325","LRCH1","protein_coding"
"326","TMEM14C","protein_coding"
"327","GCNT2","protein_coding"
"328","RPRD1A","protein_coding"
"329","CDADC1","protein_coding"
"330","RIT2","protein_coding"
"331","DIS3","protein_coding"
"332","CTAGE1","protein_coding"
"333","HRH4","protein_coding"
"334","DCAF11","protein_coding"
"335","MAPK4","protein_coding"
"336","ARK2C","protein_coding"
"337","PADI1","protein_coding"
"338","ST8SIA3","protein_coding"
"339","RNF152","protein_coding"
"340","PRR20C","protein_coding"
"341","CCDC68","protein_coding"
"342","PADI3","protein_coding"
"343","SLITRK6","protein_coding"
"344","ZMYM5","protein_coding"
"345","PADI4","protein_coding"
"346","SMAD2","protein_coding"
"347","SOX1","protein_coding"
"348","MYO16","protein_coding"
"349","PADI6","protein_coding"
"350","RPS6KA1","protein_coding"
"351","RCC2","protein_coding"
"352","IRS2","protein_coding"
"353","SPACA7","protein_coding"
"354","RAB27B","protein_coding"
"355","STOML3","protein_coding"
"356","TXNL1","protein_coding"
"357","ANKRD10","protein_coding"
"358","FITM1","protein_coding"
"359","PSME1","protein_coding"
"360","NALF1","protein_coding"
"361","PCCA","protein_coding"
"362","CTIF","protein_coding"
"363","GAREM1","protein_coding"
"364","ZBTB7C","protein_coding"
"365","TUBGCP3","protein_coding"
"366","EMC9","protein_coding"
"367","PSME2","protein_coding"
"368","BOD1L2","protein_coding"
"369","FBXO15","protein_coding"
"370","OBI1","protein_coding"
"371","CDH7","protein_coding"
"372","UBL3","protein_coding"
"373","MLNR","protein_coding"
"374","FLT3","protein_coding"
"375","ATP5PO","protein_coding"
"376","TPGS2","protein_coding"
"377","FAM216B","protein_coding"
"378","CHODL","protein_coding"
"379","BACH1","protein_coding"
"380","RNF31","protein_coding"
"381","ITM2B","protein_coding"
"382","MC4R","protein_coding"
"383","TMX3","protein_coding"
"384","TRIM13","protein_coding"
"385","ETS2","protein_coding"
"386","KCNRG","protein_coding"
"387","FAM124A","protein_coding"
"388","CDH20","protein_coding"
"389","ZAR1L","protein_coding"
"390","N4BP2L1","protein_coding"
"391","PTPN2","protein_coding"
"392","KCNJ15","protein_coding"
"393","CSNK1A1L","protein_coding"
"394","TMEM272","protein_coding"
"395","RFXAP","protein_coding"
"396","TRPC4","protein_coding"
"397","IRF9","protein_coding"
"398","CRYZL1","protein_coding"
"399","PHLPP1","protein_coding"
"400","CDH19","protein_coding"
"401","REC8","protein_coding"
"402","ITGA9","protein_coding"
"403","C18orf21","protein_coding"
"404","CPB2","protein_coding"
"405","N6AMT1","protein_coding"
"406","KCTD1","protein_coding"
"407","LCP1","protein_coding"
"408","SAA1","protein_coding"
"409","IPO4","protein_coding"
"410","SLC39A6","protein_coding"
"411","ADAMTS5","protein_coding"
"412","HPS5","protein_coding"
"413","ZBTB14","protein_coding"
"414","SIAH3","protein_coding"
"415","NALCN","protein_coding"
"416","GALR1","protein_coding"
"417","C2CD2","protein_coding"
"418","ZNF521","protein_coding"
"419","ADRA1D","protein_coding"
"420","IMPACT","protein_coding"
"421","RSPO4","protein_coding"
"422","DEFB129","protein_coding"
"423","ANGPT4","protein_coding"
"424","ZBTB21","protein_coding"
"425","GTF2H1","protein_coding"
"426","SHLD1","protein_coding"
"427","CBLN2","protein_coding"
"428","CCDC168","protein_coding"
"429","TEX30","protein_coding"
"430","SLX4IP","protein_coding"
"431","CBR1","protein_coding"
"432","DEFB125","protein_coding"
"433","BIVM-ERCC5","protein_coding"
"434","BMP2","protein_coding"
"435","CBR3","protein_coding"
"436","ADIPOR2","protein_coding"
"437","FAM110A","protein_coding"
"438","MBP","protein_coding"
"439","EVA1C","protein_coding"
"440","BIVM","protein_coding"
"441","INSM1","protein_coding"
"442","DEFB128","protein_coding"
"443","CACNA2D4","protein_coding"
"444","DEFB126","protein_coding"
"445","BTBD3","protein_coding"
"446","LDHA","protein_coding"
"447","GAS6","protein_coding"
"448","NUDT15","protein_coding"
"449","CFAP298","protein_coding"
"450","MED4","protein_coding"
"451","PCSK2","protein_coding"
"452","SGCG","protein_coding"
"453","IBTK","protein_coding"
"454","RBM26","protein_coding"
"455","ZNF343","protein_coding"
"456","CFAP298-TCP10L","protein_coding"
"457","TM9SF1","protein_coding"
"458","DGKH","protein_coding"
"459","ISM1","protein_coding"
"460","CST5","protein_coding"
"461","TMEM241","protein_coding"
"462","SYNDIG1","protein_coding"
"463","TCP10L","protein_coding"
"464","XRN2","protein_coding"
"465","TSSK4","protein_coding"
"466","BTG3","protein_coding"
"467","CHMP4A","protein_coding"
"468","SNRPB2","protein_coding"
"469","SUMO3","protein_coding"
"470","MDP1","protein_coding"
"471","CST7","protein_coding"
"472","MRPL39","protein_coding"
"473","APMAP","protein_coding"
"474","ELP2","protein_coding"
"475","NEDD8-MDP1","protein_coding"
"476","SUCLA2","protein_coding"
"477","BFSP1","protein_coding"
"478","NEDD8","protein_coding"
"479","SAMSN1","protein_coding"
"480","TPBG","protein_coding"
"481","GMPR2","protein_coding"
"482","GGTLC1","protein_coding"
"483","CST2","protein_coding"
"484","DSTN","protein_coding"
"485","SIM2","protein_coding"
"486","GPR183","protein_coding"
"487","STK35","protein_coding"
"488","ABHD13","protein_coding"
"489","ESD","protein_coding"
"490","SCRT2","protein_coding"
"491","NCOA6","protein_coding"
"492","RIPPLY3","protein_coding"
"493","RRP1B","protein_coding"
"494","HTR2A","protein_coding"
"495","TDRD3","protein_coding"
"496","PDXK","protein_coding"
"497","SPART","protein_coding"
"498","LRTM2","protein_coding"
"499","DEFB127","protein_coding"
"500","SPTLC3","protein_coding"
"501","NXNL2","protein_coding"
"502","DCP1B","protein_coding"
"503","DEFB115","protein_coding"
"504","CD226","protein_coding"
"505","SLC23A2","protein_coding"
"506","STK24","protein_coding"
"507","PIGN","protein_coding"
"508","CST9L","protein_coding"
"509","CACNA1C","protein_coding"
"510","RCBTB2","protein_coding"
"511","TASP1","protein_coding"
"512","WFDC9","protein_coding"
"513","RRP1","protein_coding"
"514","MTCL2","protein_coding"
"515","WFDC10A","protein_coding"
"516","PPP1R16B","protein_coding"
"517","SLITRK1","protein_coding"
"518","IFT88","protein_coding"
"519","TMTC4","protein_coding"
"520","DHX35","protein_coding"
"521","AGPAT3","protein_coding"
"522","EPSTI1","protein_coding"
"523","TOX2","protein_coding"
"524","TNFRSF19","protein_coding"
"525","TRAPPC10","protein_coding"
"526","EYA2","protein_coding"
"527","RAB20","protein_coding"
"528","CARS2","protein_coding"
"529","PWP2","protein_coding"
"530","WFDC11","protein_coding"
"531","DYRK1A","protein_coding"
"532","RIPOR3","protein_coding"
"533","KBTBD6","protein_coding"
"534","KBTBD7","protein_coding"
"535","MTRF1","protein_coding"
"536","FAM83D","protein_coding"
"537","SLC2A10","protein_coding"
"538","KCNB1","protein_coding"
"539","NAA16","protein_coding"
"540","TINF2","protein_coding"
"541","CDH22","protein_coding"
"542","NCOA3","protein_coding"
"543","RGCC","protein_coding"
"544","TGM1","protein_coding"
"545","VWA8","protein_coding"
"546","RABGGTA","protein_coding"
"547","ELP5","protein_coding"
"548","RAP2A","protein_coding"
"549","LPAR6","protein_coding"
"550","PRDM15","protein_coding"
"551","MC3R","protein_coding"
"552","NAXD","protein_coding"
"553","PREX1","protein_coding"
"554","MOCOS","protein_coding"
"555","GJA3","protein_coding"
"556","GJB2","protein_coding"
"557","NETO1","protein_coding"
"558","GJB6","protein_coding"
"559","CNDP2","protein_coding"
"560","ZMYM2","protein_coding"
"561","CLDN7","protein_coding"
"562","PTGIS","protein_coding"
"563","SLC2A4","protein_coding"
"564","CBLN4","protein_coding"
"565","ATP9A","protein_coding"
"566","DHRS1","protein_coding"
"567","YBX2","protein_coding"
"568","RALY","protein_coding"
"569","NOP9","protein_coding"
"570","EIF5A","protein_coding"
"571","EEF1AKMT1","protein_coding"
"572","CNDP1","protein_coding"
"573","LATS2","protein_coding"
"574","CIDEB","protein_coding"
"575","PKNOX1","protein_coding"
"576","CENPJ","protein_coding"
"577","LTB4R2","protein_coding"
"578","CFAP61","protein_coding"
"579","LTB4R","protein_coding"
"580","TWSG1","protein_coding"
"581","GPS2","protein_coding"
"582","ADCY4","protein_coding"
"583","DOK6","protein_coding"
"584","CBS","protein_coding"
"585","KIAA1328","protein_coding"
"586","SHISA2","protein_coding"
"587","RXFP2","protein_coding"
"588","SLC17A9","protein_coding"
"589","FRY","protein_coding"
"590","NEURL4","protein_coding"
"591","PIAS2","protein_coding"
"592","PSMA7","protein_coding"
"593","MED15","protein_coding"
"594","RIPK3","protein_coding"
"595","RBBP8NL","protein_coding"
"596","CST3","protein_coding"
"597","HDHD2","protein_coding"
"598","GID8","protein_coding"
"599","NFATC4","protein_coding"
"600","U2AF1","protein_coding"
"601","PMEPA1","protein_coding"
"602","PDS5B","protein_coding"
"603","IER3IP1","protein_coding"
"604","SKOR2","protein_coding"
"605","EIF2S2","protein_coding"
"606","TGIF1","protein_coding"
"607","SOX18","protein_coding"
"608","ACAP1","protein_coding"
"609","SETD4","protein_coding"
"610","ACSS1","protein_coding"
"611","UTP14C","protein_coding"
"612","INTS6","protein_coding"
"613","TAF4B","protein_coding"
"614","KCTD11","protein_coding"
"615","TMEM95","protein_coding"
"616","DOK5","protein_coding"
"617","B4GALT5","protein_coding"
"618","PMAIP1","protein_coding"
"619","DSG4","protein_coding"
"620","OSM","protein_coding"
"621","SALL4","protein_coding"
"622","NCF4","protein_coding"
"623","SLC19A1","protein_coding"
"624","SCP2D1","protein_coding"
"625","BHLHE23","protein_coding"
"626","CDH4","protein_coding"
"627","CCDC70","protein_coding"
"628","GPR18","protein_coding"
"629","DSG3","protein_coding"
"630","MTUS2","protein_coding"
"631","KAT6B","protein_coding"
"632","TTR","protein_coding"
"633","COL18A1","protein_coding"
"634","TNFSF13B","protein_coding"
"635","CDH2","protein_coding"
"636","NDRG3","protein_coding"
"637","SLC16A1","protein_coding"
"638","RNF6","protein_coding"
"639","CACNA1I","protein_coding"
"640","ATP8A2","protein_coding"
"641","RPL17-C18orf32","protein_coding"
"642","RPS21","protein_coding"
"643","SS18L1","protein_coding"
"644","LIPG","protein_coding"
"645","SACS","protein_coding"
"646","NFATC2","protein_coding"
"647","DYM","protein_coding"
"648","FAM3B","protein_coding"
"649","MEX3C","protein_coding"
"650","TEX29","protein_coding"
"651","KCTD12","protein_coding"
"652","CLN5","protein_coding"
"653","ADAMTS1","protein_coding"
"654","SYCP2","protein_coding"
"655","ISX","protein_coding"
"656","TCF4","protein_coding"
"657","FBXL3","protein_coding"
"658","ENTHD1","protein_coding"
"659","LIF","protein_coding"
"660","SERPINE3","protein_coding"
"661","CBX7","protein_coding"
"662","KBTBD4","protein_coding"
"663","METTL21C","protein_coding"
"664","MIS18A","protein_coding"
"665","ERCC5","protein_coding"
"666","MRAP","protein_coding"
"667","PNPLA3","protein_coding"
"668","FAM180B","protein_coding"
"669","C1QTNF4","protein_coding"
"670","WDR4","protein_coding"
"671","AGBL2","protein_coding"
"672","LAMA5","protein_coding"
"673","EFCAB6","protein_coding"
"674","SLC10A2","protein_coding"
"675","IL17D","protein_coding"
"676","PRKX","protein_coding"
"677","GGACT","protein_coding"
"678","ATP11A","protein_coding"
"679","FNBP4","protein_coding"
"680","VCX2","protein_coding"
"681","NDUFV3","protein_coding"
"682","GABPA","protein_coding"
"683","MTCH2","protein_coding"
"684","LSM14B","protein_coding"
"685","TBC1D22A","protein_coding"
"686","CYSLTR2","protein_coding"
"687","CLIC6","protein_coding"
"688","AMELX","protein_coding"
"689","PHACTR3","protein_coding"
"690","OXGR1","protein_coding"
"691","TPTE","protein_coding"
"692","COMMD6","protein_coding"
"693","SHROOM2","protein_coding"
"694","THSD1","protein_coding"
"695","ANOS1","protein_coding"
"696","VPS36","protein_coding"
"697","DHRS4","protein_coding"
"698","CKAP2","protein_coding"
"699","TCEA2","protein_coding"
"700","SYNJ1","protein_coding"
"701","FAM9B","protein_coding"
"702","DUSP29","protein_coding"
"703","HCCS","protein_coding"
"704","SUGT1","protein_coding"
"705","RPL3","protein_coding"
"706","NLGN4X","protein_coding"
"707","HNRNPA1L2","protein_coding"
"708","DAOA","protein_coding"
"709","CTTN","protein_coding"
"710","GATA5","protein_coding"
"711","ZIC2","protein_coding"
"712","RBL1","protein_coding"
"713","FAM9A","protein_coding"
"714","ZIC5","protein_coding"
"715","LTN1","protein_coding"
"716","LNX2","protein_coding"
"717","RBM11","protein_coding"
"718","RWDD2B","protein_coding"
"719","SRPX","protein_coding"
"720","GSX1","protein_coding"
"721","USP16","protein_coding"
"722","PDX1","protein_coding"
"723","HSPA13","protein_coding"
"724","CCT8","protein_coding"
"725","POLR1D","protein_coding"
"726","PSMG1","protein_coding"
"727","MAP3K7CL","protein_coding"
"728","GRPR","protein_coding"
"729","BEND2","protein_coding"
"730","EDN3","protein_coding"
"731","LIG4","protein_coding"
"732","TMEM47","protein_coding"
"733","PPFIA1","protein_coding"
"734","KLHL34","protein_coding"
"735","SMPX","protein_coding"
"736","GTSE1","protein_coding"
"737","CLYBL","protein_coding"
"738","BRWD1","protein_coding"
"739","ITGBL1","protein_coding"
"740","NUBPL","protein_coding"
"741","ADRM1","protein_coding"
"742","CNKSR2","protein_coding"
"743","SAMM50","protein_coding"
"744","SUPT20H","protein_coding"
"745","SNX6","protein_coding"
"746","PHF20","protein_coding"
"747","APOB","protein_coding"
"748","TDRD15","protein_coding"
"749","TTC38","protein_coding"
"750","TRIOBP","protein_coding"
"751","RBPJL","protein_coding"
"752","PCNX4","protein_coding"
"753","HMGN1","protein_coding"
"754","CCDC40","protein_coding"
"755","SDC4","protein_coding"
"756","SYS1","protein_coding"
"757","SIX1","protein_coding"
"758","GAA","protein_coding"
"759","EIF4A3","protein_coding"
"760","PPP2R5E","protein_coding"
"761","SYS1-DBNDD2","protein_coding"
"762","TP53TG5","protein_coding"
"763","STX16-NPEPL1","protein_coding"
"764","NPEPL1","protein_coding"
"765","PLCL2","protein_coding"
"766","PIM3","protein_coding"
"767","DENND6B","protein_coding"
"768","NELFCD","protein_coding"
"769","GET1","protein_coding"
"770","GJA10","protein_coding"
"771","CASP8AP2","protein_coding"
"772","CERK","protein_coding"
"773","STYX","protein_coding"
"774","NBEA","protein_coding"
"775","L3HYPDH","protein_coding"
"776","C14orf39","protein_coding"
"777","GET1-SH3BGR","protein_coding"
"778","PPP6R2","protein_coding"
"779","PCP4","protein_coding"
"780","DSCAM","protein_coding"
"781","SIX6","protein_coding"
"782","SYTL5","protein_coding"
"783","SIX4","protein_coding"
"784","TUBB1","protein_coding"
"785","ATP5F1E","protein_coding"
"786","PPM1A","protein_coding"
"787","SETDB2","protein_coding"
"788","PRELID3B","protein_coding"
"789","PHF11","protein_coding"
"790","CENATAC","protein_coding"
"791","CCDC175","protein_coding"
"792","BACE2","protein_coding"
"793","GDF5","protein_coding"
"794","C20orf173","protein_coding"
"795","DHRS7","protein_coding"
"796","RBM12","protein_coding"
"797","RPS25","protein_coding"
"798","ADGRG2","protein_coding"
"799","FITM2","protein_coding"
"800","RIPK4","protein_coding"
"801","TTPAL","protein_coding"
"802","RCBTB1","protein_coding"
"803","PCNX1","protein_coding"
"804","SKA3","protein_coding"
"805","TRAPPC4","protein_coding"
"806","SERINC3","protein_coding"
"807","TFF2","protein_coding"
"808","TFF1","protein_coding"
"809","TMPRSS3","protein_coding"
"810","MRPL57","protein_coding"
"811","MICU2","protein_coding"
"812","PKIG","protein_coding"
"813","FGF9","protein_coding"
"814","ALG5","protein_coding"
"815","HYOU1","protein_coding"
"816","RTL6","protein_coding"
"817","TLDC2","protein_coding"
"818","PVALB","protein_coding"
"819","OSER1","protein_coding"
"820","JPH2","protein_coding"
"821","GPHB5","protein_coding"
"822","EXOSC8","protein_coding"
"823","DDX51","protein_coding"
"824","UBASH3A","protein_coding"
"825","MNAT1","protein_coding"
"826","SRSF6","protein_coding"
"827","SYNGR1","protein_coding"
"828","IFT52","protein_coding"
"829","NOC4L","protein_coding"
"830","MYBL2","protein_coding"
"831","CCDC177","protein_coding"
"832","PDGFB","protein_coding"
"833","ADARB2","protein_coding"
"834","DCAF4","protein_coding"
"835","GTSF1L","protein_coding"
"836","KLF6","protein_coding"
"837","CST9","protein_coding"
"838","SIRPB1","protein_coding"
"839","MPPED1","protein_coding"
"840","ATP5F1C","protein_coding"
"841","ENOX1","protein_coding"
"842","GALNT9","protein_coding"
"843","OTOR","protein_coding"
"844","PKDREJ","protein_coding"
"845","SRXN1","protein_coding"
"846","DTD1","protein_coding"
"847","ANKRD54","protein_coding"
"848","CCDC122","protein_coding"
"849","RSPH1","protein_coding"
"850","LACC1","protein_coding"
"851","OSBPL2","protein_coding"
"852","SLC37A1","protein_coding"
"853","LAMP1","protein_coding"
"854","JKAMP","protein_coding"
"855","GRTP1","protein_coding"
"856","ITIH2","protein_coding"
"857","DCUN1D2","protein_coding"
"858","PDE9A","protein_coding"
"859","TSPO","protein_coding"
"860","TMCO3","protein_coding"
"861","RHOJ","protein_coding"
"862","SOCS4","protein_coding"
"863","TFDP1","protein_coding"
"864","CCDC3","protein_coding"
"865","KCNH5","protein_coding"
"866","VPS11","protein_coding"
"867","KIN","protein_coding"
"868","ADPRHL1","protein_coding"
"869","SHISAL1","protein_coding"
"870","AQP4","protein_coding"
"871","SUSD6","protein_coding"
"872","ACBD7","protein_coding"
"873","RPP38","protein_coding"
"874","ZC3H13","protein_coding"
"875","ZNRF3","protein_coding"
"876","ITIH5","protein_coding"
"877","NEK5","protein_coding"
"878","EGLN3","protein_coding"
"879","ONECUT2","protein_coding"
"880","R3HDML","protein_coding"
"881","YTHDF1","protein_coding"
"882","SLC37A4","protein_coding"
"883","NARS1","protein_coding"
"884","XYLT1","protein_coding"
"885","BIRC7","protein_coding"
"886","XPO4","protein_coding"
"887","SPTSSA","protein_coding"
"888","MYCBP2","protein_coding"
"889","PLEKHD1","protein_coding"
"890","NKAIN4","protein_coding"
"891","MRC1","protein_coding"
"892","LTBP2","protein_coding"
"893","RFPL3","protein_coding"
"894","ATP8B1","protein_coding"
"895","ARFGAP1","protein_coding"
"896","RAI2","protein_coding"
"897","RTCB","protein_coding"
"898","RTP1","protein_coding"
"899","RTP4","protein_coding"
"900","MPHOSPH8","protein_coding"
"901","CTPS2","protein_coding"
"902","CUBN","protein_coding"
"903","MASP1","protein_coding"
"904","ALPK2","protein_coding"
"905","PSPC1","protein_coding"
"906","WDFY2","protein_coding"
"907","YWHAH","protein_coding"
"908","PTPRM","protein_coding"
"909","DHRS12","protein_coding"
"910","ASPHD2","protein_coding"
"911","SRRD","protein_coding"
"912","ISCA2","protein_coding"
"913","S100G","protein_coding"
"914","TFIP11","protein_coding"
"915","TRDMT1","protein_coding"
"916","H2AP","protein_coding"
"917","RP2","protein_coding"
"918","SPATA7","protein_coding"
"919","TPTE2","protein_coding"
"920","MBTPS2","protein_coding"
"921","SLC46A3","protein_coding"
"922","MAGEB17","protein_coding"
"923","C13orf46","protein_coding"
"924","FAM47B","protein_coding"
"925","SCML2","protein_coding"
"926","ISLR","protein_coding"
"927","RASA3","protein_coding"
"928","POMP","protein_coding"
"929","STRA6","protein_coding"
"930","CRYBB1","protein_coding"
"931","TNFSF11","protein_coding"
"932","CRYBA4","protein_coding"
"933","MINDY3","protein_coding"
"934","EFHC2","protein_coding"
"935","L3MBTL4","protein_coding"
"936","TPP2","protein_coding"
"937","C1QTNF6","protein_coding"
"938","MED14","protein_coding"
"939","CHRNA4","protein_coding"
"940","SSTR3","protein_coding"
"941","TMEM131","protein_coding"
"942","ARMC3","protein_coding"
"943","TMPRSS6","protein_coding"
"944","ALG11","protein_coding"
"945","ST8SIA5","protein_coding"
"946","FAHD2B","protein_coding"
"947","ANKRD36","protein_coding"
"948","NUP58","protein_coding"
"949","AP5M1","protein_coding"
"950","ARHGAP28","protein_coding"
"951","MKKS","protein_coding"
"952","COX5B","protein_coding"
"953","ACTR1B","protein_coding"
"954","CHST7","protein_coding"
"955","PTK6","protein_coding"
"956","SLC35F4","protein_coding"
"957","C2orf92","protein_coding"
"958","FNDC11","protein_coding"
"959","CLCN5","protein_coding"
"960","PDRG1","protein_coding"
"961","N4BP2L2","protein_coding"
"962","PCDHA1","protein_coding"
"963","BMP4","protein_coding"
"964","PCDHA2","protein_coding"
"965","PCDHA3","protein_coding"
"966","XKR7","protein_coding"
"967","PCDHA4","protein_coding"
"968","PCDHA5","protein_coding"
"969","PCDHA6","protein_coding"
"970","PCDHA7","protein_coding"
"971","CCM2L","protein_coding"
"972","PCDHA8","protein_coding"
"973","PCDHA9","protein_coding"
"974","PCDHA10","protein_coding"
"975","PCDHA11","protein_coding"
"976","PCDHA12","protein_coding"
"977","ANKRD36B","protein_coding"
"978","PLAGL2","protein_coding"
"979","PIP4K2A","protein_coding"
"980","PCDHA13","protein_coding"
"981","PCDHAC2","protein_coding"
"982","PCDHB1","protein_coding"
"983","PCDHAC1","protein_coding"
"984","MAPRE1","protein_coding"
"985","RELCH","protein_coding"
"986","ZAP70","protein_coding"
"987","SRSF5","protein_coding"
"988","PCDHB2","protein_coding"
"989","PROCR","protein_coding"
"990","PCDHB4","protein_coding"
"991","PCDHB5","protein_coding"
"992","MAGEB10","protein_coding"
"993","PCDHB6","protein_coding"
"994","MMP24OS","protein_coding"
"995","PCDHB7","protein_coding"
"996","PCDHB8","protein_coding"
"997","HBP1","protein_coding"
"998","PCDHB16","protein_coding"
"999","SPECC1L","protein_coding"
"1000","ITIH6","protein_coding"
"1001","PCDHB9","protein_coding"
"1002","PCDHB10","protein_coding"
"1003","PCDHB11","protein_coding"
"1004","PCDHB12","protein_coding"
"1005","C10orf67","protein_coding"
"1006","PCDHB13","protein_coding"
"1007","PCDHB14","protein_coding"
"1008","MMP24","protein_coding"
"1009","PCDHB15","protein_coding"
"1010","C1QTNF9","protein_coding"
"1011","PCDHB3","protein_coding"
"1012","PTCHD1","protein_coding"
"1013","MALRD1","protein_coding"
"1014","LRRC63","protein_coding"
"1015","SYAP1","protein_coding"
"1016","FAM83C","protein_coding"
"1017","PCDH20","protein_coding"
"1018","SAP18","protein_coding"
"1019","MTMR8","protein_coding"
"1020","ST8SIA6","protein_coding"
"1021","DSN1","protein_coding"
"1022","MKX","protein_coding"
"1023","CCDC33","protein_coding"
"1024","ATP12A","protein_coding"
"1025","FUT8","protein_coding"
"1026","CDKL5","protein_coding"
"1027","ZNF532","protein_coding"
"1028","GDF2","protein_coding"
"1029","COG5","protein_coding"
"1030","ODAD2","protein_coding"
"1031","RNF17","protein_coding"
"1032","CYP11A1","protein_coding"
"1033","SPECC1L-ADORA2A","protein_coding"
"1034","ADORA2A","protein_coding"
"1035","SEMA7A","protein_coding"
"1036","UPB1","protein_coding"
"1037","ARHGEF7","protein_coding"
"1038","C18orf32","protein_coding"
"1039","ZBTB46","protein_coding"
"1040","GPR22","protein_coding"
"1041","ITGA8","protein_coding"
"1042","APCDD1","protein_coding"
"1043","DUS4L","protein_coding"
"1044","GDAP1L1","protein_coding"
"1045","SNRPD3","protein_coding"
"1046","NAPG","protein_coding"
"1047","UBL7","protein_coding"
"1048","SIK1","protein_coding"
"1049","OR4M2","protein_coding"
"1050","OR4N4","protein_coding"
"1051","POTEB","protein_coding"
"1052","SLC39A12","protein_coding"
"1053","NIPA1","protein_coding"
"1054","LRRC75B","protein_coding"
"1055","CYFIP1","protein_coding"
"1056","HSF2BP","protein_coding"
"1057","GOLGA6L1","protein_coding"
"1058","NAA30","protein_coding"
"1059","MYL9","protein_coding"
"1060","GOLGA8DP","protein_coding"
"1061","BCAP29","protein_coding"
"1062","CLEC14A","protein_coding"
"1063","H2BC12L","protein_coding"
"1064","TGIF2","protein_coding"
"1065","CFAP47","protein_coding"
"1066","DNMT3L","protein_coding"
"1067","GGT1","protein_coding"
"1068","SOCS6","protein_coding"
"1069","MAGEL2","protein_coding"
"1070","NDN","protein_coding"
"1071","TGIF2-RAB5IF","protein_coding"
"1072","SNRPD1","protein_coding"
"1073","ZFAND4","protein_coding"
"1074","SLA2","protein_coding"
"1075","GOLGA6L6","protein_coding"
"1076","ABHD3","protein_coding"
"1077","RGS6","protein_coding"
"1078","POTEB2","protein_coding"
"1079","MRPS26","protein_coding"
"1080","AIRE","protein_coding"
"1081","OXT","protein_coding"
"1082","AVP","protein_coding"
"1083","FAM236B","protein_coding"
"1084","POTEB3","protein_coding"
"1085","NDP","protein_coding"
"1086","UBOX5","protein_coding"
"1087","KDSR","protein_coding"
"1088","YY2","protein_coding"
"1089","OR4M2B","protein_coding"
"1090","OR4N4C","protein_coding"
"1091","DYNLT3","protein_coding"
"1092","PFKL","protein_coding"
"1093","DDRGK1","protein_coding"
"1094","MYO3A","protein_coding"
"1095","AKAP4","protein_coding"
"1096","ITPA","protein_coding"
"1097","VPS4B","protein_coding"
"1098","LIAT1","protein_coding"
"1099","ADAMTSL3","protein_coding"
"1100","VPS53","protein_coding"
"1101","MAOB","protein_coding"
"1102","SH3GL3","protein_coding"
"1103","SERPINB5","protein_coding"
"1104","ZSCAN2","protein_coding"
"1105","COX4I2","protein_coding"
"1106","WDR73","protein_coding"
"1107","VSIG4","protein_coding"
"1108","BCL2","protein_coding"
"1109","TPX2","protein_coding"
"1110","ANKRD62","protein_coding"
"1111","NMB","protein_coding"
"1112","MSRB2","protein_coding"
"1113","CFAP410","protein_coding"
"1114","PTF1A","protein_coding"
"1115","CIDEA","protein_coding"
"1116","PRTFDC1","protein_coding"
"1117","RNF135","protein_coding"
"1118","OMG","protein_coding"
"1119","EVI2B","protein_coding"
"1120","CDK8","protein_coding"
"1121","JADE3","protein_coding"
"1122","LRRC3","protein_coding"
"1123","TSPEAR","protein_coding"
"1124","TUBB6","protein_coding"
"1125","ENKUR","protein_coding"
"1126","DNAJC1","protein_coding"
"1127","FOXR2","protein_coding"
"1128","KRTAP10-1","protein_coding"
"1129","KRTAP10-2","protein_coding"
"1130","MYLK2","protein_coding"
"1131","KRTAP10-3","protein_coding"
"1132","SLC9A7","protein_coding"
"1133","KRTAP10-5","protein_coding"
"1134","KRTAP10-6","protein_coding"
"1135","KRTAP10-7","protein_coding"
"1136","KRTAP10-8","protein_coding"
"1137","KRTAP10-10","protein_coding"
"1138","KRTAP10-11","protein_coding"
"1139","KRTAP12-4","protein_coding"
"1140","KRTAP12-3","protein_coding"
"1141","KRTAP12-2","protein_coding"
"1142","KRTAP12-1","protein_coding"
"1143","UBE2G2","protein_coding"
"1144","PHYHIPL","protein_coding"
"1145","TAFA5","protein_coding"
"1146","CFAP97D2","protein_coding"
"1147","FOXS1","protein_coding"
"1148","BCL2L1","protein_coding"
"1149","CDC16","protein_coding"
"1150","RBP3","protein_coding"
"1151","MAPK1","protein_coding"
"1152","MAGEH1","protein_coding"
"1153","DGKK","protein_coding"
"1154","FAM210A","protein_coding"
"1155","PTTG1IP","protein_coding"
"1156","KIZ","protein_coding"
"1157","ARHGAP12","protein_coding"
"1158","POFUT2","protein_coding"
"1159","RNMT","protein_coding"
"1160","PIR","protein_coding"
"1161","MTMR3","protein_coding"
"1162","RFLNB","protein_coding"
"1163","OVOL2","protein_coding"
"1164","PTPN21","protein_coding"
"1165","EDA2R","protein_coding"
"1166","MGME1","protein_coding"
"1167","PET117","protein_coding"
"1168","EMILIN2","protein_coding"
"1169","LAMP5","protein_coding"
"1170","SYNDIG1L","protein_coding"
"1171","CYSLTR1","protein_coding"
"1172","PCBP3","protein_coding"
"1173","TMX1","protein_coding"
"1174","UPF3A","protein_coding"
"1175","MYL12A","protein_coding"
"1176","PSMF1","protein_coding"
"1177","ATP6AP2","protein_coding"
"1178","SEL1L2","protein_coding"
"1179","SNPH","protein_coding"
"1180","CHAMP1","protein_coding"
"1181","MYL12B","protein_coding"
"1182","RTRAF","protein_coding"
"1183","NDFIP2","protein_coding"
"1184","SDCBP2","protein_coding"
"1185","DSC3","protein_coding"
"1186","UBE2D1","protein_coding"
"1187","GDF10","protein_coding"
"1188","AKAP6","protein_coding"
"1189","ZNF33B","protein_coding"
"1190","DSC1","protein_coding"
"1191","TMPRSS2","protein_coding"
"1192","SIRPB2","protein_coding"
"1193","SIRPD","protein_coding"
"1194","DSG1","protein_coding"
"1195","NRP1","protein_coding"
"1196","DOCK9","protein_coding"
"1197","SNX21","protein_coding"
"1198","PSMA8","protein_coding"
"1199","SSTR1","protein_coding"
"1200","CEP128","protein_coding"
"1201","MYO18B","protein_coding"
"1202","ZNF558","protein_coding"
"1203","ZSWIM3","protein_coding"
"1204","PLTP","protein_coding"
"1205","MBD3L1","protein_coding"
"1206","MUC16","protein_coding"
"1207","PPP4R1","protein_coding"
"1208","PCIF1","protein_coding"
"1209","MX1","protein_coding"
"1210","ARMH4","protein_coding"
"1211","ZNF335","protein_coding"
"1212","RCL1","protein_coding"
"1213","NRDE2","protein_coding"
"1214","HSF1","protein_coding"
"1215","MMP9","protein_coding"
"1216","NFATC1","protein_coding"
"1217","FKBP1A","protein_coding"
"1218","HSPH1","protein_coding"
"1219","COL3A1","protein_coding"
"1220","CCDC85C","protein_coding"
"1221","SLC16A2","protein_coding"
"1222","BRD10","protein_coding"
"1223","DGAT1","protein_coding"
"1224","MX2","protein_coding"
"1225","SLC4A11","protein_coding"
"1226","MAGED2","protein_coding"
"1227","PLXDC2","protein_coding"
"1228","CNTLN","protein_coding"
"1229","MOK","protein_coding"
"1230","LCA5L","protein_coding"
"1231","SGSM3","protein_coding"
"1232","TMEM215","protein_coding"
"1233","KLF8","protein_coding"
"1234","DMRTA1","protein_coding"
"1235","MRLN","protein_coding"
"1236","HAUS6","protein_coding"
"1237","SCRT1","protein_coding"
"1238","JCAD","protein_coding"
"1239","TMEM249","protein_coding"
"1240","NECAB3","protein_coding"
"1241","XAGE2","protein_coding"
"1242","SPAG6","protein_coding"
"1243","FBXL6","protein_coding"
"1244","FGF16","protein_coding"
"1245","SLC5A11","protein_coding"
"1246","CPXCR1","protein_coding"
"1247","OR4F4","protein_coding"
"1248","ATP5PF","protein_coding"
"1249","B3GLCT","protein_coding"
"1250","PSIP1","protein_coding"
"1251","ZDHHC20","protein_coding"
"1252","HDAC8","protein_coding"
"1253","ADCK5","protein_coding"
"1254","MBNL2","protein_coding"
"1255","MORC2","protein_coding"
"1256","MARCHF8","protein_coding"
"1257","DKK1","protein_coding"
"1258","SPATC1L","protein_coding"
"1259","LSS","protein_coding"
"1260","CPSF1","protein_coding"
"1261","KIF5B","protein_coding"
"1262","PSMC1","protein_coding"
"1263","F7","protein_coding"
"1264","CCDC102B","protein_coding"
"1265","C20orf144","protein_coding"
"1266","E2F1","protein_coding"
"1267","INPP5D","protein_coding"
"1268","ATG2B","protein_coding"
"1269","APTX","protein_coding"
"1270","F10","protein_coding"
"1271","PXMP4","protein_coding"
"1272","DGCR6","protein_coding"
"1273","LAMA3","protein_coding"
"1274","CHMP4B","protein_coding"
"1275","EIF6","protein_coding"
"1276","RPS6KA5","protein_coding"
"1277","PROZ","protein_coding"
"1278","ARHGAP17","protein_coding"
"1279","DNAL4","protein_coding"
"1280","NMT2","protein_coding"
"1281","FTCD","protein_coding"
"1282","RAB40C","protein_coding"
"1283","CBX6","protein_coding"
"1284","PCID2","protein_coding"
"1285","SLC39A4","protein_coding"
"1286","PCNA","protein_coding"
"1287","APOBEC3B","protein_coding"
"1288","CDS2","protein_coding"
"1289","NHLRC4","protein_coding"
"1290","GET4","protein_coding"
"1291","AK7","protein_coding"
"1292","VPS28","protein_coding"
"1293","APOBEC3C","protein_coding"
"1294","CCAR1","protein_coding"
"1295","PROKR2","protein_coding"
"1296","GOLGA5","protein_coding"
"1297","HLCS","protein_coding"
"1298","ATG16L1","protein_coding"
"1299","SNX5","protein_coding"
"1300","FAM234A","protein_coding"
"1301","APOBEC3F","protein_coding"
"1302","INTS1","protein_coding"
"1303","KCNE1","protein_coding"
"1304","APOBEC3G","protein_coding"
"1305","COL6A1","protein_coding"
"1306","TMEM260","protein_coding"
"1307","TAB1","protein_coding"
"1308","COMMD7","protein_coding"
"1309","RADIL","protein_coding"
"1310","MGAT3","protein_coding"
"1311","PAK5","protein_coding"
"1312","OLIG2","protein_coding"
"1313","MIEF1","protein_coding"
"1314","CUL4A","protein_coding"
"1315","OLIG1","protein_coding"
"1316","SLC52A2","protein_coding"
"1317","TFF3","protein_coding"
"1318","MEOX2","protein_coding"
"1319","PIGG","protein_coding"
"1320","GNRH2","protein_coding"
"1321","BDKRB1","protein_coding"
"1322","POTED","protein_coding"
"1323","BANF2","protein_coding"
"1324","CDCA4","protein_coding"
"1325","CCDC171","protein_coding"
"1326","CTSZ","protein_coding"
"1327","UMODL1","protein_coding"
"1328","MEF2D","protein_coding"
"1329","FOXK1","protein_coding"
"1330","IQGAP3","protein_coding"
"1331","LGMN","protein_coding"
"1332","TTC24","protein_coding"
"1333","UPRT","protein_coding"
"1334","RPS19BP1","protein_coding"
"1335","HAPLN2","protein_coding"
"1336","GPATCH4","protein_coding"
"1337","OR4K2","protein_coding"
"1338","OR4K5","protein_coding"
"1339","OR4K1","protein_coding"
"1340","OR4K15","protein_coding"
"1341","SUN1","protein_coding"
"1342","OR8U1","protein_coding"
"1343","SLC25A18","protein_coding"
"1344","OR4K14","protein_coding"
"1345","OR8U3","protein_coding"
"1346","OR4K13","protein_coding"
"1347","OR4L1","protein_coding"
"1348","OR5M9","protein_coding"
"1349","OR5M3","protein_coding"
"1350","OR4K17","protein_coding"
"1351","OR4N5","protein_coding"
"1352","OR11G2","protein_coding"
"1353","OR5M8","protein_coding"
"1354","OR11H6","protein_coding"
"1355","OR11H4","protein_coding"
"1356","TTC5","protein_coding"
"1357","SH3GL2","protein_coding"
"1358","CCNB1IP1","protein_coding"
"1359","PARP2","protein_coding"
"1360","HDX","protein_coding"
"1361","ATP4B","protein_coding"
"1362","LURAP1L","protein_coding"
"1363","ATP6V1E1","protein_coding"
"1364","TEP1","protein_coding"
"1365","TOP1","protein_coding"
"1366","MCF2L","protein_coding"
"1367","NFX1","protein_coding"
"1368","KLHL33","protein_coding"
"1369","OSGEP","protein_coding"
"1370","ZNF496","protein_coding"
"1371","ZWINT","protein_coding"
"1372","PABPC5","protein_coding"
"1373","APEX1","protein_coding"
"1374","PABPC1L2A","protein_coding"
"1375","ARL13A","protein_coding"
"1376","VN1R5","protein_coding"
"1377","USP25","protein_coding"
"1378","PIP4P1","protein_coding"
"1379","SAG","protein_coding"
"1380","PNP","protein_coding"
"1381","PRNP","protein_coding"
"1382","CCNK","protein_coding"
"1383","BRWD3","protein_coding"
"1384","RNASE10","protein_coding"
"1385","AXIN1","protein_coding"
"1386","OR4K3","protein_coding"
"1387","PRND","protein_coding"
"1388","NUTM2A","protein_coding"
"1389","RASSF2","protein_coding"
"1390","BCL2L13","protein_coding"
"1391","OR4Q2","protein_coding"
"1392","OR11H7","protein_coding"
"1393","GNAL","protein_coding"
"1394","TCEAL2","protein_coding"
"1395","BEX5","protein_coding"
"1396","TCEAL6","protein_coding"
"1397","ELAVL2","protein_coding"
"1398","SLC2A9","protein_coding"
"1399","ANXA11","protein_coding"
"1400","CLBA1","protein_coding"
"1401","FCER1A","protein_coding"
"1402","OR10J1","protein_coding"
"1403","NFS1","protein_coding"
"1404","OR10J3","protein_coding"
"1405","OR10J4","protein_coding"
"1406","EDA","protein_coding"
"1407","SETD3","protein_coding"
"1408","GRHPR","protein_coding"
"1409","ABCA3","protein_coding"
"1410","CHM","protein_coding"
"1411","DHX15","protein_coding"
"1412","PFDN5","protein_coding"
"1413","KRTAP8-1","protein_coding"
"1414","KRTAP7-1","protein_coding"
"1415","RNF138","protein_coding"
"1416","KRTAP11-1","protein_coding"
"1417","KRTAP19-8","protein_coding"
"1418","MICAL3","protein_coding"
"1419","SOD1","protein_coding"
"1420","MYG1","protein_coding"
"1421","POF1B","protein_coding"
"1422","AAAS","protein_coding"
"1423","MINPP1","protein_coding"
"1424","ZNF595","protein_coding"
"1425","MEP1B","protein_coding"
"1426","DOP1B","protein_coding"
"1427","SP7","protein_coding"
"1428","KLHL4","protein_coding"
"1429","PAX5","protein_coding"
"1430","AHNAK2","protein_coding"
"1431","ROMO1","protein_coding"
"1432","TFAM","protein_coding"
"1433","PNLIPRP1","protein_coding"
"1434","LOXHD1","protein_coding"
"1435","ICA1","protein_coding"
"1436","CPZ","protein_coding"
"1437","TTC7B","protein_coding"
"1438","SPMIP5","protein_coding"
"1439","SLC25A26","protein_coding"
"1440","PNLIPRP2","protein_coding"
"1441","RBM39","protein_coding"
"1442","DLEU7","protein_coding"
"1443","GRID1","protein_coding"
"1444","MAGEE1","protein_coding"
"1445","EDNRB","protein_coding"
"1446","RTL3","protein_coding"
"1447","GPRC5C","protein_coding"
"1448","STK32B","protein_coding"
"1449","ERVH48-1","protein_coding"
"1450","CD300A","protein_coding"
"1451","MYOF","protein_coding"
"1452","TBX22","protein_coding"
"1453","CD300LB","protein_coding"
"1454","LIPI","protein_coding"
"1455","CD300C","protein_coding"
"1456","CD300LD","protein_coding"
"1457","CD300H","protein_coding"
"1458","KRTAP10-9","protein_coding"
"1459","ERG","protein_coding"
"1460","OR52J3","protein_coding"
"1461","OR52E2","protein_coding"
"1462","TGIF2LX","protein_coding"
"1463","GPR68","protein_coding"
"1464","NBDY","protein_coding"
"1465","SMIM22","protein_coding"
"1466","SLAIN1","protein_coding"
"1467","KCNK13","protein_coding"
"1468","SH3BGRL","protein_coding"
"1469","MSX1","protein_coding"
"1470","TDP1","protein_coding"
"1471","CYTL1","protein_coding"
"1472","RPA3","protein_coding"
"1473","RTTN","protein_coding"
"1474","TRMT2B","protein_coding"
"1475","TRMT44","protein_coding"
"1476","TMEM204","protein_coding"
"1477","KRTAP10-4","protein_coding"
"1478","NXPH1","protein_coding"
"1479","TRPM2","protein_coding"
"1480","PAPOLB","protein_coding"
"1481","C1GALT1","protein_coding"
"1482","HHEX","protein_coding"
"1483","ANKS3","protein_coding"
"1484","KL","protein_coding"
"1485","CCSER2","protein_coding"
"1486","DRD5","protein_coding"
"1487","STARD13","protein_coding"
"1488","AP5Z1","protein_coding"
"1489","TEX13B","protein_coding"
"1490","LDB2","protein_coding"
"1491","MAGEE2","protein_coding"
"1492","SLC6A14","protein_coding"
"1493","XK","protein_coding"
"1494","REEP3","protein_coding"
"1495","NLRP2B","protein_coding"
"1496","ARHGAP19-SLIT1","protein_coding"
"1497","ARHGAP6","protein_coding"
"1498","TLL2","protein_coding"
"1499","TRMU","protein_coding"
"1500","NDUFA4","protein_coding"
"1501","RPL10L","protein_coding"
"1502","GNAQ","protein_coding"
"1503","ACTR10","protein_coding"
"1504","NRBF2","protein_coding"
"1505","SCIN","protein_coding"
"1506","EBPL","protein_coding"
"1507","CYP2C19","protein_coding"
"1508","CNMD","protein_coding"
"1509","SLC28A3","protein_coding"
"1510","CYP26C1","protein_coding"
"1511","ADGRA3","protein_coding"
"1512","PIK3AP1","protein_coding"
"1513","PCDH8","protein_coding"
"1514","IGSF5","protein_coding"
"1515","MICALL2","protein_coding"
"1516","MLXIP","protein_coding"
"1517","FOXB2","protein_coding"
"1518","DACH1","protein_coding"
"1519","PGM5","protein_coding"
"1520","SERPINB13","protein_coding"
"1521","UNKL","protein_coding"
"1522","EIF3K","protein_coding"
"1523","ATG4A","protein_coding"
"1524","GSKIP","protein_coding"
"1525","B3GALT5","protein_coding"
"1526","PSAT1","protein_coding"
"1527","SERPINB4","protein_coding"
"1528","MCM3AP","protein_coding"
"1529","GPR78","protein_coding"
"1530","ARL11","protein_coding"
"1531","FGF14","protein_coding"
"1532","ARL4A","protein_coding"
"1533","RASEF","protein_coding"
"1534","PRPS1L1","protein_coding"
"1535","KTN1","protein_coding"
"1536","POGLUT2","protein_coding"
"1537","GRAMD4","protein_coding"
"1538","CPVL","protein_coding"
"1539","C4orf19","protein_coding"
"1540","SERPINB11","protein_coding"
"1541","NMRK1","protein_coding"
"1542","ARHGDIG","protein_coding"
"1543","TBC1D19","protein_coding"
"1544","CELSR1","protein_coding"
"1545","PAN3","protein_coding"
"1546","ACTN4","protein_coding"
"1547","SERPINB3","protein_coding"
"1548","IFT140","protein_coding"
"1549","POLR1E","protein_coding"
"1550","AWAT2","protein_coding"
"1551","YBEY","protein_coding"
"1552","PSMD10","protein_coding"
"1553","FLT1","protein_coding"
"1554","DYNAP","protein_coding"
"1555","GOLM1","protein_coding"
"1556","C21orf58","protein_coding"
"1557","NOL4","protein_coding"
"1558","LRCH2","protein_coding"
"1559","GSDME","protein_coding"
"1560","BID","protein_coding"
"1561","CPNE1","protein_coding"
"1562","LGALS4","protein_coding"
"1563","FUNDC1","protein_coding"
"1564","CCNB3","protein_coding"
"1565","GLYR1","protein_coding"
"1566","KLLN","protein_coding"
"1567","TUT7","protein_coding"
"1568","ECH1","protein_coding"
"1569","PTEN","protein_coding"
"1570","POU3F4","protein_coding"
"1571","FAM236C","protein_coding"
"1572","GART","protein_coding"
"1573","NUFIP1","protein_coding"
"1574","P2RY10","protein_coding"
"1575","PPARGC1A","protein_coding"
"1576","EPB41L3","protein_coding"
"1577","PARVB","protein_coding"
"1578","OSBPL3","protein_coding"
"1579","GPALPP1","protein_coding"
"1580","KRBOX4","protein_coding"
"1581","GTF2F2","protein_coding"
"1582","HNRNPL","protein_coding"
"1583","EFNB1","protein_coding"
"1584","KCTD4","protein_coding"
"1585","TPT1","protein_coding"
"1586","PPP1R2C","protein_coding"
"1587","CYLC1","protein_coding"
"1588","TYRP1","protein_coding"
"1589","RIPPLY1","protein_coding"
"1590","CDIP1","protein_coding"
"1591","RNF139","protein_coding"
"1592","TATDN1","protein_coding"
"1593","CXorf38","protein_coding"
"1594","GNA14","protein_coding"
"1595","ZFAND5","protein_coding"
"1596","SLC25A30","protein_coding"
"1597","ZC3H7B","protein_coding"
"1598","DCAF8L1","protein_coding"
"1599","RINL","protein_coding"
"1600","SPIN4","protein_coding"
"1601","DCAF12L2","protein_coding"
"1602","SQSTM1","protein_coding"
"1603","OTUD6A","protein_coding"
"1604","THOC2","protein_coding"
"1605","RUFY1","protein_coding"
"1606","SIRT2","protein_coding"
"1607","TEF","protein_coding"
"1608","MED10","protein_coding"
"1609","UBE2QL1","protein_coding"
"1610","PHF5A","protein_coding"
"1611","PABPC3","protein_coding"
"1612","AMER2","protein_coding"
"1613","SLIT2","protein_coding"
"1614","ICE1","protein_coding"
"1615","MTMR6","protein_coding"
"1616","ZBTB5","protein_coding"
"1617","NAA35","protein_coding"
"1618","POLR3H","protein_coding"
"1619","ADCY9","protein_coding"
"1620","TM9SF2","protein_coding"
"1621","ADAMTS16","protein_coding"
"1622","FOXD4L3","protein_coding"
"1623","SYT8","protein_coding"
"1624","DONSON","protein_coding"
"1625","CARD19","protein_coding"
"1626","IFNL3","protein_coding"
"1627","IFNL2","protein_coding"
"1628","IFNL1","protein_coding"
"1629","LRFN1","protein_coding"
"1630","GMFG","protein_coding"
"1631","SOHLH2","protein_coding"
"1632","IFNL4","protein_coding"
"1633","OSTF1","protein_coding"
"1634","PMM1","protein_coding"
"1635","CCDC169-SOHLH2","protein_coding"
"1636","ZNF500","protein_coding"
"1637","ITM2A","protein_coding"
"1638","CBY3","protein_coding"
"1639","FRMD3","protein_coding"
"1640","DIPK1C","protein_coding"
"1641","FASTKD3","protein_coding"
"1642","CANX","protein_coding"
"1643","TNNI2","protein_coding"
"1644","SLC24A3","protein_coding"
"1645","TIMM21","protein_coding"
"1646","HS3ST4","protein_coding"
"1647","CCDC169","protein_coding"
"1648","GBA3","protein_coding"
"1649","DESI1","protein_coding"
"1650","LUZP4","protein_coding"
"1651","CREBBP","protein_coding"
"1652","TMEM50B","protein_coding"
"1653","MAFB","protein_coding"
"1654","SPANXB1","protein_coding"
"1655","LPIN3","protein_coding"
"1656","C18orf63","protein_coding"
"1657","MAGEC2","protein_coding"
"1658","ADCY2","protein_coding"
"1659","LSP1","protein_coding"
"1660","XRCC6","protein_coding"
"1661","CYB5A","protein_coding"
"1662","SLITRK4","protein_coding"
"1663","GADD45G","protein_coding"
"1664","NAP1L2","protein_coding"
"1665","HTATSF1","protein_coding"
"1666","IL10RB","protein_coding"
"1667","NFKBIB","protein_coding"
"1668","TMOD1","protein_coding"
"1669","CHD6","protein_coding"
"1670","MSRB1","protein_coding"
"1671","RPL3L","protein_coding"
"1672","DTNA","protein_coding"
"1673","NDUFB10","protein_coding"
"1674","ZNF25","protein_coding"
"1675","RPS2","protein_coding"
"1676","SNX13","protein_coding"
"1677","RNF151","protein_coding"
"1678","TFDP3","protein_coding"
"1679","CCER2","protein_coding"
"1680","TBL3","protein_coding"
"1681","MARCHF5","protein_coding"
"1682","DCLK1","protein_coding"
"1683","SARS2","protein_coding"
"1684","IGBP1","protein_coding"
"1685","IFNGR2","protein_coding"
"1686","NOXO1","protein_coding"
"1687","GFER","protein_coding"
"1688","MARCHF11","protein_coding"
"1689","SYNGR3","protein_coding"
"1690","CPEB3","protein_coding"
"1691","NPW","protein_coding"
"1692","ZNF598","protein_coding"
"1693","SPANXN3","protein_coding"
"1694","FERRY3","protein_coding"
"1695","TEX10","protein_coding"
"1696","CT47A12","protein_coding"
"1697","SEMA5A","protein_coding"
"1698","SLPI","protein_coding"
"1699","WDR44","protein_coding"
"1700","EXOC6","protein_coding"
"1701","WFDC2","protein_coding"
"1702","EFCAB11","protein_coding"
"1703","VPS26C","protein_coding"
"1704","MRPS31","protein_coding"
"1705","SPINT3","protein_coding"
"1706","EPPIN-WFDC6","protein_coding"
"1707","GRIN3A","protein_coding"
"1708","SLC25A15","protein_coding"
"1709","EPPIN","protein_coding"
"1710","RGS11","protein_coding"
"1711","MAML1","protein_coding"
"1712","KCNA5","protein_coding"
"1713","CMC2","protein_coding"
"1714","WFDC3","protein_coding"
"1715","CYLC2","protein_coding"
"1716","TTC3","protein_coding"
"1717","LTC4S","protein_coding"
"1718","MAB21L1","protein_coding"
"1719","KLHL7","protein_coding"
"1720","SERP2","protein_coding"
"1721","MYO10","protein_coding"
"1722","CENPN","protein_coding"
"1723","TSC22D1","protein_coding"
"1724","MFAP5","protein_coding"
"1725","TMEM38B","protein_coding"
"1726","ATMIN","protein_coding"
"1727","MRPS12","protein_coding"
"1728","C16orf46","protein_coding"
"1729","PWWP3B","protein_coding"
"1730","BARX1","protein_coding"
"1731","GCSH","protein_coding"
"1732","MGAT4B","protein_coding"
"1733","FBXO17","protein_coding"
"1734","ACOD1","protein_coding"
"1735","BRS3","protein_coding"
"1736","DNTTIP1","protein_coding"
"1737","BICC1","protein_coding"
"1738","GPC6","protein_coding"
"1739","NINJ1","protein_coding"
"1740","ASB12","protein_coding"
"1741","CT47A11","protein_coding"
"1742","LGALS7B","protein_coding"
"1743","DCT","protein_coding"
"1744","AMER1","protein_coding"
"1745","DAD1","protein_coding"
"1746","LGALS7","protein_coding"
"1747","ZIC3","protein_coding"
"1748","SEL1L3","protein_coding"
"1749","SPANXC","protein_coding"
"1750","OXA1L","protein_coding"
"1751","AHR","protein_coding"
"1752","SPANXN1","protein_coding"
"1753","SNU13","protein_coding"
"1754","BTRC","protein_coding"
"1755","VPS13A","protein_coding"
"1756","MAGEC3","protein_coding"
"1757","TGDS","protein_coding"
"1758","UBE2C","protein_coding"
"1759","HSFX1","protein_coding"
"1760","HSCB","protein_coding"
"1761","GPR180","protein_coding"
"1762","CMC4","protein_coding"
"1763","PRR33","protein_coding"
"1764","RPN2","protein_coding"
"1765","TNNT3","protein_coding"
"1766","SOX21","protein_coding"
"1767","GHRH","protein_coding"
"1768","TWIST1","protein_coding"
"1769","MAGEA8","protein_coding"
"1770","MANBAL","protein_coding"
"1771","ABCC4","protein_coding"
"1772","MALSU1","protein_coding"
"1773","SRC","protein_coding"
"1774","IDS","protein_coding"
"1775","LRP10","protein_coding"
"1776","NOD1","protein_coding"
"1777","PTCHD3","protein_coding"
"1778","MROH8","protein_coding"
"1779","COMT","protein_coding"
"1780","COMMD8","protein_coding"
"1781","ITGB2","protein_coding"
"1782","MGRN1","protein_coding"
"1783","REM2","protein_coding"
"1784","CLEC4E","protein_coding"
"1785","DNTT","protein_coding"
"1786","TNNC2","protein_coding"
"1787","SP4","protein_coding"
"1788","MRNIP","protein_coding"
"1789","SLAIN2","protein_coding"
"1790","ZSWIM1","protein_coding"
"1791","RBM23","protein_coding"
"1792","CSE1L","protein_coding"
"1793","RIMKLB","protein_coding"
"1794","ITGB8","protein_coding"
"1795","FAM171A1","protein_coding"
"1796","OCIAD2","protein_coding"
"1797","ETV6","protein_coding"
"1798","CT47A7","protein_coding"
"1799","LDOC1","protein_coding"
"1800","C1GALT1C1","protein_coding"
"1801","ZNF33A","protein_coding"
"1802","MTCP1","protein_coding"
"1803","CT47B1","protein_coding"
"1804","CLEC1A","protein_coding"
"1805","CT47A6","protein_coding"
"1806","IGF2BP3","protein_coding"
"1807","MTRR","protein_coding"
"1808","CT47A5","protein_coding"
"1809","CT47A4","protein_coding"
"1810","CT47A3","protein_coding"
"1811","CT47A2","protein_coding"
"1812","CT47A1","protein_coding"
"1813","STAU1","protein_coding"
"1814","GLUD2","protein_coding"
"1815","MAGEA11","protein_coding"
"1816","CLEC9A","protein_coding"
"1817","GPR50","protein_coding"
"1818","PASD1","protein_coding"
"1819","RELL1","protein_coding"
"1820","GSTO1","protein_coding"
"1821","ARVCF","protein_coding"
"1822","OR13A1","protein_coding"
"1823","ALOX5","protein_coding"
"1824","IGSF1","protein_coding"
"1825","WDR19","protein_coding"
"1826","CSTF2T","protein_coding"
"1827","TBC1D9B","protein_coding"
"1828","ARHGAP19","protein_coding"
"1829","RAMP3","protein_coding"
"1830","CFAP90","protein_coding"
"1831","CDCA7L","protein_coding"
"1832","FBXL7","protein_coding"
"1833","CLDN10","protein_coding"
"1834","GDF3","protein_coding"
"1835","SPEF2","protein_coding"
"1836","DZIP1","protein_coding"
"1837","DPCD","protein_coding"
"1838","OLR1","protein_coding"
"1839","SLCO4A1","protein_coding"
"1840","KRTAP26-1","protein_coding"
"1841","KRTAP27-1","protein_coding"
"1842","KRTAP13-2","protein_coding"
"1843","KRTAP13-1","protein_coding"
"1844","KRTAP15-1","protein_coding"
"1845","KRTAP19-1","protein_coding"
"1846","KRTAP19-2","protein_coding"
"1847","KRTAP19-3","protein_coding"
"1848","KRTAP19-4","protein_coding"
"1849","KRTAP19-5","protein_coding"
"1850","TANGO2","protein_coding"
"1851","KRTAP19-6","protein_coding"
"1852","KRTAP19-7","protein_coding"
"1853","KRTAP22-2","protein_coding"
"1854","KRTAP6-3","protein_coding"
"1855","KRTAP22-1","protein_coding"
"1856","HS3ST1","protein_coding"
"1857","KRTAP20-1","protein_coding"
"1858","ABCA13","protein_coding"
"1859","KRTAP20-4","protein_coding"
"1860","KRTAP20-2","protein_coding"
"1861","KRTAP20-3","protein_coding"
"1862","NTSR1","protein_coding"
"1863","ZNF718","protein_coding"
"1864","KRTAP21-3","protein_coding"
"1865","KRTAP21-2","protein_coding"
"1866","KRTAP21-1","protein_coding"
"1867","KRTAP23-1","protein_coding"
"1868","KRTAP13-3","protein_coding"
"1869","SCNN1G","protein_coding"
"1870","MRGBP","protein_coding"
"1871","POLL","protein_coding"
"1872","OR5P2","protein_coding"
"1873","TIAM1","protein_coding"
"1874","CLEC4D","protein_coding"
"1875","OR5P3","protein_coding"
"1876","DNAJC3","protein_coding"
"1877","OGFR","protein_coding"
"1878","OR10A6","protein_coding"
"1879","OR10A3","protein_coding"
"1880","NLRP10","protein_coding"
"1881","PRMT5","protein_coding"
"1882","GABRB1","protein_coding"
"1883","MRPL23","protein_coding"
"1884","HNRNPH1","protein_coding"
"1885","UGGT2","protein_coding"
"1886","HS3ST2","protein_coding"
"1887","COL9A3","protein_coding"
"1888","TMC7","protein_coding"
"1889","RAD23B","protein_coding"
"1890","CORIN","protein_coding"
"1891","PTPRO","protein_coding"
"1892","LMX1B","protein_coding"
"1893","PNMA6F","protein_coding"
"1894","EOLA2","protein_coding"
"1895","SERPINB12","protein_coding"
"1896","ZFR","protein_coding"
"1897","DSEL","protein_coding"
"1898","TNRC6A","protein_coding"
"1899","HS6ST3","protein_coding"
"1900","PRELID3A","protein_coding"
"1901","FUNDC2","protein_coding"
"1902","DAPK1","protein_coding"
"1903","SH3BGR","protein_coding"
"1904","FAM204A","protein_coding"
"1905","TCFL5","protein_coding"
"1906","KLF12","protein_coding"
"1907","CCNA1","protein_coding"
"1908","DIDO1","protein_coding"
"1909","SLC66A2","protein_coding"
"1910","EOLA1","protein_coding"
"1911","GATD3","protein_coding"
"1912","TUBA3C","protein_coding"
"1913","CREB5","protein_coding"
"1914","FBXW4","protein_coding"
"1915","SPRYD7","protein_coding"
"1916","SLC38A9","protein_coding"
"1917","RAB12","protein_coding"
"1918","NEK3","protein_coding"
"1919","FECH","protein_coding"
"1920","SNX29","protein_coding"
"1921","OOSP1","protein_coding"
"1922","OOSP4A","protein_coding"
"1923","OOSP4B","protein_coding"
"1924","PDCD11","protein_coding"
"1925","HSPA12B","protein_coding"
"1926","OOSP2","protein_coding"
"1927","CLOCK","protein_coding"
"1928","MS4A3","protein_coding"
"1929","KRTAP13-4","protein_coding"
"1930","SPANXD","protein_coding"
"1931","KRTAP6-2","protein_coding"
"1932","KRTAP6-1","protein_coding"
"1933","POLR3E","protein_coding"
"1934","ADISSP","protein_coding"
"1935","RNF128","protein_coding"
"1936","UCHL3","protein_coding"
"1937","HECW1","protein_coding"
"1938","VGLL1","protein_coding"
"1939","CABLES1","protein_coding"
"1940","METTL21EP","protein_coding"
"1941","GPC5","protein_coding"
"1942","MAGEC1","protein_coding"
"1943","SPEF1","protein_coding"
"1944","LHFPL1","protein_coding"
"1945","ICOSLG","protein_coding"
"1946","ZDHHC8","protein_coding"
"1947","F8","protein_coding"
"1948","MAVS","protein_coding"
"1949","IFNAR2","protein_coding"
"1950","PNLIPRP3","protein_coding"
"1951","B4GALT6","protein_coding"
"1952","THNSL1","protein_coding"
"1953","C14orf93","protein_coding"
"1954","AP2A2","protein_coding"
"1955","CDX2","protein_coding"
"1956","EPB41L1","protein_coding"
"1957","CDH10","protein_coding"
"1958","URAD","protein_coding"
"1959","RHOBTB1","protein_coding"
"1960","C1QTNF9B","protein_coding"
"1961","ZPBP","protein_coding"
"1962","ATP7B","protein_coding"
"1963","CCDC188","protein_coding"
"1964","SGSM2","protein_coding"
"1965","PRR32","protein_coding"
"1966","LYZL1","protein_coding"
"1967","CXorf51B","protein_coding"
"1968","HIRA","protein_coding"
"1969","ELOA2","protein_coding"
"1970","AFF2","protein_coding"
"1971","GPX8","protein_coding"
"1972","ARMH3","protein_coding"
"1973","ZYX","protein_coding"
"1974","RPL17","protein_coding"
"1975","CENPC","protein_coding"
"1976","NPSR1","protein_coding"
"1977","ISL1","protein_coding"
"1978","MUC6","protein_coding"
"1979","TSTD2","protein_coding"
"1980","AGAP9","protein_coding"
"1981","CYP26A1","protein_coding"
"1982","ANKH","protein_coding"
"1983","BRINP1","protein_coding"
"1984","FAM13C","protein_coding"
"1985","PSMB5","protein_coding"
"1986","UBALD1","protein_coding"
"1987","NPR3","protein_coding"
"1988","PLPPR1","protein_coding"
"1989","PCNT","protein_coding"
"1990","PSMB11","protein_coding"
"1991","HMGN5","protein_coding"
"1992","C14orf119","protein_coding"
"1993","INMT","protein_coding"
"1994","EPHA1","protein_coding"
"1995","CIROP","protein_coding"
"1996","PPP1R3E","protein_coding"
"1997","NCBP1","protein_coding"
"1998","APOBEC1","protein_coding"
"1999","ADCY1","protein_coding"
"2000","TECRL","protein_coding"
"2001","LRRC56","protein_coding"
"2002","ANKFY1","protein_coding"
"2003","EFS","protein_coding"
"2004","NETO2","protein_coding"
"2005","CASP12","protein_coding"
"2006","CLEC7A","protein_coding"
"2007","SMAD7","protein_coding"
"2008","IFNAR1","protein_coding"
"2009","MAP7D3","protein_coding"
"2010","FST","protein_coding"
"2011","CMTM5","protein_coding"
"2012","PHRF1","protein_coding"
"2013","VWC2","protein_coding"
"2014","AAR2","protein_coding"
"2015","TAS2R60","protein_coding"
"2016","GALNT1","protein_coding"
"2017","TAS2R41","protein_coding"
"2018","OR10AC1","protein_coding"
"2019","SFRP4","protein_coding"
"2020","CTAGE15","protein_coding"
"2021","CTAGE6","protein_coding"
"2022","OR2F2","protein_coding"
"2023","OR2F1","protein_coding"
"2024","GHR","protein_coding"
"2025","UFD1","protein_coding"
"2026","SPATA31A6","protein_coding"
"2027","OR6B1","protein_coding"
"2028","METTL22","protein_coding"
"2029","TCAF2","protein_coding"
"2030","DEFB132","protein_coding"
"2031","GCNT1","protein_coding"
"2032","TBRG4","protein_coding"
"2033","SLC34A2","protein_coding"
"2034","C20orf96","protein_coding"
"2035","THTPA","protein_coding"
"2036","ZNF407","protein_coding"
"2037","ZCCHC3","protein_coding"
"2038","ITPRIP","protein_coding"
"2039","RPA4","protein_coding"
"2040","DCAF12L1","protein_coding"
"2041","TLE1","protein_coding"
"2042","TBC1D20","protein_coding"
"2043","CFAP58","protein_coding"
"2044","TBC1D8B","protein_coding"
"2045","AP1G2","protein_coding"
"2046","SON","protein_coding"
"2047","ZZEF1","protein_coding"
"2048","HSBP1L1","protein_coding"
"2049","PHLDA2","protein_coding"
"2050","TMEM26","protein_coding"
"2051","TXNL4A","protein_coding"
"2052","PRB2","protein_coding"
"2053","CARS1","protein_coding"
"2054","CACUL1","protein_coding"
"2055","A2ML1","protein_coding"
"2056","RBFA","protein_coding"
"2057","RAB11FIP2","protein_coding"
"2058","TWIST2","protein_coding"
"2059","UGT2B10","protein_coding"
"2060","LONP2","protein_coding"
"2061","GAS1","protein_coding"
"2062","MORC4","protein_coding"
"2063","HMX3","protein_coding"
"2064","SULT1B1","protein_coding"
"2065","FGD3","protein_coding"
"2066","FAM53B","protein_coding"
"2067","ADNP2","protein_coding"
"2068","CSNK2A1","protein_coding"
"2069","PRLHR","protein_coding"
"2070","BTBD16","protein_coding"
"2071","CRK","protein_coding"
"2072","PARD6G","protein_coding"
"2073","CDH9","protein_coding"
"2074","AMPH","protein_coding"
"2075","LMNTD2","protein_coding"
"2076","KCNG2","protein_coding"
"2077","ZNF287","protein_coding"
"2078","KCTD8","protein_coding"
"2079","OAT","protein_coding"
"2080","VBP1","protein_coding"
"2081","USP14","protein_coding"
"2082","NAALAD2","protein_coding"
"2083","SDAD1","protein_coding"
"2084","BRCA2","protein_coding"
"2085","CDC45","protein_coding"
"2086","ADAMTS12","protein_coding"
"2087","RNH1","protein_coding"
"2088","LRRC75A","protein_coding"
"2089","MGMT","protein_coding"
"2090","IL13RA2","protein_coding"
"2091","RB1","protein_coding"
"2092","WSB1","protein_coding"
"2093","MTG1","protein_coding"
"2094","MPV17L","protein_coding"
"2095","ADARB1","protein_coding"
"2096","MCIDAS","protein_coding"
"2097","ITFG1","protein_coding"
"2098","INVS","protein_coding"
"2099","BCAT1","protein_coding"
"2100","ADCYAP1","protein_coding"
"2101","POM121L12","protein_coding"
"2102","UGT3A1","protein_coding"
"2103","FRG2B","protein_coding"
"2104","ANKMY2","protein_coding"
"2105","COL4A2","protein_coding"
"2106","PHKA1","protein_coding"
"2107","ELAC1","protein_coding"
"2108","WBP1L","protein_coding"
"2109","INPP5A","protein_coding"
"2110","METTL4","protein_coding"
"2111","CCT6A","protein_coding"
"2112","CDH18","protein_coding"
"2113","CHORDC1","protein_coding"
"2114","DRD4","protein_coding"
"2115","NDC80","protein_coding"
"2116","DEAF1","protein_coding"
"2117","RNASEH2B","protein_coding"
"2118","SMC2","protein_coding"
"2119","IRF7","protein_coding"
"2120","PEMT","protein_coding"
"2121","CABS1","protein_coding"
"2122","NUP93","protein_coding"
"2123","CDH12","protein_coding"
"2124","STK38L","protein_coding"
"2125","KCNQ1","protein_coding"
"2126","SMR3B","protein_coding"
"2127","SMCHD1","protein_coding"
"2128","TRIL","protein_coding"
"2129","NAP1L4","protein_coding"
"2130","NACAD","protein_coding"
"2131","COX7B2","protein_coding"
"2132","CHST15","protein_coding"
"2133","UGT2B11","protein_coding"
"2134","NIPSNAP2","protein_coding"
"2135","RAB3C","protein_coding"
"2136","SHROOM3","protein_coding"
"2137","SLC15A5","protein_coding"
"2138","HRAS","protein_coding"
"2139","GYS2","protein_coding"
"2140","EMB","protein_coding"
"2141","SCD5","protein_coding"
"2142","ZDHHC15","protein_coding"
"2143","ATP9B","protein_coding"
"2144","TACC2","protein_coding"
"2145","MGST1","protein_coding"
"2146","ELOVL7","protein_coding"
"2147","TCL1A","protein_coding"
"2148","PSPH","protein_coding"
"2149","RASSF7","protein_coding"
"2150","CPD","protein_coding"
"2151","KLF3","protein_coding"
"2152","MSANTD3-TMEFF1","protein_coding"
"2153","SEPTIN5","protein_coding"
"2154","ADGRG4","protein_coding"
"2155","NAA11","protein_coding"
"2156","SUSD3","protein_coding"
"2157","CDHR5","protein_coding"
"2158","EVC2","protein_coding"
"2159","CHGA","protein_coding"
"2160","ZNF713","protein_coding"
"2161","CLEC6A","protein_coding"
"2162","ITGA1","protein_coding"
"2163","RAB39B","protein_coding"
"2164","DPPA3","protein_coding"
"2165","NAP1L3","protein_coding"
"2166","CDH8","protein_coding"
"2167","NR6A1","protein_coding"
"2168","GRB10","protein_coding"
"2169","RADX","protein_coding"
"2170","ITPK1","protein_coding"
"2171","SYT10","protein_coding"
"2172","BLMH","protein_coding"
"2173","ATP23","protein_coding"
"2174","NRIP1","protein_coding"
"2175","EPS8","protein_coding"
"2176","RCAN1","protein_coding"
"2177","CT83","protein_coding"
"2178","CDKN1C","protein_coding"
"2179","DEFA5","protein_coding"
"2180","SPANXA2","protein_coding"
"2181","GP1BB","protein_coding"
"2182","SCT","protein_coding"
"2183","GNB1L","protein_coding"
"2184","PTDSS2","protein_coding"
"2185","PIK3C3","protein_coding"
"2186","STOM","protein_coding"
"2187","SLC22A18","protein_coding"
"2188","FAM151B","protein_coding"
"2189","COQ7","protein_coding"
"2190","MTREX","protein_coding"
"2191","ZNF830","protein_coding"
"2192","LIN54","protein_coding"
"2193","SPIN1","protein_coding"
"2194","NSRP1","protein_coding"
"2195","RTN4R","protein_coding"
"2196","MOAP1","protein_coding"
"2197","LYSET","protein_coding"
"2198","GRIK1","protein_coding"
"2199","DGCR6L","protein_coding"
"2200","GON7","protein_coding"
"2201","SECISBP2","protein_coding"
"2202","UBR7","protein_coding"
"2203","SYN1","protein_coding"
"2204","TXNRD2","protein_coding"
"2205","GSG1L","protein_coding"
"2206","MSRA","protein_coding"
"2207","THOC1","protein_coding"
"2208","HAPLN1","protein_coding"
"2209","ALKBH1","protein_coding"
"2210","SINHCAF","protein_coding"
"2211","NXN","protein_coding"
"2212","ZC3H7A","protein_coding"
"2213","TIMP1","protein_coding"
"2214","SLIRP","protein_coding"
"2215","VCAN","protein_coding"
"2216","APP","protein_coding"
"2217","TAS2R7","protein_coding"
"2218","TAS2R8","protein_coding"
"2219","COL27A1","protein_coding"
"2220","TAS2R9","protein_coding"
"2221","PRR4","protein_coding"
"2222","THAP9","protein_coding"
"2223","ADCK1","protein_coding"
"2224","ZMYM3","protein_coding"
"2225","GK2","protein_coding"
"2226","KRTAP10-12","protein_coding"
"2227","PARP11","protein_coding"
"2228","TAS2R10","protein_coding"
"2229","SMR3A","protein_coding"
"2230","TAS2R13","protein_coding"
"2231","MYOM1","protein_coding"
"2232","PRH2","protein_coding"
"2233","STAP1","protein_coding"
"2234","AP2B1","protein_coding"
"2235","SAV1","protein_coding"
"2236","TAS2R14","protein_coding"
"2237","TAS2R50","protein_coding"
"2238","TAS2R20","protein_coding"
"2239","TAS2R19","protein_coding"
"2240","SLC52A3","protein_coding"
"2241","SKAP2","protein_coding"
"2242","TAS2R31","protein_coding"
"2243","MMP2","protein_coding"
"2244","ATP10D","protein_coding"
"2245","TAS2R46","protein_coding"
"2246","TAS2R43","protein_coding"
"2247","TAS2R45","protein_coding"
"2248","TAS2R30","protein_coding"
"2249","PYGL","protein_coding"
"2250","ARFGEF2","protein_coding"
"2251","CRACR2A","protein_coding"
"2252","RPL35","protein_coding"
"2253","PRB1","protein_coding"
"2254","TMEFF1","protein_coding"
"2255","PRB3","protein_coding"
"2256","PIWIL1","protein_coding"
"2257","XKR5","protein_coding"
"2258","CAPSL","protein_coding"
"2259","DEFA1B","protein_coding"
"2260","DERA","protein_coding"
"2261","FAM90A19","protein_coding"
"2262","FAM90A7","protein_coding"
"2263","TAS2R42","protein_coding"
"2264","FAM90A10","protein_coding"
"2265","PRR23D1","protein_coding"
"2266","KLF4","protein_coding"
"2267","DEFB107B","protein_coding"
"2268","DEFB106B","protein_coding"
"2269","DEFB104B","protein_coding"
"2270","DEFB103B","protein_coding"
"2271","STK17A","protein_coding"
"2272","DEFB4B","protein_coding"
"2273","ING1","protein_coding"
"2274","GZMK","protein_coding"
"2275","USP17L4","protein_coding"
"2276","ISCA1","protein_coding"
"2277","LMO7","protein_coding"
"2278","ARSB","protein_coding"
"2279","USP17L1","protein_coding"
"2280","FAM90A20","protein_coding"
"2281","SALL3","protein_coding"
"2282","FAM90A3","protein_coding"
"2283","FAM90A23","protein_coding"
"2284","PPP2R2C","protein_coding"
"2285","WDR7","protein_coding"
"2286","AGMO","protein_coding"
"2287","USP17L7","protein_coding"
"2288","ZNF705D","protein_coding"
"2289","MED27","protein_coding"
"2290","DEFB130B","protein_coding"
"2291","PRB4","protein_coding"
"2292","ABHD12B","protein_coding"
"2293","DEFB134","protein_coding"
"2294","PRH1","protein_coding"
"2295","DEFB135","protein_coding"
"2296","DEFB136","protein_coding"
"2297","PDZD2","protein_coding"
"2298","ZNF804B","protein_coding"
"2299","CCL17","protein_coding"
"2300","CTSB","protein_coding"
"2301","DNAAF8","protein_coding"
"2302","SEMA3A","protein_coding"
"2303","SLC5A8","protein_coding"
"2304","FAM210B","protein_coding"
"2305","ITGB1BP2","protein_coding"
"2306","ARPC5L","protein_coding"
"2307","AURKA","protein_coding"
"2308","DLST","protein_coding"
"2309","ANO4","protein_coding"
"2310","UGT2B7","protein_coding"
"2311","PLIN2","protein_coding"
"2312","PCED1B","protein_coding"
"2313","ZSWIM6","protein_coding"
"2314","B4GALNT3","protein_coding"
"2315","CRAMP1","protein_coding"
"2316","CXCR3","protein_coding"
"2317","FDFT1","protein_coding"
"2318","CLIC2","protein_coding"
"2319","VKORC1L1","protein_coding"
"2320","NEIL2","protein_coding"
"2321","GATA4","protein_coding"
"2322","RXRA","protein_coding"
"2323","LAMA1","protein_coding"
"2324","H2AB3","protein_coding"
"2325","BLVRA","protein_coding"
"2326","SLC9B2","protein_coding"
"2327","TMLHE","protein_coding"
"2328","ITGA2","protein_coding"
"2329","NANOGNB","protein_coding"
"2330","STRAP","protein_coding"
"2331","CCL22","protein_coding"
"2332","CAPNS2","protein_coding"
"2333","PANX2","protein_coding"
"2334","GATAD1","protein_coding"
"2335","PBX3","protein_coding"
"2336","DYNC1LI2","protein_coding"
"2337","RPS6KL1","protein_coding"
"2338","BLK","protein_coding"
"2339","TRABD","protein_coding"
"2340","FAM167A","protein_coding"
"2341","VOPP1","protein_coding"
"2342","SLC35G5","protein_coding"
"2343","MTMR9","protein_coding"
"2344","SPRYD3","protein_coding"
"2345","XKR6","protein_coding"
"2346","PINX1","protein_coding"
"2347","OPN1LW","protein_coding"
"2348","PARM1","protein_coding"
"2349","SOX7","protein_coding"
"2350","RP1L1","protein_coding"
"2351","TACR3","protein_coding"
"2352","C8orf74","protein_coding"
"2353","OPN1MW","protein_coding"
"2354","PGF","protein_coding"
"2355","TMEM117","protein_coding"
"2356","PRSS55","protein_coding"
"2357","CETN1","protein_coding"
"2358","BANK1","protein_coding"
"2359","TYMS","protein_coding"
"2360","SDHAF3","protein_coding"
"2361","PRSS51","protein_coding"
"2362","FAM50A","protein_coding"
"2363","MAPK12","protein_coding"
"2364","LMTK2","protein_coding"
"2365","COL6A2","protein_coding"
"2366","TNKS","protein_coding"
"2367","MAPKAP1","protein_coding"
"2368","SPMIP11","protein_coding"
"2369","PPP1R3B","protein_coding"
"2370","EIF2B2","protein_coding"
"2371","UTP4","protein_coding"
"2372","SLC2A13","protein_coding"
"2373","CCT6B","protein_coding"
"2374","ERI1","protein_coding"
"2375","MFHAS1","protein_coding"
"2376","DNAH10","protein_coding"
"2377","CLDN23","protein_coding"
"2378","HABP2","protein_coding"
"2379","PCLO","protein_coding"
"2380","PRAG1","protein_coding"
"2381","REDIC1","protein_coding"
"2382","MLH3","protein_coding"
"2383","KCNK18","protein_coding"
"2384","ENOSF1","protein_coding"
"2385","FAM90A9","protein_coding"
"2386","NKX1-2","protein_coding"
"2387","PLXNA3","protein_coding"
"2388","FAM90A17","protein_coding"
"2389","FAM90A16","protein_coding"
"2390","LHPP","protein_coding"
"2391","USP17L2","protein_coding"
"2392","ZNF705G","protein_coding"
"2393","PRR23D2","protein_coding"
"2394","DEFB107A","protein_coding"
"2395","NANOG","protein_coding"
"2396","DEFB105A","protein_coding"
"2397","DEFB106A","protein_coding"
"2398","DEFB104A","protein_coding"
"2399","SPAG11A","protein_coding"
"2400","HTRA1","protein_coding"
"2401","DEFB103A","protein_coding"
"2402","DEFB4A","protein_coding"
"2403","CCDC92","protein_coding"
"2404","ALG10B","protein_coding"
"2405","ZNF705B","protein_coding"
"2406","USP17L8","protein_coding"
"2407","USP17L3","protein_coding"
"2408","DNAJC28","protein_coding"
"2409","FAM86B2","protein_coding"
"2410","SLX9","protein_coding"
"2411","CSTF1","protein_coding"
"2412","UBL4A","protein_coding"
"2413","NTF3","protein_coding"
"2414","LONRF1","protein_coding"
"2415","LIG3","protein_coding"
"2416","JMY","protein_coding"
"2417","KCNJ6","protein_coding"
"2418","BBS9","protein_coding"
"2419","SLC10A3","protein_coding"
"2420","MAPK11","protein_coding"
"2421","ACYP1","protein_coding"
"2422","NIPBL","protein_coding"
"2423","CSTB","protein_coding"
"2424","PDZD8","protein_coding"
"2425","ZC2HC1C","protein_coding"
"2426","SHMT2","protein_coding"
"2427","RTF2","protein_coding"
"2428","ZNF711","protein_coding"
"2429","LPCAT2","protein_coding"
"2430","PDCL","protein_coding"
"2431","RUNX1","protein_coding"
"2432","TM9SF3","protein_coding"
"2433","TMED10","protein_coding"
"2434","GPAT3","protein_coding"
"2435","HSDL2","protein_coding"
"2436","RAB9B","protein_coding"
"2437","TRMT9B","protein_coding"
"2438","TMSB15B","protein_coding"
"2439","DLC1","protein_coding"
"2440","AGPAT5","protein_coding"
"2441","SERPINA4","protein_coding"
"2442","CTRB2","protein_coding"
"2443","SMAD9","protein_coding"
"2444","MUC5B","protein_coding"
"2445","TC2N","protein_coding"
"2446","DEFB1","protein_coding"
"2447","ROR2","protein_coding"
"2448","PIGP","protein_coding"
"2449","DEFA6","protein_coding"
"2450","FA2H","protein_coding"
"2451","DEFA4","protein_coding"
"2452","THAP6","protein_coding"
"2453","LRRC30","protein_coding"
"2454","MSL3","protein_coding"
"2455","FHOD3","protein_coding"
"2456","SERPINA5","protein_coding"
"2457","DEFA1","protein_coding"
"2458","DEFA3","protein_coding"
"2459","C22orf39","protein_coding"
"2460","PARP4","protein_coding"
"2461","TMEM255B","protein_coding"
"2462","DEFB105B","protein_coding"
"2463","VAT1L","protein_coding"
"2464","SPAG11B","protein_coding"
"2465","GMDS","protein_coding"
"2466","FAM209A","protein_coding"
"2467","GKAP1","protein_coding"
"2468","DEFB108C","protein_coding"
"2469","DEFB109B","protein_coding"
"2470","MEI1","protein_coding"
"2471","DEFB109D","protein_coding"
"2472","DEFB109C","protein_coding"
"2473","FAM209B","protein_coding"
"2474","FAM90A12","protein_coding"
"2475","FAM86B1","protein_coding"
"2476","CHAF1B","protein_coding"
"2477","CISD2","protein_coding"
"2478","CASS4","protein_coding"
"2479","MAF","protein_coding"
"2480","PPP2R2D","protein_coding"
"2481","ACACA","protein_coding"
"2482","TANGO6","protein_coding"
"2483","H2AZ1","protein_coding"
"2484","NDUFAF5","protein_coding"
"2485","CATSPERB","protein_coding"
"2486","GOLGA1","protein_coding"
"2487","SERPINA3","protein_coding"
"2488","MRPL1","protein_coding"
"2489","CLDN14","protein_coding"
"2490","TNFRSF13C","protein_coding"
"2491","TMEM179","protein_coding"
"2492","EXOC2","protein_coding"
"2493","CNIH1","protein_coding"
"2494","EFNB2","protein_coding"
"2495","CNTNAP4","protein_coding"
"2496","MRPS6","protein_coding"
"2497","NAGA","protein_coding"
"2498","INSYN2A","protein_coding"
"2499","CKMT2","protein_coding"
"2500","ARGLU1","protein_coding"
"2501","C14orf180","protein_coding"
"2502","SLC5A3","protein_coding"
"2503","KCNE2","protein_coding"
"2504","CAMSAP1","protein_coding"
"2505","WDR11","protein_coding"
"2506","ZNFX1","protein_coding"
"2507","TBCK","protein_coding"
"2508","HMGB1","protein_coding"
"2509","SAMD4A","protein_coding"
"2510","ZP2","protein_coding"
"2511","PARD6B","protein_coding"
"2512","PHETA2","protein_coding"
"2513","CYYR1","protein_coding"
"2514","MOCS3","protein_coding"
"2515","EEF1E1","protein_coding"
"2516","USPL1","protein_coding"
"2517","CCDC134","protein_coding"
"2518","NAA20","protein_coding"
"2519","AFG3L2","protein_coding"
"2520","ATG10","protein_coding"
"2521","SGPP1","protein_coding"
"2522","CRYAA","protein_coding"
"2523","HMGXB4","protein_coding"
"2524","CRNKL1","protein_coding"
"2525","ALOX5AP","protein_coding"
"2526","PTPN3","protein_coding"
"2527","PRMT2","protein_coding"
"2528","BLOC1S5","protein_coding"
"2529","MEDAG","protein_coding"
"2530","TEX26","protein_coding"
"2531","COQ9","protein_coding"
"2532","WDHD1","protein_coding"
"2533","KRT76","protein_coding"
"2534","USP12","protein_coding"
"2535","EEF1E1-BLOC1S5","protein_coding"
"2536","ACADSB","protein_coding"
"2537","RASGRF2","protein_coding"
"2538","KDM1B","protein_coding"
"2539","GOLGA8F","protein_coding"
"2540","GTF3A","protein_coding"
"2541","CPNE8","protein_coding"
"2542","ANKS4B","protein_coding"
"2543","MELK","protein_coding"
"2544","GOLGA8G","protein_coding"
"2545","NPIPB5","protein_coding"
"2546","MCM5","protein_coding"
"2547","CTDP1","protein_coding"
"2548","XPNPEP1","protein_coding"
"2549","MTIF3","protein_coding"
"2550","EEF2K","protein_coding"
"2551","MOSMO","protein_coding"
"2552","PDZD9","protein_coding"
"2553","NPIPB4","protein_coding"
"2554","CFAP20","protein_coding"
"2555","BLOC1S5-TXNDC5","protein_coding"
"2556","FARP1","protein_coding"
"2557","METTL9","protein_coding"
"2558","IGSF6","protein_coding"
"2559","NPIPB11","protein_coding"
"2560","BMP6","protein_coding"
"2561","CTRB1","protein_coding"
"2562","CELA1","protein_coding"
"2563","TXNDC5","protein_coding"
"2564","SMAGP","protein_coding"
"2565","HERC2","protein_coding"
"2566","RIN2","protein_coding"
"2567","CCDC102A","protein_coding"
"2568","FRMD6","protein_coding"
"2569","SETBP1","protein_coding"
"2570","ZNF215","protein_coding"
"2571","RNF24","protein_coding"
"2572","GOLPH3","protein_coding"
"2573","PAPSS1","protein_coding"
"2574","FOXC2","protein_coding"
"2575","RESF1","protein_coding"
"2576","HDGFL1","protein_coding"
"2577","FOXQ1","protein_coding"
"2578","ANKRD34B","protein_coding"
"2579","BCAR1","protein_coding"
"2580","RPP40","protein_coding"
"2581","HMOX1","protein_coding"
"2582","NEDD4L","protein_coding"
"2583","FOXO6","protein_coding"
"2584","GALNT18","protein_coding"
"2585","NSFL1C","protein_coding"
"2586","NUDT12","protein_coding"
"2587","PDZRN4","protein_coding"
"2588","GUCD1","protein_coding"
"2589","CALCB","protein_coding"
"2590","GPBP1","protein_coding"
"2591","ZNF214","protein_coding"
"2592","MED21","protein_coding"
"2593","DHRS2","protein_coding"
"2594","ASB4","protein_coding"
"2595","COPS4","protein_coding"
"2596","RBM48","protein_coding"
"2597","DEK","protein_coding"
"2598","THAP2","protein_coding"
"2599","MISP","protein_coding"
"2600","RNF113B","protein_coding"
"2601","SLC16A7","protein_coding"
"2602","SCAND1","protein_coding"
"2603","ERVW-1","protein_coding"
"2604","SYCE1L","protein_coding"
"2605","TEX47","protein_coding"
"2606","NPC2","protein_coding"
"2607","ABCA7","protein_coding"
"2608","HCK","protein_coding"
"2609","RBMXL2","protein_coding"
"2610","TAC1","protein_coding"
"2611","CACNG2","protein_coding"
"2612","SLC5A4","protein_coding"
"2613","ANO3","protein_coding"
"2614","DKK2","protein_coding"
"2615","GSE1","protein_coding"
"2616","FOXI2","protein_coding"
"2617","SLC18A2","protein_coding"
"2618","COL4A1","protein_coding"
"2619","EHMT1","protein_coding"
"2620","DLG5","protein_coding"
"2621","SEC61G","protein_coding"
"2622","LARGE1","protein_coding"
"2623","STMND1","protein_coding"
"2624","ARHGEF38","protein_coding"
"2625","SNW1","protein_coding"
"2626","MEGF11","protein_coding"
"2627","MRPS17","protein_coding"
"2628","PPP1R12A","protein_coding"
"2629","GFOD1","protein_coding"
"2630","SHTN1","protein_coding"
"2631","NRSN1","protein_coding"
"2632","BTC","protein_coding"
"2633","PEX1","protein_coding"
"2634","TLR7","protein_coding"
"2635","MSH3","protein_coding"
"2636","XAGE1A","protein_coding"
"2637","BDH2","protein_coding"
"2638","JARID2","protein_coding"
"2639","AKAP10","protein_coding"
"2640","ARID3A","protein_coding"
"2641","SYT9","protein_coding"
"2642","SSX7","protein_coding"
"2643","TRIM69","protein_coding"
"2644","GPR26","protein_coding"
"2645","SPANXN5","protein_coding"
"2646","TRIM27","protein_coding"
"2647","ATRNL1","protein_coding"
"2648","SCML1","protein_coding"
"2649","PLD4","protein_coding"
"2650","CSNK2A3","protein_coding"
"2651","FANCF","protein_coding"
"2652","SBNO2","protein_coding"
"2653","DDX27","protein_coding"
"2654","MON1B","protein_coding"
"2655","APOBEC3H","protein_coding"
"2656","ENTREP2","protein_coding"
"2657","GSTCD","protein_coding"
"2658","SERGEF","protein_coding"
"2659","SLC6A4","protein_coding"
"2660","APBA2","protein_coding"
"2661","RBM24","protein_coding"
"2662","GOLGA6L22","protein_coding"
"2663","B2M","protein_coding"
"2664","STK32C","protein_coding"
"2665","F8A3","protein_coding"
"2666","PABPC1L2B","protein_coding"
"2667","RBMXL3","protein_coding"
"2668","SSX2B","protein_coding"
"2669","SETX","protein_coding"
"2670","CIMIP4","protein_coding"
"2671","ZFP90","protein_coding"
"2672","SSR1","protein_coding"
"2673","BUB3","protein_coding"
"2674","FAM236A","protein_coding"
"2675","C22orf23","protein_coding"
"2676","CXCL6","protein_coding"
"2677","HSFX4","protein_coding"
"2678","ZNF275","protein_coding"
"2679","MTG2","protein_coding"
"2680","ZNF157","protein_coding"
"2681","CD180","protein_coding"
"2682","PTGES","protein_coding"
"2683","SOX12","protein_coding"
"2684","TRAM1L1","protein_coding"
"2685","CST1","protein_coding"
"2686","PUDP","protein_coding"
"2687","C2CD4C","protein_coding"
"2688","SLITRK5","protein_coding"
"2689","CST4","protein_coding"
"2690","IL7R","protein_coding"
"2691","ONECUT3","protein_coding"
"2692","GRIN3B","protein_coding"
"2693","RALGPS1","protein_coding"
"2694","DNAAF9","protein_coding"
"2695","C13orf42","protein_coding"
"2696","POLR2F","protein_coding"
"2697","COG6","protein_coding"
"2698","NALF2","protein_coding"
"2699","PPA2","protein_coding"
"2700","PNMA6A","protein_coding"
"2701","COL4A5","protein_coding"
"2702","CNN2","protein_coding"
"2703","WFDC1","protein_coding"
"2704","COPRS","protein_coding"
"2705","COX7C","protein_coding"
"2706","NEURL2","protein_coding"
"2707","ITGB7","protein_coding"
"2708","ARMS2","protein_coding"
"2709","OCA2","protein_coding"
"2710","ESF1","protein_coding"
"2711","RGS7BP","protein_coding"
"2712","AOC3","protein_coding"
"2713","FOXF2","protein_coding"
"2714","VPS50","protein_coding"
"2715","TCERG1L","protein_coding"
"2716","ZCCHC14","protein_coding"
"2717","SOX4","protein_coding"
"2718","CDKAL1","protein_coding"
"2719","PICK1","protein_coding"
"2720","G6PC1","protein_coding"
"2721","CCNO","protein_coding"
"2722","RUBCNL","protein_coding"
"2723","CAT","protein_coding"
"2724","DCDC2","protein_coding"
"2725","TMIGD1","protein_coding"
"2726","CAMK4","protein_coding"
"2727","DPM1","protein_coding"
"2728","ZNF488","protein_coding"
"2729","CCDC172","protein_coding"
"2730","NSMCE3","protein_coding"
"2731","CHRFAM7A","protein_coding"
"2732","MVB12B","protein_coding"
"2733","KLHL36","protein_coding"
"2734","ID4","protein_coding"
"2735","GOLGA8T","protein_coding"
"2736","RGS10","protein_coding"
"2737","BECN1","protein_coding"
"2738","CHRNA7","protein_coding"
"2739","KCNG1","protein_coding"
"2740","ARHGAP11B","protein_coding"
"2741","WNT7A","protein_coding"
"2742","MLKL","protein_coding"
"2743","KATNAL1","protein_coding"
"2744","GOLGA8Q","protein_coding"
"2745","NRG3","protein_coding"
"2746","WFDC13","protein_coding"
"2747","ARHGAP11A","protein_coding"
"2748","SPINT4","protein_coding"
"2749","PAPPA","protein_coding"
"2750","NCOA5","protein_coding"
"2751","PALM","protein_coding"
"2752","KIF13A","protein_coding"
"2753","TMEM19","protein_coding"
"2754","GOLGA8N","protein_coding"
"2755","SAMHD1","protein_coding"
"2756","VAX1","protein_coding"
"2757","SCG5","protein_coding"
"2758","ZNF143","protein_coding"
"2759","OLFML2A","protein_coding"
"2760","CIAPIN1","protein_coding"
"2761","ACSS3","protein_coding"
"2762","NDUFS4","protein_coding"
"2763","CHL1","protein_coding"
"2764","CES5A","protein_coding"
"2765","TRPM1","protein_coding"
"2766","ADD3","protein_coding"
"2767","UBE2L5","protein_coding"
"2768","RPL21","protein_coding"
"2769","KRTAP5-6","protein_coding"
"2770","BAIAP2L2","protein_coding"
"2771","CNTD1","protein_coding"
"2772","CAVIN4","protein_coding"
"2773","STARD4","protein_coding"
"2774","S1PR4","protein_coding"
"2775","ZNF624","protein_coding"
"2776","YDJC","protein_coding"
"2777","NCLN","protein_coding"
"2778","RASL11A","protein_coding"
"2779","UBA6","protein_coding"
"2780","IFITM10","protein_coding"
"2781","IGFBP6","protein_coding"
"2782","RAB33A","protein_coding"
"2783","CCDC116","protein_coding"
"2784","GREM1","protein_coding"
"2785","WNK4","protein_coding"
"2786","ZNF280C","protein_coding"
"2787","SLC2A8","protein_coding"
"2788","SDF2L1","protein_coding"
"2789","KRT2","protein_coding"
"2790","PPIL2","protein_coding"
"2791","ARB2A","protein_coding"
"2792","PAWR","protein_coding"
"2793","LUC7L3","protein_coding"
"2794","NDNF","protein_coding"
"2795","JPH3","protein_coding"
"2796","PPM1H","protein_coding"
"2797","AIFM1","protein_coding"
"2798","CES1","protein_coding"
"2799","STPG2","protein_coding"
"2800","TJP1","protein_coding"
"2801","MOGAT3","protein_coding"
"2802","CDH11","protein_coding"
"2803","DMGDH","protein_coding"
"2804","CPXM2","protein_coding"
"2805","TMBIM6","protein_coding"
"2806","SLC9B1","protein_coding"
"2807","GMEB2","protein_coding"
"2808","VPS41","protein_coding"
"2809","GPR158","protein_coding"
"2810","APBA3","protein_coding"
"2811","DYNC1LI1","protein_coding"
"2812","CMYA5","protein_coding"
"2813","STMN3","protein_coding"
"2814","YPEL1","protein_coding"
"2815","MMS19","protein_coding"
"2816","TNFRSF6B","protein_coding"
"2817","HS3ST6","protein_coding"
"2818","GOLGA8J","protein_coding"
"2819","ARFRP1","protein_coding"
"2820","PLPP1","protein_coding"
"2821","ZNF79","protein_coding"
"2822","TJP3","protein_coding"
"2823","ZNF74","protein_coding"
"2824","UTP6","protein_coding"
"2825","RPL12","protein_coding"
"2826","DBX1","protein_coding"
"2827","MEAK7","protein_coding"
"2828","FAN1","protein_coding"
"2829","BBOX1","protein_coding"
"2830","SPMIP10","protein_coding"
"2831","ZG16B","protein_coding"
"2832","C3orf20","protein_coding"
"2833","MTMR10","protein_coding"
"2834","WDR59","protein_coding"
"2835","ADGRV1","protein_coding"
"2836","KLF13","protein_coding"
"2837","UGT2A3","protein_coding"
"2838","NIBAN2","protein_coding"
"2839","KLHL22","protein_coding"
"2840","LUZP2","protein_coding"
"2841","PRSS22","protein_coding"
"2842","TNIP3","protein_coding"
"2843","AOC2","protein_coding"
"2844","OR6S1","protein_coding"
"2845","RNASE4","protein_coding"
"2846","CMTR2","protein_coding"
"2847","ANKRD40","protein_coding"
"2848","CALB2","protein_coding"
"2849","GSTT2B","protein_coding"
"2850","ANKIB1","protein_coding"
"2851","FJX1","protein_coding"
"2852","EDDM3A","protein_coding"
"2853","ABI3","protein_coding"
"2854","EDDM3B","protein_coding"
"2855","OR4C13","protein_coding"
"2856","ZGPAT","protein_coding"
"2857","RNASE6","protein_coding"
"2858","RNASE1","protein_coding"
"2859","DDTL","protein_coding"
"2860","MTHFSD","protein_coding"
"2861","ELAPOR2","protein_coding"
"2862","RNASE2","protein_coding"
"2863","CABIN1","protein_coding"
"2864","RRAS2","protein_coding"
"2865","SLC39A2","protein_coding"
"2866","WFIKKN2","protein_coding"
"2867","IQSEC3","protein_coding"
"2868","SEC24B","protein_coding"
"2869","COA3","protein_coding"
"2870","ZCWPW2","protein_coding"
"2871","BIN2","protein_coding"
"2872","JSRP1","protein_coding"
"2873","TPPP2","protein_coding"
"2874","GNGT2","protein_coding"
"2875","PTRH1","protein_coding"
"2876","ZNRF4","protein_coding"
"2877","RNASE13","protein_coding"
"2878","RNASE7","protein_coding"
"2879","RNASE8","protein_coding"
"2880","RANBP3","protein_coding"
"2881","SLC2A4RG","protein_coding"
"2882","ARHGEF40","protein_coding"
"2883","CFAP157","protein_coding"
"2884","ABCC3","protein_coding"
"2885","TTC16","protein_coding"
"2886","SPON1","protein_coding"
"2887","SCGB1C2","protein_coding"
"2888","BEST3","protein_coding"
"2889","CPXM1","protein_coding"
"2890","RPH3AL","protein_coding"
"2891","RAD18","protein_coding"
"2892","TOR2A","protein_coding"
"2893","PPP1R9A","protein_coding"
"2894","C20orf141","protein_coding"
"2895","CCL3L3","protein_coding"
"2896","TMEM239","protein_coding"
"2897","PCED1A","protein_coding"
"2898","ADGRG5","protein_coding"
"2899","PJA2","protein_coding"
"2900","OR5L2","protein_coding"
"2901","KREMEN1","protein_coding"
"2902","SH2D3C","protein_coding"
"2903","CCL18","protein_coding"
"2904","TPMT","protein_coding"
"2905","FCHO2","protein_coding"
"2906","GPR82","protein_coding"
"2907","CCL3","protein_coding"
"2908","FOLH1","protein_coding"
"2909","NHLRC2","protein_coding"
"2910","EMID1","protein_coding"
"2911","COX7B","protein_coding"
"2912","DECR2","protein_coding"
"2913","DOC2B","protein_coding"
"2914","CCL4","protein_coding"
"2915","VPS16","protein_coding"
"2916","CAGE1","protein_coding"
"2917","GALNT6","protein_coding"
"2918","ZNF219","protein_coding"
"2919","EMX2","protein_coding"
"2920","PIEZO1","protein_coding"
"2921","SSX3","protein_coding"
"2922","RTKN2","protein_coding"
"2923","CCL4L2","protein_coding"
"2924","SSX4","protein_coding"
"2925","TBC1D3B","protein_coding"
"2926","OPALIN","protein_coding"
"2927","MEGF10","protein_coding"
"2928","OR5AU1","protein_coding"
"2929","FTSJ1","protein_coding"
"2930","SUPT16H","protein_coding"
"2931","RAB11FIP3","protein_coding"
"2932","EFHB","protein_coding"
"2933","BTG1","protein_coding"
"2934","CDK9","protein_coding"
"2935","CPSF6","protein_coding"
"2936","RHBDD3","protein_coding"
"2937","SEC31A","protein_coding"
"2938","GSTO2","protein_coding"
"2939","PON3","protein_coding"
"2940","GNG7","protein_coding"
"2941","EBP","protein_coding"
"2942","TCF15","protein_coding"
"2943","BCAS4","protein_coding"
"2944","ANG","protein_coding"
"2945","TBC1D3I","protein_coding"
"2946","YJU2","protein_coding"
"2947","GLIPR2","protein_coding"
"2948","TRMT61A","protein_coding"
"2949","RASL10A","protein_coding"
"2950","SGO1","protein_coding"
"2951","GNA15","protein_coding"
"2952","CX3CL1","protein_coding"
"2953","SPATA25","protein_coding"
"2954","CCIN","protein_coding"
"2955","NEFH","protein_coding"
"2956","ASB9","protein_coding"
"2957","DBNDD2","protein_coding"
"2958","NAIF1","protein_coding"
"2959","FOXC1","protein_coding"
"2960","THOC5","protein_coding"
"2961","XRCC3","protein_coding"
"2962","NHLRC1","protein_coding"
"2963","SERPINE1","protein_coding"
"2964","CFDP1","protein_coding"
"2965","LRRIQ1","protein_coding"
"2966","LCN2","protein_coding"
"2967","CDYL","protein_coding"
"2968","LRRC27","protein_coding"
"2969","ASB11","protein_coding"
"2970","PON1","protein_coding"
"2971","UTP18","protein_coding"
"2972","SAFB","protein_coding"
"2973","CSF2","protein_coding"
"2974","NUDT7","protein_coding"
"2975","C20orf204","protein_coding"
"2976","PTPRR","protein_coding"
"2977","BBLN","protein_coding"
"2978","HGF","protein_coding"
"2979","SRMS","protein_coding"
"2980","PWWP2B","protein_coding"
"2981","GRAMD2B","protein_coding"
"2982","PIGA","protein_coding"
"2983","DUSP15","protein_coding"
"2984","FOXL1","protein_coding"
"2985","MBOAT1","protein_coding"
"2986","TRUB2","protein_coding"
"2987","TPO","protein_coding"
"2988","ZFP1","protein_coding"
"2989","PSD","protein_coding"
"2990","KIF2B","protein_coding"
"2991","RIOK1","protein_coding"
"2992","CA10","protein_coding"
"2993","COQ4","protein_coding"
"2994","ZFHX3","protein_coding"
"2995","SVIP","protein_coding"
"2996","TGFB3","protein_coding"
"2997","CUEDC2","protein_coding"
"2998","DNAJC24","protein_coding"
"2999","ZHX3","protein_coding"
"3000","SLC27A4","protein_coding"
"3001","C10orf95","protein_coding"
"3002","VEGFD","protein_coding"
"3003","MFSD13A","protein_coding"
"3004","LBHD2","protein_coding"
"3005","ZNF318","protein_coding"
"3006","KRTAP17-1","protein_coding"
"3007","RFWD3","protein_coding"
"3008","KRT33A","protein_coding"
"3009","KRT33B","protein_coding"
"3010","CLCN4","protein_coding"
"3011","OR5D14","protein_coding"
"3012","KRT31","protein_coding"
"3013","CLMN","protein_coding"
"3014","KRT37","protein_coding"
"3015","KRT34","protein_coding"
"3016","KRTAP2-3","protein_coding"
"3017","KRTAP2-4","protein_coding"
"3018","KRTAP4-11","protein_coding"
"3019","KRTAP4-12","protein_coding"
"3020","KRTAP4-5","protein_coding"
"3021","KRTAP4-4","protein_coding"
"3022","KRTAP4-8","protein_coding"
"3023","ACTR1A","protein_coding"
"3024","KRTAP16-1","protein_coding"
"3025","KRTAP4-2","protein_coding"
"3026","KRTAP9-3","protein_coding"
"3027","KRTAP9-8","protein_coding"
"3028","KRTAP9-4","protein_coding"
"3029","KRTAP29-1","protein_coding"
"3030","KRTAP4-6","protein_coding"
"3031","KRTAP4-9","protein_coding"
"3032","KRTAP4-7","protein_coding"
"3033","KRTAP2-2","protein_coding"
"3034","KRTAP4-16","protein_coding"
"3035","OR5D13","protein_coding"
"3036","URM1","protein_coding"
"3037","OR9Q1","protein_coding"
"3038","DLGAP4","protein_coding"
"3039","OR4C16","protein_coding"
"3040","DAAM2","protein_coding"
"3041","TRIM44","protein_coding"
"3042","ZNRF1","protein_coding"
"3043","NME1-NME2","protein_coding"
"3044","PLAU","protein_coding"
"3045","SPATA31F3","protein_coding"
"3046","OSBP","protein_coding"
"3047","NIPSNAP1","protein_coding"
"3048","HCN1","protein_coding"
"3049","ADAMTS18","protein_coding"
"3050","SIVA1","protein_coding"
"3051","PP2D1","protein_coding"
"3052","PRKCA","protein_coding"
"3053","NOL8","protein_coding"
"3054","OR10W1","protein_coding"
"3055","ANKRD1","protein_coding"
"3056","OR5B17","protein_coding"
"3057","CMTM6","protein_coding"
"3058","OR4A5","protein_coding"
"3059","ZNRF2","protein_coding"
"3060","LZTS3","protein_coding"
"3061","CABP7","protein_coding"
"3062","PRR5L","protein_coding"
"3063","EGFLAM","protein_coding"
"3064","ZMAT5","protein_coding"
"3065","ZBTB42","protein_coding"
"3066","FAM133B","protein_coding"
"3067","TMEM74B","protein_coding"
"3068","COTL1","protein_coding"
"3069","PTPRA","protein_coding"
"3070","RIBC1","protein_coding"
"3071","UQCR10","protein_coding"
"3072","WASHC2A","protein_coding"
"3073","ZC3H14","protein_coding"
"3074","CASTOR1","protein_coding"
"3075","POLR2C","protein_coding"
"3076","SYN2","protein_coding"
"3077","INSR","protein_coding"
"3078","MMUT","protein_coding"
"3079","PRIMA1","protein_coding"
"3080","TOM1L1","protein_coding"
"3081","SOX3","protein_coding"
"3082","DUSP9","protein_coding"
"3083","TPST1","protein_coding"
"3084","RARG","protein_coding"
"3085","IFI27","protein_coding"
"3086","LRRC37A2","protein_coding"
"3087","TRAM2","protein_coding"
"3088","COMMD9","protein_coding"
"3089","PGK2","protein_coding"
"3090","PNCK","protein_coding"
"3091","ASNS","protein_coding"
"3092","TBC1D22B","protein_coding"
"3093","TRAPPC12","protein_coding"
"3094","UBN1","protein_coding"
"3095","ELOVL5","protein_coding"
"3096","PPP4R4","protein_coding"
"3097","ZFP91","protein_coding"
"3098","MAPT","protein_coding"
"3099","DTWD2","protein_coding"
"3100","OR4A8","protein_coding"
"3101","CELF5","protein_coding"
"3102","GLYAT","protein_coding"
"3103","TBC1D10A","protein_coding"
"3104","RNF8","protein_coding"
"3105","RAD21L1","protein_coding"
"3106","GRIP2","protein_coding"
"3107","ADI1","protein_coding"
"3108","EPB41L4A","protein_coding"
"3109","TRIM48","protein_coding"
"3110","SERPINA6","protein_coding"
"3111","FOXF1","protein_coding"
"3112","SNTG2","protein_coding"
"3113","CCDC179","protein_coding"
"3114","NPIPA5","protein_coding"
"3115","BTBD7","protein_coding"
"3116","OR5I1","protein_coding"
"3117","OR5W2","protein_coding"
"3118","ZNF831","protein_coding"
"3119","CENPQ","protein_coding"
"3120","LYZ","protein_coding"
"3121","ASRGL1","protein_coding"
"3122","CBFA2T2","protein_coding"
"3123","VAV1","protein_coding"
"3124","SERPINF1","protein_coding"
"3125","RUNX2","protein_coding"
"3126","KAT2B","protein_coding"
"3127","SCARF1","protein_coding"
"3128","PKMYT1","protein_coding"
"3129","NAV3","protein_coding"
"3130","IFI27L1","protein_coding"
"3131","PEG10","protein_coding"
"3132","RNASEH1","protein_coding"
"3133","RAD50","protein_coding"
"3134","SF3A1","protein_coding"
"3135","RINT1","protein_coding"
"3136","ELP4","protein_coding"
"3137","PLEKHM1","protein_coding"
"3138","METRNL","protein_coding"
"3139","CMC1","protein_coding"
"3140","RPS7","protein_coding"
"3141","UNC79","protein_coding"
"3142","TBCD","protein_coding"
"3143","BCAP31","protein_coding"
"3144","PDE1C","protein_coding"
"3145","TOB1","protein_coding"
"3146","TLCD2","protein_coding"
"3147","WDR81","protein_coding"
"3148","ARHGAP27","protein_coding"
"3149","RNF215","protein_coding"
"3150","XYLB","protein_coding"
"3151","SDK2","protein_coding"
"3152","ZNF365","protein_coding"
"3153","MSGN1","protein_coding"
"3154","ACTL10","protein_coding"
"3155","POTEC","protein_coding"
"3156","PLCG1","protein_coding"
"3157","CRISP2","protein_coding"
"3158","SEC14L2","protein_coding"
"3159","SMC6","protein_coding"
"3160","PLPP4","protein_coding"
"3161","ABCD1","protein_coding"
"3162","SKIDA1","protein_coding"
"3163","B3GNTL1","protein_coding"
"3164","PAQR4","protein_coding"
"3165","NPS","protein_coding"
"3166","OGN","protein_coding"
"3167","OLAH","protein_coding"
"3168","PLXNB3","protein_coding"
"3169","KCTD2","protein_coding"
"3170","SLC43A2","protein_coding"
"3171","CLDN9","protein_coding"
"3172","ANKRD30B","protein_coding"
"3173","CLDN6","protein_coding"
"3174","THOC6","protein_coding"
"3175","COX11","protein_coding"
"3176","ASPN","protein_coding"
"3177","TTC8","protein_coding"
"3178","BAG3","protein_coding"
"3179","TXNDC2","protein_coding"
"3180","PRKG1","protein_coding"
"3181","PKHD1","protein_coding"
"3182","ZFR2","protein_coding"
"3183","VAPA","protein_coding"
"3184","SERPINA10","protein_coding"
"3185","KANSL1","protein_coding"
"3186","KIF27","protein_coding"
"3187","CBX8","protein_coding"
"3188","SLC35E3","protein_coding"
"3189","SRPK3","protein_coding"
"3190","IGF2BP1","protein_coding"
"3191","ARRDC3","protein_coding"
"3192","ZNF77","protein_coding"
"3193","SPIC","protein_coding"
"3194","VCL","protein_coding"
"3195","TECPR1","protein_coding"
"3196","GNA11","protein_coding"
"3197","PIEZO2","protein_coding"
"3198","CNTN6","protein_coding"
"3199","FAM186A","protein_coding"
"3200","LRATD1","protein_coding"
"3201","LRRC37A","protein_coding"
"3202","RILP","protein_coding"
"3203","MTFP1","protein_coding"
"3204","SLC25A46","protein_coding"
"3205","BICDL2","protein_coding"
"3206","ASAP2","protein_coding"
"3207","MBTD1","protein_coding"
"3208","QNG1","protein_coding"
"3209","ASB2","protein_coding"
"3210","PEDS1-UBE2V1","protein_coding"
"3211","ALX1","protein_coding"
"3212","ABTB2","protein_coding"
"3213","CCER1","protein_coding"
"3214","CCDC107","protein_coding"
"3215","BTBD2","protein_coding"
"3216","KRT1","protein_coding"
"3217","ZSCAN10","protein_coding"
"3218","PEDS1","protein_coding"
"3219","CHST11","protein_coding"
"3220","INF2","protein_coding"
"3221","SEC14L3","protein_coding"
"3222","LRRC37A3","protein_coding"
"3223","THAP5","protein_coding"
"3224","FOXK2","protein_coding"
"3225","DIP2B","protein_coding"
"3226","OR10V1","protein_coding"
"3227","ARHGEF39","protein_coding"
"3228","SUFU","protein_coding"
"3229","PATL1","protein_coding"
"3230","PRPF8","protein_coding"
"3231","PTPN1","protein_coding"
"3232","LMNB1","protein_coding"
"3233","TMEM243","protein_coding"
"3234","SSR4","protein_coding"
"3235","TIGD7","protein_coding"
"3236","PDE3B","protein_coding"
"3237","NTSR2","protein_coding"
"3238","MATK","protein_coding"
"3239","TPM2","protein_coding"
"3240","LSM5","protein_coding"
"3241","OR2C1","protein_coding"
"3242","USP15","protein_coding"
"3243","SPPL2C","protein_coding"
"3244","LGSN","protein_coding"
"3245","ZNF174","protein_coding"
"3246","HADHA","protein_coding"
"3247","ARL17B","protein_coding"
"3248","ABCA5","protein_coding"
"3249","SDHAF4","protein_coding"
"3250","SEC14L4","protein_coding"
"3251","NREP","protein_coding"
"3252","NRAP","protein_coding"
"3253","ZNF597","protein_coding"
"3254","CYB5R4","protein_coding"
"3255","L1CAM","protein_coding"
"3256","NSF","protein_coding"
"3257","NXT1","protein_coding"
"3258","AP1S1","protein_coding"
"3259","RFTN1","protein_coding"
"3260","GZF1","protein_coding"
"3261","ME1","protein_coding"
"3262","NAA60","protein_coding"
"3263","ZFP91-CNTF","protein_coding"
"3264","NAPB","protein_coding"
"3265","OTUB2","protein_coding"
"3266","AHNAK","protein_coding"
"3267","FAM181A","protein_coding"
"3268","PLOD3","protein_coding"
"3269","CCDC178","protein_coding"
"3270","CREB3","protein_coding"
"3271","PRIM2","protein_coding"
"3272","COX8C","protein_coding"
"3273","GAL3ST1","protein_coding"
"3274","IFI27L2","protein_coding"
"3275","STH","protein_coding"
"3276","CRHR1","protein_coding"
"3277","GBA2","protein_coding"
"3278","CSTL1","protein_coding"
"3279","LRRC4C","protein_coding"
"3280","CST11","protein_coding"
"3281","OSR1","protein_coding"
"3282","STXBP4","protein_coding"
"3283","TTC32","protein_coding"
"3284","TPH2","protein_coding"
"3285","SERPINF2","protein_coding"
"3286","CMTM8","protein_coding"
"3287","POU3F2","protein_coding"
"3288","SYT7","protein_coding"
"3289","DDX24","protein_coding"
"3290","EFR3B","protein_coding"
"3291","PLCB4","protein_coding"
"3292","CD36","protein_coding"
"3293","CCDC59","protein_coding"
"3294","RGP1","protein_coding"
"3295","PRDM1","protein_coding"
"3296","IL9","protein_coding"
"3297","FGD5","protein_coding"
"3298","MSMP","protein_coding"
"3299","SLC4A8","protein_coding"
"3300","MARCHF10","protein_coding"
"3301","SPAG8","protein_coding"
"3302","BHMT2","protein_coding"
"3303","PES1","protein_coding"
"3304","EDIL3","protein_coding"
"3305","WNT3","protein_coding"
"3306","HINT2","protein_coding"
"3307","SERPINA1","protein_coding"
"3308","PHAX","protein_coding"
"3309","MASTL","protein_coding"
"3310","PAQR8","protein_coding"
"3311","TRIM51","protein_coding"
"3312","TMEM8B","protein_coding"
"3313","TMEM259","protein_coding"
"3314","GLYATL3","protein_coding"
"3315","RIOK2","protein_coding"
"3316","PCTP","protein_coding"
"3317","KATNAL2","protein_coding"
"3318","GCH1","protein_coding"
"3319","CD109","protein_coding"
"3320","TRARG1","protein_coding"
"3321","SLC5A12","protein_coding"
"3322","YWHAE","protein_coding"
"3323","SERPINA2","protein_coding"
"3324","GREB1","protein_coding"
"3325","C16orf90","protein_coding"
"3326","PRR16","protein_coding"
"3327","ANKRD26","protein_coding"
"3328","CLUAP1","protein_coding"
"3329","LECT2","protein_coding"
"3330","KIF6","protein_coding"
"3331","FAM221B","protein_coding"
"3332","ABR","protein_coding"
"3333","MC5R","protein_coding"
"3334","SCGB1A1","protein_coding"
"3335","TMEM100","protein_coding"
"3336","MBD2","protein_coding"
"3337","RENBP","protein_coding"
"3338","MRPL54","protein_coding"
"3339","HRCT1","protein_coding"
"3340","HOMER1","protein_coding"
"3341","SPAAR","protein_coding"
"3342","KRT12","protein_coding"
"3343","DOHH","protein_coding"
"3344","TSPAN18","protein_coding"
"3345","OR2S2","protein_coding"
"3346","SLIT1","protein_coding"
"3347","PDCD6IP","protein_coding"
"3348","DLK1","protein_coding"
"3349","MLLT3","protein_coding"
"3350","KRT20","protein_coding"
"3351","AARSD1","protein_coding"
"3352","KRT23","protein_coding"
"3353","POLI","protein_coding"
"3354","MYDGF","protein_coding"
"3355","CAND1","protein_coding"
"3356","HCFC1","protein_coding"
"3357","FILIP1","protein_coding"
"3358","GEN1","protein_coding"
"3359","DERL3","protein_coding"
"3360","GPR63","protein_coding"
"3361","MAP1B","protein_coding"
"3362","KRT39","protein_coding"
"3363","PDE4A","protein_coding"
"3364","EEF1G","protein_coding"
"3365","EXD3","protein_coding"
"3366","CYP39A1","protein_coding"
"3367","NLRC3","protein_coding"
"3368","KRT40","protein_coding"
"3369","VSNL1","protein_coding"
"3370","PTGES3L-AARSD1","protein_coding"
"3371","POTEG","protein_coding"
"3372","ALDH1L2","protein_coding"
"3373","KRTAP3-3","protein_coding"
"3374","MIF","protein_coding"
"3375","KRTAP3-2","protein_coding"
"3376","KRTAP3-1","protein_coding"
"3377","KRTAP1-5","protein_coding"
"3378","KRTAP1-4","protein_coding"
"3379","C18orf54","protein_coding"
"3380","KRTAP1-3","protein_coding"
"3381","KRTAP1-1","protein_coding"
"3382","KRTAP2-1","protein_coding"
"3383","SUMF1","protein_coding"
"3384","SUSD2","protein_coding"
"3385","TMEM187","protein_coding"
"3386","TIMM8A","protein_coding"
"3387","IMMP1L","protein_coding"
"3388","LDAH","protein_coding"
"3389","OR4N2","protein_coding"
"3390","RPL36A","protein_coding"
"3391","TOM1","protein_coding"
"3392","ESM1","protein_coding"
"3393","ENTPD8","protein_coding"
"3394","NUP107","protein_coding"
"3395","RPL36A-HNRNPH2","protein_coding"
"3396","STARD6","protein_coding"
"3397","ANKRD55","protein_coding"
"3398","HNRNPH2","protein_coding"
"3399","NET1","protein_coding"
"3400","TRAP1","protein_coding"
"3401","OR5D16","protein_coding"
"3402","CCNQ","protein_coding"
"3403","SPIRE1","protein_coding"
"3404","FIBIN","protein_coding"
"3405","PNPLA7","protein_coding"
"3406","TUBGCP5","protein_coding"
"3407","CNTF","protein_coding"
"3408","SYDE1","protein_coding"
"3409","KRTAP9-2","protein_coding"
"3410","KRTAP9-9","protein_coding"
"3411","METTL15","protein_coding"
"3412","KRTAP9-6","protein_coding"
"3413","KRTAP9-7","protein_coding"
"3414","MARCHF3","protein_coding"
"3415","MATN3","protein_coding"
"3416","NOL11","protein_coding"
"3417","TMEM171","protein_coding"
"3418","LRRN3","protein_coding"
"3419","TEKTL1","protein_coding"
"3420","CALML5","protein_coding"
"3421","RBMS3","protein_coding"
"3422","CALML3","protein_coding"
"3423","HS1BP3","protein_coding"
"3424","OR7C2","protein_coding"
"3425","PGGT1B","protein_coding"
"3426","ASB13","protein_coding"
"3427","SLC6A8","protein_coding"
"3428","MRPL41","protein_coding"
"3429","SEMA3C","protein_coding"
"3430","CYP4F12","protein_coding"
"3431","SYNPO2","protein_coding"
"3432","DPH7","protein_coding"
"3433","ABCG1","protein_coding"
"3434","LDLRAD3","protein_coding"
"3435","TOMM22","protein_coding"
"3436","WIPI1","protein_coding"
"3437","TIMM22","protein_coding"
"3438","MRPL16","protein_coding"
"3439","CEP55","protein_coding"
"3440","RNF180","protein_coding"
"3441","ATAD2B","protein_coding"
"3442","MLC1","protein_coding"
"3443","FFAR4","protein_coding"
"3444","OR5L1","protein_coding"
"3445","PDE6C","protein_coding"
"3446","TESMIN","protein_coding"
"3447","GZMA","protein_coding"
"3448","SNX12","protein_coding"
"3449","MUC7","protein_coding"
"3450","ZCCHC10","protein_coding"
"3451","ZMYND19","protein_coding"
"3452","FRA10AC1","protein_coding"
"3453","PRSS12","protein_coding"
"3454","ARRDC1","protein_coding"
"3455","SYT12","protein_coding"
"3456","SOAT2","protein_coding"
"3457","MEIKIN","protein_coding"
"3458","TMEM168","protein_coding"
"3459","ALDH3A2","protein_coding"
"3460","SRBD1","protein_coding"
"3461","CXorf65","protein_coding"
"3462","BHMT","protein_coding"
"3463","ILVBL","protein_coding"
"3464","LGI1","protein_coding"
"3465","PLXNB2","protein_coding"
"3466","GJB1","protein_coding"
"3467","NDST4","protein_coding"
"3468","LRRTM2","protein_coding"
"3469","TES","protein_coding"
"3470","FEM1C","protein_coding"
"3471","MUC15","protein_coding"
"3472","SNX24","protein_coding"
"3473","CAPN13","protein_coding"
"3474","RLIM","protein_coding"
"3475","MIB1","protein_coding"
"3476","DMRT1","protein_coding"
"3477","DIP2A","protein_coding"
"3478","NEXMIF","protein_coding"
"3479","DMRT3","protein_coding"
"3480","ELK3","protein_coding"
"3481","MCUB","protein_coding"
"3482","ZNF716","protein_coding"
"3483","FAM120AOS","protein_coding"
"3484","DUSP21","protein_coding"
"3485","PNPLA8","protein_coding"
"3486","DIPK2B","protein_coding"
"3487","MTCL1","protein_coding"
"3488","PLEKHB1","protein_coding"
"3489","SLC22A13","protein_coding"
"3490","CWH43","protein_coding"
"3491","PRPS1","protein_coding"
"3492","CYP4F8","protein_coding"
"3493","TRAF1","protein_coding"
"3494","SLCO4C1","protein_coding"
"3495","CDNF","protein_coding"
"3496","LRRN1","protein_coding"
"3497","SRL","protein_coding"
"3498","TMEM200C","protein_coding"
"3499","LTBP1","protein_coding"
"3500","GRP","protein_coding"
"3501","HSPA14","protein_coding"
"3502","ST8SIA4","protein_coding"
"3503","RAX","protein_coding"
"3504","TFAP4","protein_coding"
"3505","KCNH8","protein_coding"
"3506","MRPL50","protein_coding"
"3507","PGAP4","protein_coding"
"3508","CPLX4","protein_coding"
"3509","TMED7","protein_coding"
"3510","GAGE2E","protein_coding"
"3511","RNF20","protein_coding"
"3512","MINAR2","protein_coding"
"3513","LMAN1","protein_coding"
"3514","SNX2","protein_coding"
"3515","GAGE12B","protein_coding"
"3516","NDST3","protein_coding"
"3517","PAGE1","protein_coding"
"3518","CNNM2","protein_coding"
"3519","GLIS2","protein_coding"
"3520","PGLYRP2","protein_coding"
"3521","GNAI2","protein_coding"
"3522","CD24","protein_coding"
"3523","RBMX","protein_coding"
"3524","PAM16","protein_coding"
"3525","PPP3R2","protein_coding"
"3526","RPEL1","protein_coding"
"3527","BAAT","protein_coding"
"3528","INA","protein_coding"
"3529","ESS2","protein_coding"
"3530","CCBE1","protein_coding"
"3531","CEP85L","protein_coding"
"3532","FGD6","protein_coding"
"3533","CAAP1","protein_coding"
"3534","PCGF6","protein_coding"
"3535","SEC24D","protein_coding"
"3536","ZNF627","protein_coding"
"3537","SLC14A1","protein_coding"
"3538","PLAA","protein_coding"
"3539","CASP14","protein_coding"
"3540","ATP5MK","protein_coding"
"3541","STK32A","protein_coding"
"3542","GPR101","protein_coding"
"3543","CORO7-PAM16","protein_coding"
"3544","TCEAL1","protein_coding"
"3545","TSSK2","protein_coding"
"3546","SGCE","protein_coding"
"3547","MORF4L2","protein_coding"
"3548","GSC2","protein_coding"
"3549","SLC25A1","protein_coding"
"3550","RFXANK","protein_coding"
"3551","LRRC19","protein_coding"
"3552","SLC35G1","protein_coding"
"3553","ALDH3A1","protein_coding"
"3554","EQTN","protein_coding"
"3555","ENPP5","protein_coding"
"3556","MCHR2","protein_coding"
"3557","NOC3L","protein_coding"
"3558","SCAI","protein_coding"
"3559","TMEM31","protein_coding"
"3560","CTNNA1","protein_coding"
"3561","TSPYL4","protein_coding"
"3562","SLC25A53","protein_coding"
"3563","GFRAL","protein_coding"
"3564","PLP2","protein_coding"
"3565","S100B","protein_coding"
"3566","CORO7","protein_coding"
"3567","ELF1","protein_coding"
"3568","PRICKLE3","protein_coding"
"3569","TBC1D12","protein_coding"
"3570","TFAP2B","protein_coding"
"3571","TUBA8","protein_coding"
"3572","FGF3","protein_coding"
"3573","COL19A1","protein_coding"
"3574","PDHA2","protein_coding"
"3575","MAD2L1","protein_coding"
"3576","AZI2","protein_coding"
"3577","WBP4","protein_coding"
"3578","TUBB8","protein_coding"
"3579","SIGLEC15","protein_coding"
"3580","CNTNAP3B","protein_coding"
"3581","ADSL","protein_coding"
"3582","CACNA1F","protein_coding"
"3583","POLD3","protein_coding"
"3584","PCDH9","protein_coding"
"3585","PSTPIP2","protein_coding"
"3586","CAPN14","protein_coding"
"3587","MYBPC1","protein_coding"
"3588","QRFPR","protein_coding"
"3589","MBL2","protein_coding"
"3590","WNT9B","protein_coding"
"3591","ULK2","protein_coding"
"3592","ATP5F1A","protein_coding"
"3593","GDF7","protein_coding"
"3594","PPP3CA","protein_coding"
"3595","LIPF","protein_coding"
"3596","XDH","protein_coding"
"3597","FLII","protein_coding"
"3598","NCOA7","protein_coding"
"3599","RPS17","protein_coding"
"3600","GNAT1","protein_coding"
"3601","OR10H4","protein_coding"
"3602","LIPM","protein_coding"
"3603","CPEB1","protein_coding"
"3604","CEP78","protein_coding"
"3605","LIPN","protein_coding"
"3606","PRKCE","protein_coding"
"3607","TAF1D","protein_coding"
"3608","MTRES1","protein_coding"
"3609","SMIM11","protein_coding"
"3610","HYAL1","protein_coding"
"3611","MAP3K8","protein_coding"
"3612","HAUS1","protein_coding"
"3613","CCDC182","protein_coding"
"3614","BABAM1","protein_coding"
"3615","MRPS23","protein_coding"
"3616","PRSS35","protein_coding"
"3617","C21orf140","protein_coding"
"3618","SMIM34","protein_coding"
"3619","SMNDC1","protein_coding"
"3620","EVPLL","protein_coding"
"3621","RSPH14","protein_coding"
"3622","SMAP1","protein_coding"
"3623","DUSP5","protein_coding"
"3624","LHCGR","protein_coding"
"3625","LAMTOR3","protein_coding"
"3626","GNAZ","protein_coding"
"3627","LGALS9C","protein_coding"
"3628","MTPAP","protein_coding"
"3629","BCR","protein_coding"
"3630","GABRA4","protein_coding"
"3631","KCTD6","protein_coding"
"3632","EPG5","protein_coding"
"3633","THG1L","protein_coding"
"3634","ELOVL4","protein_coding"
"3635","RAB5A","protein_coding"
"3636","KCNG3","protein_coding"
"3637","ANXA8","protein_coding"
"3638","VGLL2","protein_coding"
"3639","CCDC22","protein_coding"
"3640","FCHSD2","protein_coding"
"3641","SLC7A11","protein_coding"
"3642","PELO","protein_coding"
"3643","GREB1L","protein_coding"
"3644","EFEMP1","protein_coding"
"3645","STX7","protein_coding"
"3646","JAKMIP2","protein_coding"
"3647","AUH","protein_coding"
"3648","LCOR","protein_coding"
"3649","PPP1R3F","protein_coding"
"3650","TMEM150C","protein_coding"
"3651","ANO10","protein_coding"
"3652","VASN","protein_coding"
"3653","MTFR2","protein_coding"
"3654","ZNF182","protein_coding"
"3655","DNAJA3","protein_coding"
"3656","GDA","protein_coding"
"3657","FBXW10","protein_coding"
"3658","GOLGA6L9","protein_coding"
"3659","KIFBP","protein_coding"
"3660","OPRPN","protein_coding"
"3661","MIEF2","protein_coding"
"3662","ZNF630","protein_coding"
"3663","NCAN","protein_coding"
"3664","ASXL3","protein_coding"
"3665","ENPP4","protein_coding"
"3666","EMCN","protein_coding"
"3667","NUS1","protein_coding"
"3668","GOLGA6L10","protein_coding"
"3669","RPP30","protein_coding"
"3670","FSHR","protein_coding"
"3671","TVP23B","protein_coding"
"3672","SENP6","protein_coding"
"3673","SUGP1","protein_coding"
"3674","GCAT","protein_coding"
"3675","TOP3A","protein_coding"
"3676","JAK2","protein_coding"
"3677","AMOTL1","protein_coding"
"3678","SATL1","protein_coding"
"3679","LPIN2","protein_coding"
"3680","UBQLN2","protein_coding"
"3681","SLITRK2","protein_coding"
"3682","PRPS2","protein_coding"
"3683","SENP3-EIF4A1","protein_coding"
"3684","GABRG1","protein_coding"
"3685","LHFPL2","protein_coding"
"3686","TRIM77","protein_coding"
"3687","EHD3","protein_coding"
"3688","CD68","protein_coding"
"3689","PABPC4L","protein_coding"
"3690","CEP295","protein_coding"
"3691","GALR3","protein_coding"
"3692","HMOX2","protein_coding"
"3693","STK10","protein_coding"
"3694","SLC10A6","protein_coding"
"3695","EIF3L","protein_coding"
"3696","NEBL","protein_coding"
"3697","PAPOLG","protein_coding"
"3698","MPDU1","protein_coding"
"3699","MALT1","protein_coding"
"3700","INTU","protein_coding"
"3701","ATRX","protein_coding"
"3702","SUSD1","protein_coding"
"3703","OXSR1","protein_coding"
"3704","PCBD2","protein_coding"
"3705","SMCR8","protein_coding"
"3706","SHMT1","protein_coding"
"3707","NUTM1","protein_coding"
"3708","DOCK1","protein_coding"
"3709","AQP11","protein_coding"
"3710","MTMR12","protein_coding"
"3711","LPCAT4","protein_coding"
"3712","BORCS8-MEF2B","protein_coding"
"3713","GOLGA8A","protein_coding"
"3714","DDI1","protein_coding"
"3715","NOP10","protein_coding"
"3716","C4orf33","protein_coding"
"3717","TYR","protein_coding"
"3718","FBXL4","protein_coding"
"3719","TMC1","protein_coding"
"3720","SERPINB7","protein_coding"
"3721","MMP8","protein_coding"
"3722","UBE2J1","protein_coding"
"3723","TUSC2","protein_coding"
"3724","DDIT4L","protein_coding"
"3725","HADHB","protein_coding"
"3726","RASAL3","protein_coding"
"3727","ARMC2","protein_coding"
"3728","PTPRG","protein_coding"
"3729","SCLT1","protein_coding"
"3730","DPYSL3","protein_coding"
"3731","SERPINB2","protein_coding"
"3732","MICALL1","protein_coding"
"3733","SOX15","protein_coding"
"3734","ZNF85","protein_coding"
"3735","TMEM252","protein_coding"
"3736","CFAP43","protein_coding"
"3737","GARNL3","protein_coding"
"3738","HACE1","protein_coding"
"3739","SMARCC1","protein_coding"
"3740","TMEM265","protein_coding"
"3741","SHBG","protein_coding"
"3742","PHKG2","protein_coding"
"3743","ZNF66","protein_coding"
"3744","LSM11","protein_coding"
"3745","CYP4F22","protein_coding"
"3746","EFCAB9","protein_coding"
"3747","CDKL2","protein_coding"
"3748","HMSD","protein_coding"
"3749","ACO2","protein_coding"
"3750","AFF4","protein_coding"
"3751","SERPINB8","protein_coding"
"3752","HSPA12A","protein_coding"
"3753","ARHGAP24","protein_coding"
"3754","USHBP1","protein_coding"
"3755","MMP27","protein_coding"
"3756","CFAP119","protein_coding"
"3757","RRAGB","protein_coding"
"3758","MYOZ1","protein_coding"
"3759","ACAA2","protein_coding"
"3760","ARHGAP42","protein_coding"
"3761","KIR3DL3","protein_coding"
"3762","SYNPO2L","protein_coding"
"3763","CNTN4","protein_coding"
"3764","FAM13A","protein_coding"
"3765","YIPF5","protein_coding"
"3766","ZNF714","protein_coding"
"3767","VSIG1","protein_coding"
"3768","FBXW5","protein_coding"
"3769","SEC24C","protein_coding"
"3770","TENT5A","protein_coding"
"3771","FEZ2","protein_coding"
"3772","KIR2DL3","protein_coding"
"3773","ZNF629","protein_coding"
"3774","CFP","protein_coding"
"3775","KIR3DL2","protein_coding"
"3776","C8G","protein_coding"
"3777","BVES","protein_coding"
"3778","ORAI3","protein_coding"
"3779","CRTC1","protein_coding"
"3780","CFAP53","protein_coding"
"3781","TNMD","protein_coding"
"3782","PRDM6","protein_coding"
"3783","LCN12","protein_coding"
"3784","HSD3B7","protein_coding"
"3785","CXXC1","protein_coding"
"3786","CCDC112","protein_coding"
"3787","ARHGAP36","protein_coding"
"3788","FAM229B","protein_coding"
"3789","PTGDS","protein_coding"
"3790","NOX4","protein_coding"
"3791","STX1B","protein_coding"
"3792","LCNL1","protein_coding"
"3793","FUT11","protein_coding"
"3794","FAM184A","protein_coding"
"3795","CHCHD1","protein_coding"
"3796","PAXX","protein_coding"
"3797","HYAL2","protein_coding"
"3798","ZSWIM8","protein_coding"
"3799","ZNF257","protein_coding"
"3800","CLIC3","protein_coding"
"3801","SLCO6A1","protein_coding"
"3802","NXF2","protein_coding"
"3803","ZNF729","protein_coding"
"3804","STX4","protein_coding"
"3805","SLC3A1","protein_coding"
"3806","FUT7","protein_coding"
"3807","ANKEF1","protein_coding"
"3808","SAT2","protein_coding"
"3809","NPDC1","protein_coding"
"3810","KLHL26","protein_coding"
"3811","TMSB15A","protein_coding"
"3812","SPATA12","protein_coding"
"3813","BMX","protein_coding"
"3814","ABHD5","protein_coding"
"3815","ENTPD2","protein_coding"
"3816","OCSTAMP","protein_coding"
"3817","ATP1B2","protein_coding"
"3818","TMEM161A","protein_coding"
"3819","SLC13A3","protein_coding"
"3820","EFNB3","protein_coding"
"3821","FCHSD1","protein_coding"
"3822","SAPCD2","protein_coding"
"3823","DAPP1","protein_coding"
"3824","OR1D5","protein_coding"
"3825","OR1P1","protein_coding"
"3826","UAP1L1","protein_coding"
"3827","TMEM97","protein_coding"
"3828","CCL23","protein_coding"
"3829","SFMBT1","protein_coding"
"3830","TMEM210","protein_coding"
"3831","PCDH10","protein_coding"
"3832","TNFAIP1","protein_coding"
"3833","MYO5B","protein_coding"
"3834","TBC1D3G","protein_coding"
"3835","ANAPC2","protein_coding"
"3836","AP1S2","protein_coding"
"3837","AP1B1","protein_coding"
"3838","PPIC","protein_coding"
"3839","NDST2","protein_coding"
"3840","TTC33","protein_coding"
"3841","SSNA1","protein_coding"
"3842","CSNKA2IP","protein_coding"
"3843","TPRN","protein_coding"
"3844","ZNF668","protein_coding"
"3845","CCL16","protein_coding"
"3846","POLDIP2","protein_coding"
"3847","C10orf71","protein_coding"
"3848","TIMM23","protein_coding"
"3849","BTNL9","protein_coding"
"3850","VGLL3","protein_coding"
"3851","TMEM203","protein_coding"
"3852","GCNT7","protein_coding"
"3853","RNF224","protein_coding"
"3854","HRH3","protein_coding"
"3855","ANXA4","protein_coding"
"3856","KIR2DL4","protein_coding"
"3857","DDX52","protein_coding"
"3858","SLC34A3","protein_coding"
"3859","MSMB","protein_coding"
"3860","RNF150","protein_coding"
"3861","MRPL40","protein_coding"
"3862","APEX2","protein_coding"
"3863","GBE1","protein_coding"
"3864","TMEM199","protein_coding"
"3865","ZNF646","protein_coding"
"3866","RALGAPA2","protein_coding"
"3867","PRODH","protein_coding"
"3868","VPS26A","protein_coding"
"3869","TUBB4B","protein_coding"
"3870","PPARGC1B","protein_coding"
"3871","VKORC1","protein_coding"
"3872","VTA1","protein_coding"
"3873","ARMC6","protein_coding"
"3874","ALAS2","protein_coding"
"3875","CIMIP2A","protein_coding"
"3876","DOCK3","protein_coding"
"3877","VTN","protein_coding"
"3878","NELFB","protein_coding"
"3879","ZNF330","protein_coding"
"3880","SUPV3L1","protein_coding"
"3881","NT5DC1","protein_coding"
"3882","TBC1D3K","protein_coding"
"3883","TOR4A","protein_coding"
"3884","BCKDK","protein_coding"
"3885","NRARP","protein_coding"
"3886","TEK","protein_coding"
"3887","SLC39A11","protein_coding"
"3888","CEP76","protein_coding"
"3889","ERGIC3","protein_coding"
"3890","KIR2DS1","protein_coding"
"3891","ADGRF1","protein_coding"
"3892","HKDC1","protein_coding"
"3893","LYZL6","protein_coding"
"3894","MYO1C","protein_coding"
"3895","PAGE2B","protein_coding"
"3896","RBM46","protein_coding"
"3897","WDPCP","protein_coding"
"3898","MRPL45","protein_coding"
"3899","PAGE2","protein_coding"
"3900","TSPAN15","protein_coding"
"3901","FRMD4B","protein_coding"
"3902","SLC12A2","protein_coding"
"3903","TBC1D3L","protein_coding"
"3904","NR3C2","protein_coding"
"3905","PSMG2","protein_coding"
"3906","FLNA","protein_coding"
"3907","ZNF462","protein_coding"
"3908","TRMT11","protein_coding"
"3909","FAM241B","protein_coding"
"3910","AGBL3","protein_coding"
"3911","APOBEC3D","protein_coding"
"3912","KIR2DL1","protein_coding"
"3913","RAB5IF","protein_coding"
"3914","ACBD5","protein_coding"
"3915","KAT8","protein_coding"
"3916","PEX26","protein_coding"
"3917","ZNF430","protein_coding"
"3918","TMEM144","protein_coding"
"3919","KCNK17","protein_coding"
"3920","COX7A2L","protein_coding"
"3921","ACTL7B","protein_coding"
"3922","ACTL7A","protein_coding"
"3923","RHOD","protein_coding"
"3924","CAV2","protein_coding"
"3925","CADPS","protein_coding"
"3926","UBE2V1","protein_coding"
"3927","ZNF676","protein_coding"
"3928","ZNF91","protein_coding"
"3929","ELP1","protein_coding"
"3930","SEH1L","protein_coding"
"3931","PPP4R3B","protein_coding"
"3932","SERPIND1","protein_coding"
"3933","MED17","protein_coding"
"3934","CYP4F3","protein_coding"
"3935","SNAP29","protein_coding"
"3936","HBS1L","protein_coding"
"3937","PRSS8","protein_coding"
"3938","DNAJB9","protein_coding"
"3939","CRKL","protein_coding"
"3940","UBTD2","protein_coding"
"3941","THAP7","protein_coding"
"3942","ANKRD7","protein_coding"
"3943","SAP30L","protein_coding"
"3944","PRSS36","protein_coding"
"3945","ADAM33","protein_coding"
"3946","CEP192","protein_coding"
"3947","LAMB4","protein_coding"
"3948","TCF20","protein_coding"
"3949","NRG2","protein_coding"
"3950","KIR3DL1","protein_coding"
"3951","CDK17","protein_coding"
"3952","USP34","protein_coding"
"3953","APOL4","protein_coding"
"3954","INPP5K","protein_coding"
"3955","PYCARD","protein_coding"
"3956","CCNG2","protein_coding"
"3957","ZNF675","protein_coding"
"3958","CHD8","protein_coding"
"3959","HEPHL1","protein_coding"
"3960","CMKLR1","protein_coding"
"3961","SLC12A5","protein_coding"
"3962","TM6SF2","protein_coding"
"3963","ZNF277","protein_coding"
"3964","VSTM5","protein_coding"
"3965","FAM200C","protein_coding"
"3966","CECR2","protein_coding"
"3967","WASHC3","protein_coding"
"3968","TRIM49","protein_coding"
"3969","TMED7-TICAM2","protein_coding"
"3970","KIR2DS4","protein_coding"
"3971","KIF11","protein_coding"
"3972","KIR2DS3","protein_coding"
"3973","COMMD10","protein_coding"
"3974","SUGP2","protein_coding"
"3975","PRMT9","protein_coding"
"3976","NAGPA","protein_coding"
"3977","RAB38","protein_coding"
"3978","AIFM3","protein_coding"
"3979","NAT16","protein_coding"
"3980","TNFAIP8","protein_coding"
"3981","KCND2","protein_coding"
"3982","GAL","protein_coding"
"3983","ANKRD50","protein_coding"
"3984","IMMP2L","protein_coding"
"3985","DHFR","protein_coding"
"3986","AIFM2","protein_coding"
"3987","GNPTAB","protein_coding"
"3988","RELT","protein_coding"
"3989","LBH","protein_coding"
"3990","RAB19","protein_coding"
"3991","PPA1","protein_coding"
"3992","JADE1","protein_coding"
"3993","TCAF1","protein_coding"
"3994","KIR3DS1","protein_coding"
"3995","DNAAF10","protein_coding"
"3996","KBTBD8","protein_coding"
"3997","SH3PXD2B","protein_coding"
"3998","HAL","protein_coding"
"3999","CARD18","protein_coding"
"4000","KIR2DS5","protein_coding"
"4001","SND1","protein_coding"
"4002","TRPC6","protein_coding"
"4003","TRABD2A","protein_coding"
"4004","PDZRN3","protein_coding"
"4005","TYSND1","protein_coding"
"4006","MEF2B","protein_coding"
"4007","EEF2KMT","protein_coding"
"4008","RRBP1","protein_coding"
"4009","NSMCE4A","protein_coding"
"4010","KCTD16","protein_coding"
"4011","EVA1A","protein_coding"
"4012","LIN28B","protein_coding"
"4013","HAND1","protein_coding"
"4014","FABP7","protein_coding"
"4015","HPS6","protein_coding"
"4016","SMYD4","protein_coding"
"4017","LDB1","protein_coding"
"4018","HINT3","protein_coding"
"4019","DLX5","protein_coding"
"4020","PTTG1","protein_coding"
"4021","PEX3","protein_coding"
"4022","FAM3C","protein_coding"
"4023","HNRNPLL","protein_coding"
"4024","LDLRAD4","protein_coding"
"4025","CLTRN","protein_coding"
"4026","RPA1","protein_coding"
"4027","KDM2A","protein_coding"
"4028","FAM107A","protein_coding"
"4029","RPL10","protein_coding"
"4030","SMIM30","protein_coding"
"4031","MT4","protein_coding"
"4032","PPRC1","protein_coding"
"4033","HSF2","protein_coding"
"4034","ZNF431","protein_coding"
"4035","MT2A","protein_coding"
"4036","CDHR3","protein_coding"
"4037","PTPN13","protein_coding"
"4038","MT1E","protein_coding"
"4039","KRT77","protein_coding"
"4040","MC2R","protein_coding"
"4041","LMF2","protein_coding"
"4042","IL3","protein_coding"
"4043","ZNF98","protein_coding"
"4044","ZNF519","protein_coding"
"4045","MT1M","protein_coding"
"4046","TINAG","protein_coding"
"4047","SOX9","protein_coding"
"4048","GAS2L3","protein_coding"
"4049","MT1A","protein_coding"
"4050","ABITRAM","protein_coding"
"4051","ZNF717","protein_coding"
"4052","ZNF730","protein_coding"
"4053","MT1B","protein_coding"
"4054","NOLC1","protein_coding"
"4055","ARHGAP26","protein_coding"
"4056","CTNNAL1","protein_coding"
"4057","HAPLN4","protein_coding"
"4058","BAIAP2L1","protein_coding"
"4059","CLUL1","protein_coding"
"4060","HTR1E","protein_coding"
"4061","MT1F","protein_coding"
"4062","SMC1A","protein_coding"
"4063","TBX18","protein_coding"
"4064","SGK2","protein_coding"
"4065","ZNF728","protein_coding"
"4066","NCAPH2","protein_coding"
"4067","MT1X","protein_coding"
"4068","SPOP","protein_coding"
"4069","FMC1-LUC7L2","protein_coding"
"4070","PNO1","protein_coding"
"4071","RAB2B","protein_coding"
"4072","QRFP","protein_coding"
"4073","CRYM","protein_coding"
"4074","SLC9A6","protein_coding"
"4075","FIBCD1","protein_coding"
"4076","TFEC","protein_coding"
"4077","PDCD2L","protein_coding"
"4078","TM7SF3","protein_coding"
"4079","HDAC2","protein_coding"
"4080","EPHA3","protein_coding"
"4081","PRDM12","protein_coding"
"4082","PNPT1","protein_coding"
"4083","NCR1","protein_coding"
"4084","MYO19","protein_coding"
"4085","ELOVL3","protein_coding"
"4086","IER5L","protein_coding"
"4087","SERPINB10","protein_coding"
"4088","SLC24A4","protein_coding"
"4089","CHST8","protein_coding"
"4090","TNFRSF11A","protein_coding"
"4091","SPATA31A1","protein_coding"
"4092","PRSS37","protein_coding"
"4093","ZNF723","protein_coding"
"4094","PITRM1","protein_coding"
"4095","HIBADH","protein_coding"
"4096","UQCRC2","protein_coding"
"4097","SLN","protein_coding"
"4098","SLC46A2","protein_coding"
"4099","CCT2","protein_coding"
"4100","ZCCHC2","protein_coding"
"4101","KAT14","protein_coding"
"4102","PDGFD","protein_coding"
"4103","SLC31A2","protein_coding"
"4104","OR1K1","protein_coding"
"4105","IMPG2","protein_coding"
"4106","RC3H2","protein_coding"
"4107","SCGB3A2","protein_coding"
"4108","ARMC10","protein_coding"
"4109","PPP2R1B","protein_coding"
"4110","PSMA3","protein_coding"
"4111","SCO2","protein_coding"
"4112","SLC35G4","protein_coding"
"4113","GABRA1","protein_coding"
"4114","TYMP","protein_coding"
"4115","CHMP1B","protein_coding"
"4116","TGM3","protein_coding"
"4117","TSHZ1","protein_coding"
"4118","TGM6","protein_coding"
"4119","TBC1D23","protein_coding"
"4120","BCLAF1","protein_coding"
"4121","REG3G","protein_coding"
"4122","MBD1","protein_coding"
"4123","SNRPB","protein_coding"
"4124","PARP12","protein_coding"
"4125","KIR2DS2","protein_coding"
"4126","DMKN","protein_coding"
"4127","ZBTB6","protein_coding"
"4128","ZBTB26","protein_coding"
"4129","KIR3DP1","protein_coding"
"4130","FCAR","protein_coding"
"4131","RABGAP1","protein_coding"
"4132","REG1A","protein_coding"
"4133","SBK1","protein_coding"
"4134","STK26","protein_coding"
"4135","GEMIN6","protein_coding"
"4136","PCGF2","protein_coding"
"4137","RALGAPB","protein_coding"
"4138","SFTPD","protein_coding"
"4139","APPL2","protein_coding"
"4140","ASB3","protein_coding"
"4141","PODXL","protein_coding"
"4142","IL27","protein_coding"
"4143","ARID4A","protein_coding"
"4144","TMEM254","protein_coding"
"4145","SGF29","protein_coding"
"4146","MLLT6","protein_coding"
"4147","STRBP","protein_coding"
"4148","TOMM70","protein_coding"
"4149","TMPRSS5","protein_coding"
"4150","DYNC2I1","protein_coding"
"4151","SLC35B1","protein_coding"
"4152","TUFM","protein_coding"
"4153","ZNHIT3","protein_coding"
"4154","KLHDC7B","protein_coding"
"4155","SYCE3","protein_coding"
"4156","CHKB-CPT1B","protein_coding"
"4157","SENP7","protein_coding"
"4158","MACROH2A2","protein_coding"
"4159","MKRN1","protein_coding"
"4160","RABEP2","protein_coding"
"4161","NOMO1","protein_coding"
"4162","EPAS1","protein_coding"
"4163","CHKB","protein_coding"
"4164","RAP2C","protein_coding"
"4165","TMCC3","protein_coding"
"4166","MAP1LC3B2","protein_coding"
"4167","PLP1","protein_coding"
"4168","TADA2A","protein_coding"
"4169","GXYLT1","protein_coding"
"4170","NPFFR1","protein_coding"
"4171","FAM117A","protein_coding"
"4172","MLLT10","protein_coding"
"4173","KLRG2","protein_coding"
"4174","RAB21","protein_coding"
"4175","GNAI1","protein_coding"
"4176","FXN","protein_coding"
"4177","ADD2","protein_coding"
"4178","TOMM20L","protein_coding"
"4179","CD19","protein_coding"
"4180","TJP2","protein_coding"
"4181","TIMM9","protein_coding"
"4182","CCDC38","protein_coding"
"4183","MAPK8IP2","protein_coding"
"4184","GLRA3","protein_coding"
"4185","SLC32A1","protein_coding"
"4186","GFPT2","protein_coding"
"4187","ACTR5","protein_coding"
"4188","KIR2DL5B","protein_coding"
"4189","NXPH4","protein_coding"
"4190","DLX3","protein_coding"
"4191","SH2B3","protein_coding"
"4192","CNBD2","protein_coding"
"4193","KIAA0586","protein_coding"
"4194","ELMOD1","protein_coding"
"4195","MRM1","protein_coding"
"4196","NONO","protein_coding"
"4197","CEP131","protein_coding"
"4198","ARSA","protein_coding"
"4199","ZNF740","protein_coding"
"4200","GGNBP2","protein_coding"
"4201","BOD1","protein_coding"
"4202","SH3RF1","protein_coding"
"4203","SPNS1","protein_coding"
"4204","NR1H4","protein_coding"
"4205","SLU7","protein_coding"
"4206","COL20A1","protein_coding"
"4207","STRIP2","protein_coding"
"4208","DSCAML1","protein_coding"
"4209","DCLK2","protein_coding"
"4210","CCL15","protein_coding"
"4211","RRN3","protein_coding"
"4212","PIP4K2B","protein_coding"
"4213","AATF","protein_coding"
"4214","DLX6","protein_coding"
"4215","ATP10B","protein_coding"
"4216","CMSS1","protein_coding"
"4217","GNGT1","protein_coding"
"4218","ADGRG6","protein_coding"
"4219","TBC1D3H","protein_coding"
"4220","POT1","protein_coding"
"4221","EPC1","protein_coding"
"4222","TMEM191C","protein_coding"
"4223","WFDC10B","protein_coding"
"4224","KCMF1","protein_coding"
"4225","PARN","protein_coding"
"4226","NIT2","protein_coding"
"4227","RANBP17","protein_coding"
"4228","TAF4","protein_coding"
"4229","TSPAN5","protein_coding"
"4230","SPMAP1","protein_coding"
"4231","BCL11A","protein_coding"
"4232","SOCS7","protein_coding"
"4233","RAB36","protein_coding"
"4234","C20orf202","protein_coding"
"4235","NDUFAF8","protein_coding"
"4236","ARHGAP40","protein_coding"
"4237","TIMM23B","protein_coding"
"4238","WFDC8","protein_coding"
"4239","CABCOCO1","protein_coding"
"4240","SLC38A10","protein_coding"
"4241","MSANTD7","protein_coding"
"4242","EPOP","protein_coding"
"4243","CBLB","protein_coding"
"4244","H1-0","protein_coding"
"4245","CLDN5","protein_coding"
"4246","RDM1","protein_coding"
"4247","PIGT","protein_coding"
"4248","NUTM2D","protein_coding"
"4249","FNIP2","protein_coding"
"4250","FAM227A","protein_coding"
"4251","OSBPL8","protein_coding"
"4252","AP3M1","protein_coding"
"4253","ARHGEF17","protein_coding"
"4254","SPN","protein_coding"
"4255","EGFL7","protein_coding"
"4256","RIMBP3C","protein_coding"
"4257","C22orf31","protein_coding"
"4258","NPY1R","protein_coding"
"4259","PPM1F","protein_coding"
"4260","HERC4","protein_coding"
"4261","FAAP100","protein_coding"
"4262","TMSB10","protein_coding"
"4263","TAOK2","protein_coding"
"4264","PLA2G10","protein_coding"
"4265","TMA16","protein_coding"
"4266","MRPL19","protein_coding"
"4267","TNFRSF13B","protein_coding"
"4268","FUT9","protein_coding"
"4269","SMCO4","protein_coding"
"4270","CALHM6","protein_coding"
"4271","TOP3B","protein_coding"
"4272","BMP5","protein_coding"
"4273","PAIP2B","protein_coding"
"4274","P4HA3","protein_coding"
"4275","FAM83B","protein_coding"
"4276","FABP1","protein_coding"
"4277","PLD6","protein_coding"
"4278","COL10A1","protein_coding"
"4279","DIPK1B","protein_coding"
"4280","FLCN","protein_coding"
"4281","MOXD1","protein_coding"
"4282","LCN10","protein_coding"
"4283","PDLIM5","protein_coding"
"4284","PKDCC","protein_coding"
"4285","BMT2","protein_coding"
"4286","HIRIP3","protein_coding"
"4287","CEP20","protein_coding"
"4288","HEATR9","protein_coding"
"4289","COL26A1","protein_coding"
"4290","ASCC3","protein_coding"
"4291","REG1B","protein_coding"
"4292","COPS3","protein_coding"
"4293","LCN6","protein_coding"
"4294","TCF7L1","protein_coding"
"4295","LNP1","protein_coding"
"4296","INO80E","protein_coding"
"4297","FEZF2","protein_coding"
"4298","PDXDC1","protein_coding"
"4299","LCN15","protein_coding"
"4300","GUCA1C","protein_coding"
"4301","CLNS1A","protein_coding"
"4302","ATP6V0A4","protein_coding"
"4303","FTMT","protein_coding"
"4304","TMEM141","protein_coding"
"4305","NSG2","protein_coding"
"4306","ALCAM","protein_coding"
"4307","GALNT14","protein_coding"
"4308","CCDC183","protein_coding"
"4309","RABL6","protein_coding"
"4310","HNF1B","protein_coding"
"4311","ZFYVE21","protein_coding"
"4312","PPP1R14C","protein_coding"
"4313","NR3C1","protein_coding"
"4314","STX3","protein_coding"
"4315","DOC2A","protein_coding"
"4316","EYS","protein_coding"
"4317","EIF4E3","protein_coding"
"4318","NT5M","protein_coding"
"4319","CCDC157","protein_coding"
"4320","NCAPG2","protein_coding"
"4321","MED9","protein_coding"
"4322","CIMAP1B","protein_coding"
"4323","RASD1","protein_coding"
"4324","PHPT1","protein_coding"
"4325","RPL27","protein_coding"
"4326","UBE2N","protein_coding"
"4327","SHISA8","protein_coding"
"4328","JOSD1","protein_coding"
"4329","DAAM1","protein_coding"
"4330","MXI1","protein_coding"
"4331","ALG10","protein_coding"
"4332","MAMDC4","protein_coding"
"4333","TMEM158","protein_coding"
"4334","PIGW","protein_coding"
"4335","TAFA4","protein_coding"
"4336","B4GALNT2","protein_coding"
"4337","CCL5","protein_coding"
"4338","CNOT11","protein_coding"
"4339","SULT4A1","protein_coding"
"4340","JHY","protein_coding"
"4341","SCAF11","protein_coding"
"4342","TMEM39A","protein_coding"
"4343","TACR1","protein_coding"
"4344","SRCIN1","protein_coding"
"4345","FDX1","protein_coding"
"4346","TMEM132E","protein_coding"
"4347","PPM1B","protein_coding"
"4348","RFPL4B","protein_coding"
"4349","CCDC198","protein_coding"
"4350","EDF1","protein_coding"
"4351","IFI35","protein_coding"
"4352","TRIM29","protein_coding"
"4353","HESX1","protein_coding"
"4354","PNPLA5","protein_coding"
"4355","PPP4C","protein_coding"
"4356","EFHC1","protein_coding"
"4357","PLXNC1","protein_coding"
"4358","ENTR1","protein_coding"
"4359","MYH9","protein_coding"
"4360","DUSP14","protein_coding"
"4361","TIMMDC1","protein_coding"
"4362","NXPH3","protein_coding"
"4363","CYB5D2","protein_coding"
"4364","GPR179","protein_coding"
"4365","LRAT","protein_coding"
"4366","ZNF236","protein_coding"
"4367","CISD3","protein_coding"
"4368","LHX1","protein_coding"
"4369","ING2","protein_coding"
"4370","TASL","protein_coding"
"4371","GPHN","protein_coding"
"4372","IP6K1","protein_coding"
"4373","FSTL5","protein_coding"
"4374","PCYT1B","protein_coding"
"4375","MRPS9","protein_coding"
"4376","INPP5E","protein_coding"
"4377","CIB4","protein_coding"
"4378","ABCC6","protein_coding"
"4379","DZIP3","protein_coding"
"4380","FSD1L","protein_coding"
"4381","EFCAB10","protein_coding"
"4382","SYNRG","protein_coding"
"4383","MYF6","protein_coding"
"4384","POLA1","protein_coding"
"4385","YPEL3","protein_coding"
"4386","CLEC2L","protein_coding"
"4387","METAP2","protein_coding"
"4388","SLC9A2","protein_coding"
"4389","MPRIP","protein_coding"
"4390","RASD2","protein_coding"
"4391","SSBP1","protein_coding"
"4392","BTNL8","protein_coding"
"4393","MB","protein_coding"
"4394","HECTD2","protein_coding"
"4395","RPL31","protein_coding"
"4396","ARHGAP10","protein_coding"
"4397","TAL2","protein_coding"
"4398","ARHGEF12","protein_coding"
"4399","GDPD3","protein_coding"
"4400","CDK20","protein_coding"
"4401","TUBB8B","protein_coding"
"4402","SYT4","protein_coding"
"4403","DPPA2","protein_coding"
"4404","PTGR3","protein_coding"
"4405","APOL6","protein_coding"
"4406","MAPK3","protein_coding"
"4407","METTL17","protein_coding"
"4408","APOL5","protein_coding"
"4409","DLGAP1","protein_coding"
"4410","APOL2","protein_coding"
"4411","ADK","protein_coding"
"4412","KIR2DL5A","protein_coding"
"4413","PLA1A","protein_coding"
"4414","ARX","protein_coding"
"4415","HIPK2","protein_coding"
"4416","LIFR","protein_coding"
"4417","NTAN1","protein_coding"
"4418","SEC14L6","protein_coding"
"4419","AGTPBP1","protein_coding"
"4420","MON2","protein_coding"
"4421","GPR27","protein_coding"
"4422","IFIT1B","protein_coding"
"4423","IFIT1","protein_coding"
"4424","KIAA1671","protein_coding"
"4425","TAS2R3","protein_coding"
"4426","TEX55","protein_coding"
"4427","SLC16A12","protein_coding"
"4428","TSPAN12","protein_coding"
"4429","RNF149","protein_coding"
"4430","ENPP6","protein_coding"
"4431","ARHGEF9","protein_coding"
"4432","ANAPC16","protein_coding"
"4433","CDCP1","protein_coding"
"4434","TAAR6","protein_coding"
"4435","PLN","protein_coding"
"4436","MAN1A1","protein_coding"
"4437","DDIT4","protein_coding"
"4438","RWDD4","protein_coding"
"4439","CRYBB3","protein_coding"
"4440","NPIPA3","protein_coding"
"4441","CD80","protein_coding"
"4442","GOPC","protein_coding"
"4443","HACD1","protein_coding"
"4444","GCFC2","protein_coding"
"4445","CRYBB2","protein_coding"
"4446","BMERB1","protein_coding"
"4447","BRI3","protein_coding"
"4448","C3orf85","protein_coding"
"4449","STAM","protein_coding"
"4450","RASA1","protein_coding"
"4451","CFAP44","protein_coding"
"4452","TMEM184C","protein_coding"
"4453","CSF2RB","protein_coding"
"4454","AKR1B15","protein_coding"
"4455","NPIPA6","protein_coding"
"4456","IZUMO3","protein_coding"
"4457","CDK19","protein_coding"
"4458","GSC","protein_coding"
"4459","KIAA1958","protein_coding"
"4460","IL15","protein_coding"
"4461","BFAR","protein_coding"
"4462","OR10G2","protein_coding"
"4463","SLC37A3","protein_coding"
"4464","TMEM236","protein_coding"
"4465","BCL2L2","protein_coding"
"4466","TBRG1","protein_coding"
"4467","GTPBP4","protein_coding"
"4468","BOLA2B","protein_coding"
"4469","ZFP37","protein_coding"
"4470","ACOX2","protein_coding"
"4471","GRK3","protein_coding"
"4472","MSANTD3","protein_coding"
"4473","NDE1","protein_coding"
"4474","TSHR","protein_coding"
"4475","LMBRD1","protein_coding"
"4476","DCC","protein_coding"
"4477","OLFM1","protein_coding"
"4478","CD2BP2","protein_coding"
"4479","DMC1","protein_coding"
"4480","IDI2","protein_coding"
"4481","DNAH6","protein_coding"
"4482","MARF1","protein_coding"
"4483","TBC1D10B","protein_coding"
"4484","ANXA8L1","protein_coding"
"4485","CWC25","protein_coding"
"4486","NPY5R","protein_coding"
"4487","SPMIP2","protein_coding"
"4488","IGSF11","protein_coding"
"4489","MAPRE2","protein_coding"
"4490","TLL1","protein_coding"
"4491","GPR139","protein_coding"
"4492","ZCCHC7","protein_coding"
"4493","SULT1A4","protein_coding"
"4494","C17orf78","protein_coding"
"4495","SELENOO","protein_coding"
"4496","CCL14","protein_coding"
"4497","NPY4R","protein_coding"
"4498","GTF2A1","protein_coding"
"4499","LAPTM4A","protein_coding"
"4500","MMP28","protein_coding"
"4501","STOX1","protein_coding"
"4502","CMTM7","protein_coding"
"4503","SCUBE1","protein_coding"
"4504","CPED1","protein_coding"
"4505","MRPL22","protein_coding"
"4506","SIAE","protein_coding"
"4507","KRCC1","protein_coding"
"4508","ZNF397","protein_coding"
"4509","FAM110C","protein_coding"
"4510","GLG1","protein_coding"
"4511","DDX50","protein_coding"
"4512","RTL1","protein_coding"
"4513","ABCC1","protein_coding"
"4514","EIF2S1","protein_coding"
"4515","PRKACG","protein_coding"
"4516","OTX1","protein_coding"
"4517","MORC1","protein_coding"
"4518","SCARF2","protein_coding"
"4519","ZNG1C","protein_coding"
"4520","ZSCAN30","protein_coding"
"4521","UBXN2A","protein_coding"
"4522","TMEM232","protein_coding"
"4523","PLEK2","protein_coding"
"4524","MARCKS","protein_coding"
"4525","CRTAM","protein_coding"
"4526","SMPDL3A","protein_coding"
"4527","ZNF24","protein_coding"
"4528","MAP9","protein_coding"
"4529","OR11H1","protein_coding"
"4530","BATF","protein_coding"
"4531","ALK","protein_coding"
"4532","SLC2A11","protein_coding"
"4533","TAF15","protein_coding"
"4534","LUC7L2","protein_coding"
"4535","ZCCHC18","protein_coding"
"4536","FLVCR2","protein_coding"
"4537","BARX2","protein_coding"
"4538","ZNF396","protein_coding"
"4539","TRAPPC3L","protein_coding"
"4540","PAGE5","protein_coding"
"4541","SLC18B1","protein_coding"
"4542","C10orf105","protein_coding"
"4543","VSIR","protein_coding"
"4544","INO80C","protein_coding"
"4545","TAF7L","protein_coding"
"4546","FEZ1","protein_coding"
"4547","CDH23","protein_coding"
"4548","ALDH7A1","protein_coding"
"4549","TNFRSF21","protein_coding"
"4550","ADIG","protein_coding"
"4551","IFT57","protein_coding"
"4552","CYP24A1","protein_coding"
"4553","MRO","protein_coding"
"4554","TMEM88","protein_coding"
"4555","ALDH8A1","protein_coding"
"4556","PRSS58","protein_coding"
"4557","CYB5D1","protein_coding"
"4558","ZFX","protein_coding"
"4559","SNX4","protein_coding"
"4560","TRAPPC1","protein_coding"
"4561","MYO1G","protein_coding"
"4562","TTLL5","protein_coding"
"4563","AADAT","protein_coding"
"4564","BCAS1","protein_coding"
"4565","CNTROB","protein_coding"
"4566","RNGTT","protein_coding"
"4567","C16orf95","protein_coding"
"4568","NPIPA1","protein_coding"
"4569","SLC17A6","protein_coding"
"4570","B4GALT4","protein_coding"
"4571","NOMO3","protein_coding"
"4572","MRTFB","protein_coding"
"4573","TGFA","protein_coding"
"4574","CCL15-CCL14","protein_coding"
"4575","SSX1","protein_coding"
"4576","ME2","protein_coding"
"4577","DHRS11","protein_coding"
"4578","TENM4","protein_coding"
"4579","ZNF81","protein_coding"
"4580","AKR1D1","protein_coding"
"4581","MID2","protein_coding"
"4582","SRSF7","protein_coding"
"4583","TAAR2","protein_coding"
"4584","ARHGAP23","protein_coding"
"4585","NDUFAF4","protein_coding"
"4586","ADAT2","protein_coding"
"4587","UBASH3B","protein_coding"
"4588","ING3","protein_coding"
"4589","POPDC3","protein_coding"
"4590","WTIP","protein_coding"
"4591","DSE","protein_coding"
"4592","ADAM29","protein_coding"
"4593","TEX11","protein_coding"
"4594","EIF3CL","protein_coding"
"4595","ERG28","protein_coding"
"4596","GUCY2D","protein_coding"
"4597","ZNF565","protein_coding"
"4598","TMEM225","protein_coding"
"4599","FASTKD5","protein_coding"
"4600","TP53RK","protein_coding"
"4601","DAZAP2","protein_coding"
"4602","GPATCH2L","protein_coding"
"4603","PRPF6","protein_coding"
"4604","ALOX15B","protein_coding"
"4605","SPAG4","protein_coding"
"4606","STT3A","protein_coding"
"4607","ZNF469","protein_coding"
"4608","TMEM143","protein_coding"
"4609","PDSS2","protein_coding"
"4610","PPIF","protein_coding"
"4611","EIF3C","protein_coding"
"4612","TMEM242","protein_coding"
"4613","ASB5","protein_coding"
"4614","RIOK3","protein_coding"
"4615","SMKR1","protein_coding"
"4616","CIMIP2C","protein_coding"
"4617","ZCCHC24","protein_coding"
"4618","CSRP2","protein_coding"
"4619","TAS2R5","protein_coding"
"4620","SFTPA2","protein_coding"
"4621","ZNF334","protein_coding"
"4622","ATG5","protein_coding"
"4623","WNT16","protein_coding"
"4624","PPP1R21","protein_coding"
"4625","ZNF737","protein_coding"
"4626","IFT43","protein_coding"
"4627","HSPBAP1","protein_coding"
"4628","TMEM229A","protein_coding"
"4629","SPATA4","protein_coding"
"4630","BPGM","protein_coding"
"4631","GSS","protein_coding"
"4632","RAB4B-EGLN2","protein_coding"
"4633","UPK1B","protein_coding"
"4634","ALOX12B","protein_coding"
"4635","AGK","protein_coding"
"4636","NAF1","protein_coding"
"4637","URI1","protein_coding"
"4638","TTC28","protein_coding"
"4639","SFTPA1","protein_coding"
"4640","PLEKHH1","protein_coding"
"4641","SOCS2","protein_coding"
"4642","GPR174","protein_coding"
"4643","PSMB3","protein_coding"
"4644","SEPTIN6","protein_coding"
"4645","RMC1","protein_coding"
"4646","HES7","protein_coding"
"4647","CLDN24","protein_coding"
"4648","TBC1D3F","protein_coding"
"4649","GSTT4","protein_coding"
"4650","ARFIP1","protein_coding"
"4651","BPIFC","protein_coding"
"4652","TMEM107","protein_coding"
"4653","EEA1","protein_coding"
"4654","C5orf47","protein_coding"
"4655","KCTD17","protein_coding"
"4656","ZNF428","protein_coding"
"4657","TRAT1","protein_coding"
"4658","BORCS6","protein_coding"
"4659","PIGH","protein_coding"
"4660","NKX2-5","protein_coding"
"4661","WAPL","protein_coding"
"4662","RHPN2","protein_coding"
"4663","SC5D","protein_coding"
"4664","AURKB","protein_coding"
"4665","ADRA1B","protein_coding"
"4666","BFSP2","protein_coding"
"4667","PTGER4","protein_coding"
"4668","NPC1","protein_coding"
"4669","ARG2","protein_coding"
"4670","ARHGEF37","protein_coding"
"4671","ADM2","protein_coding"
"4672","MRAS","protein_coding"
"4673","NLN","protein_coding"
"4674","RIC8B","protein_coding"
"4675","SPATA19","protein_coding"
"4676","MYH11","protein_coding"
"4677","EGLN2","protein_coding"
"4678","PERP","protein_coding"
"4679","MIOX","protein_coding"
"4680","VTI1B","protein_coding"
"4681","TSGA10","protein_coding"
"4682","UST","protein_coding"
"4683","CYP2C9","protein_coding"
"4684","ULBP3","protein_coding"
"4685","AKAP12","protein_coding"
"4686","KIRREL3","protein_coding"
"4687","RDH11","protein_coding"
"4688","RAET1L","protein_coding"
"4689","TENM3","protein_coding"
"4690","CYP2C8","protein_coding"
"4691","CADM4","protein_coding"
"4692","ANKRD29","protein_coding"
"4693","TTK","protein_coding"
"4694","STOX2","protein_coding"
"4695","FAM3D","protein_coding"
"4696","DRD1","protein_coding"
"4697","SIPA1L3","protein_coding"
"4698","E2F7","protein_coding"
"4699","INSIG1","protein_coding"
"4700","SIL1","protein_coding"
"4701","SPCS3","protein_coding"
"4702","SBF1","protein_coding"
"4703","RDH12","protein_coding"
"4704","SPATA31A5","protein_coding"
"4705","TRIML1","protein_coding"
"4706","PFAS","protein_coding"
"4707","TRPC4AP","protein_coding"
"4708","PTBP3","protein_coding"
"4709","DSC2","protein_coding"
"4710","EDNRA","protein_coding"
"4711","ACTR3B","protein_coding"
"4712","ALDH18A1","protein_coding"
"4713","FHL1","protein_coding"
"4714","RNF7","protein_coding"
"4715","EI24","protein_coding"
"4716","NKX2-8","protein_coding"
"4717","PAX9","protein_coding"
"4718","TMTC3","protein_coding"
"4719","PIGQ","protein_coding"
"4720","ZNF507","protein_coding"
"4721","PALS1","protein_coding"
"4722","PDIA5","protein_coding"
"4723","ENTPD1","protein_coding"
"4724","ATP6V1D","protein_coding"
"4725","HMGB1P1","protein_coding"
"4726","CNOT6","protein_coding"
"4727","SLC25A35","protein_coding"
"4728","CTCFL","protein_coding"
"4729","AKR1B1","protein_coding"
"4730","MFSD9","protein_coding"
"4731","FKTN","protein_coding"
"4732","SPOCK3","protein_coding"
"4733","WSCD2","protein_coding"
"4734","PLAUR","protein_coding"
"4735","SLC35A5","protein_coding"
"4736","LOXL4","protein_coding"
"4737","RANGRF","protein_coding"
"4738","RPS12","protein_coding"
"4739","GJB7","protein_coding"
"4740","NEURL1B","protein_coding"
"4741","SLC5A7","protein_coding"
"4742","SORCS3","protein_coding"
"4743","ARHGEF15","protein_coding"
"4744","ILDR1","protein_coding"
"4745","CNKSR3","protein_coding"
"4746","MCMBP","protein_coding"
"4747","ZFYVE16","protein_coding"
"4748","SRP54","protein_coding"
"4749","IL1B","protein_coding"
"4750","ODF4","protein_coding"
"4751","ATP2A1","protein_coding"
"4752","CFAP54","protein_coding"
"4753","RPL26","protein_coding"
"4754","CH25H","protein_coding"
"4755","TMEM213","protein_coding"
"4756","LIPA","protein_coding"
"4757","ESYT3","protein_coding"
"4758","TRIM24","protein_coding"
"4759","FBXO10","protein_coding"
"4760","DPY19L3","protein_coding"
"4761","CRIM1","protein_coding"
"4762","FOXO3","protein_coding"
"4763","CDC40","protein_coding"
"4764","NUP37","protein_coding"
"4765","CCDC42","protein_coding"
"4766","TOMM5","protein_coding"
"4767","MFSD6L","protein_coding"
"4768","PIK3R6","protein_coding"
"4769","TCTN3","protein_coding"
"4770","FRMPD1","protein_coding"
"4771","FAM118B","protein_coding"
"4772","KDM7A","protein_coding"
"4773","SUCLG1","protein_coding"
"4774","KIR2DL2","protein_coding"
"4775","LTA4H","protein_coding"
"4776","STAG1","protein_coding"
"4777","MACC1","protein_coding"
"4778","NTN1","protein_coding"
"4779","DYNLT1","protein_coding"
"4780","NLRP4","protein_coding"
"4781","STX8","protein_coding"
"4782","AKR1B10","protein_coding"
"4783","TRMT10B","protein_coding"
"4784","OPRM1","protein_coding"
"4785","EML4","protein_coding"
"4786","BTNL3","protein_coding"
"4787","FMC1","protein_coding"
"4788","CHCHD3","protein_coding"
"4789","IFIT3","protein_coding"
"4790","SOX30","protein_coding"
"4791","CFAP52","protein_coding"
"4792","IRGC","protein_coding"
"4793","PRDM16","protein_coding"
"4794","OGDHL","protein_coding"
"4795","NEK9","protein_coding"
"4796","SMG9","protein_coding"
"4797","PANX3","protein_coding"
"4798","MT1H","protein_coding"
"4799","ZNHIT1","protein_coding"
"4800","SFXN1","protein_coding"
"4801","MT3","protein_coding"
"4802","PDIA2","protein_coding"
"4803","ABCB7","protein_coding"
"4804","DENND2A","protein_coding"
"4805","EXOSC3","protein_coding"
"4806","NTN4","protein_coding"
"4807","USP43","protein_coding"
"4808","SGMS1","protein_coding"
"4809","DSG2","protein_coding"
"4810","DCAF10","protein_coding"
"4811","TNFRSF12A","protein_coding"
"4812","CYP2A6","protein_coding"
"4813","SH3RF3","protein_coding"
"4814","C5orf52","protein_coding"
"4815","KIF4B","protein_coding"
"4816","TMEM182","protein_coding"
"4817","CHSY3","protein_coding"
"4818","NPIPA7","protein_coding"
"4819","SLC25A51","protein_coding"
"4820","HCFC1R1","protein_coding"
"4821","BLOC1S3","protein_coding"
"4822","C5orf46","protein_coding"
"4823","SHB","protein_coding"
"4824","SOWAHA","protein_coding"
"4825","PAPSS2","protein_coding"
"4826","AIF1L","protein_coding"
"4827","GLP2R","protein_coding"
"4828","COX7A1","protein_coding"
"4829","PEX10","protein_coding"
"4830","GALM","protein_coding"
"4831","PCK1","protein_coding"
"4832","SVOPL","protein_coding"
"4833","SEPTIN8","protein_coding"
"4834","CYP2B6","protein_coding"
"4835","MFAP3L","protein_coding"
"4836","ZBP1","protein_coding"
"4837","GINS3","protein_coding"
"4838","MARK3","protein_coding"
"4839","PKNOX2","protein_coding"
"4840","LYPD1","protein_coding"
"4841","HACD2","protein_coding"
"4842","CDPF1","protein_coding"
"4843","ATAD1","protein_coding"
"4844","RAP1B","protein_coding"
"4845","PROK2","protein_coding"
"4846","RCVRN","protein_coding"
"4847","LMF1","protein_coding"
"4848","KLHL2","protein_coding"
"4849","DDX18","protein_coding"
"4850","PEX14","protein_coding"
"4851","LAMC3","protein_coding"
"4852","MYH13","protein_coding"
"4853","SERHL2","protein_coding"
"4854","CABLES2","protein_coding"
"4855","APPL1","protein_coding"
"4856","MKLN1","protein_coding"
"4857","ARID5B","protein_coding"
"4858","GPI","protein_coding"
"4859","SMAD4","protein_coding"
"4860","CIMIP1","protein_coding"
"4861","PLCH2","protein_coding"
"4862","SMYD1","protein_coding"
"4863","ANKRD60","protein_coding"
"4864","MSS51","protein_coding"
"4865","CD40","protein_coding"
"4866","PPP3CB","protein_coding"
"4867","MYH8","protein_coding"
"4868","NYNRIN","protein_coding"
"4869","SNTB2","protein_coding"
"4870","UCK1","protein_coding"
"4871","CBLN3","protein_coding"
"4872","NT5C1B-RDH14","protein_coding"
"4873","ANGPTL5","protein_coding"
"4874","KHNYN","protein_coding"
"4875","ROCK1","protein_coding"
"4876","ROGDI","protein_coding"
"4877","CEP126","protein_coding"
"4878","SLC25A4","protein_coding"
"4879","COPG2","protein_coding"
"4880","MATN4","protein_coding"
"4881","NXPH2","protein_coding"
"4882","RDH14","protein_coding"
"4883","CMA1","protein_coding"
"4884","SOX14","protein_coding"
"4885","DNAJB14","protein_coding"
"4886","MYH4","protein_coding"
"4887","SPSB1","protein_coding"
"4888","EN1","protein_coding"
"4889","NECTIN3","protein_coding"
"4890","GZMH","protein_coding"
"4891","SEC31B","protein_coding"
"4892","AK1","protein_coding"
"4893","CTSG","protein_coding"
"4894","MAP3K20","protein_coding"
"4895","SLC2A5","protein_coding"
"4896","MYH1","protein_coding"
"4897","NRXN3","protein_coding"
"4898","ADA","protein_coding"
"4899","RPS3","protein_coding"
"4900","PRICKLE2","protein_coding"
"4901","AGTR2","protein_coding"
"4902","LAMA4","protein_coding"
"4903","ZDHHC9","protein_coding"
"4904","SMIM21","protein_coding"
"4905","ATP5MGL","protein_coding"
"4906","SEC11C","protein_coding"
"4907","A4GALT","protein_coding"
"4908","VIPR2","protein_coding"
"4909","RXFP1","protein_coding"
"4910","KDM8","protein_coding"
"4911","CPEB4","protein_coding"
"4912","DCAF5","protein_coding"
"4913","ZIC1","protein_coding"
"4914","ARFGAP3","protein_coding"
"4915","ZNF516","protein_coding"
"4916","MYH2","protein_coding"
"4917","NMNAT1","protein_coding"
"4918","RUVBL1","protein_coding"
"4919","SEPTIN12","protein_coding"
"4920","UTP14A","protein_coding"
"4921","GATA6","protein_coding"
"4922","ST6GALNAC4","protein_coding"
"4923","TMEM185B","protein_coding"
"4924","COL28A1","protein_coding"
"4925","DISP3","protein_coding"
"4926","STON1-GTF2A1L","protein_coding"
"4927","RBBP8","protein_coding"
"4928","HIF1AN","protein_coding"
"4929","CKM","protein_coding"
"4930","PIP5KL1","protein_coding"
"4931","G2E3","protein_coding"
"4932","SLF2","protein_coding"
"4933","BCORL1","protein_coding"
"4934","UBA2","protein_coding"
"4935","OTOA","protein_coding"
"4936","CYB5R3","protein_coding"
"4937","MMEL1","protein_coding"
"4938","NDST1","protein_coding"
"4939","DPM2","protein_coding"
"4940","IRS4","protein_coding"
"4941","GDPD5","protein_coding"
"4942","CEP70","protein_coding"
"4943","TCEAL3","protein_coding"
"4944","SOWAHC","protein_coding"
"4945","EEIG1","protein_coding"
"4946","NCK2","protein_coding"
"4947","MPLKIP","protein_coding"
"4948","TWNK","protein_coding"
"4949","RNF130","protein_coding"
"4950","FAM199X","protein_coding"
"4951","PRXL2C","protein_coding"
"4952","MYH3","protein_coding"
"4953","ESX1","protein_coding"
"4954","DRC1","protein_coding"
"4955","CHST9","protein_coding"
"4956","ZNF782","protein_coding"
"4957","PDZD7","protein_coding"
"4958","SCFD1","protein_coding"
"4959","KLHL14","protein_coding"
"4960","ZNF827","protein_coding"
"4961","NUTM2G","protein_coding"
"4962","MGAT4A","protein_coding"
"4963","TMEM51","protein_coding"
"4964","IL4","protein_coding"
"4965","SLC25A52","protein_coding"
"4966","CYP2A13","protein_coding"
"4967","TRAPPC8","protein_coding"
"4968","CCN5","protein_coding"
"4969","KAZALD1","protein_coding"
"4970","NDUFA8","protein_coding"
"4971","SCO1","protein_coding"
"4972","CTAG1A","protein_coding"
"4973","PPP1R3A","protein_coding"
"4974","MORN5","protein_coding"
"4975","APLN","protein_coding"
"4976","IFIT2","protein_coding"
"4977","SUN5","protein_coding"
"4978","XPNPEP2","protein_coding"
"4979","RER1","protein_coding"
"4980","BSPH1","protein_coding"
"4981","TARM1","protein_coding"
"4982","VSTM1","protein_coding"
"4983","BAMBI","protein_coding"
"4984","RBM18","protein_coding"
"4985","ZNF420","protein_coding"
"4986","ADPRM","protein_coding"
"4987","EN2","protein_coding"
"4988","RASGEF1C","protein_coding"
"4989","PYDC1","protein_coding"
"4990","SASH3","protein_coding"
"4991","UTF1","protein_coding"
"4992","SUGCT","protein_coding"
"4993","VENTX","protein_coding"
"4994","MRRF","protein_coding"
"4995","TMEM220","protein_coding"
"4996","SULT1A3","protein_coding"
"4997","NPAS2","protein_coding"
"4998","ZNF471","protein_coding"
"4999","USP44","protein_coding"
"5000","ADAM8","protein_coding"
"5001","BPIFB2","protein_coding"
"5002","ARAF","protein_coding"
"5003","PIRT","protein_coding"
"5004","CYP2F1","protein_coding"
"5005","SHISA6","protein_coding"
"5006","CHRDL1","protein_coding"
"5007","BPIFB6","protein_coding"
"5008","RBM19","protein_coding"
"5009","MOGAT2","protein_coding"
"5010","NLRP2","protein_coding"
"5011","CLEC5A","protein_coding"
"5012","DCHS2","protein_coding"
"5013","PANK4","protein_coding"
"5014","BPIFB4","protein_coding"
"5015","ZFP2","protein_coding"
"5016","TXN2","protein_coding"
"5017","DNAH9","protein_coding"
"5018","GP6","protein_coding"
"5019","CABP5","protein_coding"
"5020","SERPINH1","protein_coding"
"5021","RNF125","protein_coding"
"5022","PPM1L","protein_coding"
"5023","KRTDAP","protein_coding"
"5024","BPIFA2","protein_coding"
"5025","SERPINA11","protein_coding"
"5026","TAS2R38","protein_coding"
"5027","TTC39C","protein_coding"
"5028","ARHGAP31","protein_coding"
"5029","SERPINA9","protein_coding"
"5030","RMI2","protein_coding"
"5031","GPR37","protein_coding"
"5032","FOXRED2","protein_coding"
"5033","CAPN6","protein_coding"
"5034","TNP2","protein_coding"
"5035","RBAK-RBAKDN","protein_coding"
"5036","CDKN2AIP","protein_coding"
"5037","FHL2","protein_coding"
"5038","ZNF586","protein_coding"
"5039","BPIFA3","protein_coding"
"5040","FRK","protein_coding"
"5041","ZNF511","protein_coding"
"5042","MPDZ","protein_coding"
"5043","PRM3","protein_coding"
"5044","PRM2","protein_coding"
"5045","C1QTNF2","protein_coding"
"5046","PARP14","protein_coding"
"5047","VIP","protein_coding"
"5048","COPS6","protein_coding"
"5049","ZFP42","protein_coding"
"5050","ZNF511-PRAP1","protein_coding"
"5051","RPS9","protein_coding"
"5052","ZNF235","protein_coding"
"5053","CALY","protein_coding"
"5054","SRPX2","protein_coding"
"5055","PRM1","protein_coding"
"5056","GALNT10","protein_coding"
"5057","CABYR","protein_coding"
"5058","BPIFB1","protein_coding"
"5059","WWC2","protein_coding"
"5060","SNN","protein_coding"
"5061","RDH13","protein_coding"
"5062","PRAP1","protein_coding"
"5063","DLL1","protein_coding"
"5064","NLRP7","protein_coding"
"5065","ZNF274","protein_coding"
"5066","SERPINA12","protein_coding"
"5067","ECHS1","protein_coding"
"5068","LRRC10","protein_coding"
"5069","ATP1B4","protein_coding"
"5070","CDK5RAP1","protein_coding"
"5071","CHCHD6","protein_coding"
"5072","KLHL32","protein_coding"
"5073","AMDHD1","protein_coding"
"5074","VPS13D","protein_coding"
"5075","PAOX","protein_coding"
"5076","MBOAT7","protein_coding"
"5077","MS4A7","protein_coding"
"5078","CNPY4","protein_coding"
"5079","PAH","protein_coding"
"5080","TSEN34","protein_coding"
"5081","TMEM174","protein_coding"
"5082","MBLAC1","protein_coding"
"5083","MCTS1","protein_coding"
"5084","TFPT","protein_coding"
"5085","SYNPR","protein_coding"
"5086","TRAPPC14","protein_coding"
"5087","CNOT3","protein_coding"
"5088","MS4A14","protein_coding"
"5089","BCO1","protein_coding"
"5090","EIF3D","protein_coding"
"5091","CUL4B","protein_coding"
"5092","BCKDHB","protein_coding"
"5093","ERCC6","protein_coding"
"5094","CCNE1","protein_coding"
"5095","PRPF31","protein_coding"
"5096","GAL3ST4","protein_coding"
"5097","NMRAL1","protein_coding"
"5098","PTPN4","protein_coding"
"5099","HPGD","protein_coding"
"5100","NOPCHAP1","protein_coding"
"5101","PDPR","protein_coding"
"5102","DGLUCY","protein_coding"
"5103","CHAT","protein_coding"
"5104","MS4A5","protein_coding"
"5105","OSCAR","protein_coding"
"5106","KIR2DP1","protein_coding"
"5107","GPC2","protein_coding"
"5108","SLC34A1","protein_coding"
"5109","SUDS3","protein_coding"
"5110","OSBPL1A","protein_coding"
"5111","OAF","protein_coding"
"5112","IMPG1","protein_coding"
"5113","KLK2","protein_coding"
"5114","PPP1R35","protein_coding"
"5115","MYF5","protein_coding"
"5116","B3GALNT1","protein_coding"
"5117","BBS10","protein_coding"
"5118","LENG1","protein_coding"
"5119","SPACDR","protein_coding"
"5120","POU2F3","protein_coding"
"5121","CRADD","protein_coding"
"5122","CDK6","protein_coding"
"5123","SNTA1","protein_coding"
"5124","MAP2K4","protein_coding"
"5125","PFN3","protein_coding"
"5126","BPIFB3","protein_coding"
"5127","NDUFA3","protein_coding"
"5128","IMP4","protein_coding"
"5129","GRK6","protein_coding"
"5130","SPMIP7","protein_coding"
"5131","KIAA1549","protein_coding"
"5132","DNMT3B","protein_coding"
"5133","TRAPPC11","protein_coding"
"5134","CCDC60","protein_coding"
"5135","MTRF1L","protein_coding"
"5136","EXOSC6","protein_coding"
"5137","MIA-RAB4B","protein_coding"
"5138","NUDT4","protein_coding"
"5139","CEP89","protein_coding"
"5140","DDX19B","protein_coding"
"5141","PPP1R14B","protein_coding"
"5142","RSPO3","protein_coding"
"5143","FUCA2","protein_coding"
"5144","ELAC2","protein_coding"
"5145","CATSPERZ","protein_coding"
"5146","SLC17A5","protein_coding"
"5147","GPNMB","protein_coding"
"5148","PRDX5","protein_coding"
"5149","SLC18A3","protein_coding"
"5150","ZNF248","protein_coding"
"5151","LRP1B","protein_coding"
"5152","WASF1","protein_coding"
"5153","RAB4B","protein_coding"
"5154","DRAM1","protein_coding"
"5155","CCDC88B","protein_coding"
"5156","TKTL2","protein_coding"
"5157","SRRM4","protein_coding"
"5158","NWD2","protein_coding"
"5159","NCOA4","protein_coding"
"5160","NPY2R","protein_coding"
"5161","PPP6R1","protein_coding"
"5162","TSPAN8","protein_coding"
"5163","SUN2","protein_coding"
"5164","PRR7","protein_coding"
"5165","KCNJ3","protein_coding"
"5166","SLC25A13","protein_coding"
"5167","TMEM177","protein_coding"
"5168","DDX41","protein_coding"
"5169","TAS2R4","protein_coding"
"5170","GARRE1","protein_coding"
"5171","LRP1","protein_coding"
"5172","CCM2","protein_coding"
"5173","LSM14A","protein_coding"
"5174","DRGX","protein_coding"
"5175","FBXO5","protein_coding"
"5176","EIF5AL1","protein_coding"
"5177","HMX2","protein_coding"
"5178","RPS6KA4","protein_coding"
"5179","PARG","protein_coding"
"5180","PTPN18","protein_coding"
"5181","PPIL4","protein_coding"
"5182","NFXL1","protein_coding"
"5183","PSG7","protein_coding"
"5184","PYGB","protein_coding"
"5185","RBP7","protein_coding"
"5186","ERMARD","protein_coding"
"5187","HSPBP1","protein_coding"
"5188","GPR157","protein_coding"
"5189","ZBTB40","protein_coding"
"5190","TIAL1","protein_coding"
"5191","ABHD12","protein_coding"
"5192","HS3ST3A1","protein_coding"
"5193","SLC6A16","protein_coding"
"5194","COX10","protein_coding"
"5195","ZNF92","protein_coding"
"5196","TIGD6","protein_coding"
"5197","MGAT5","protein_coding"
"5198","SLC22A11","protein_coding"
"5199","HMGXB3","protein_coding"
"5200","WDR86","protein_coding"
"5201","NPHP4","protein_coding"
"5202","DDX19A","protein_coding"
"5203","CDRT15","protein_coding"
"5204","CSF1R","protein_coding"
"5205","C2orf80","protein_coding"
"5206","IFRD1","protein_coding"
"5207","HS3ST3B1","protein_coding"
"5208","SLC22A12","protein_coding"
"5209","PLPP7","protein_coding"
"5210","CT45A3","protein_coding"
"5211","SLC16A9","protein_coding"
"5212","PRPSAP1","protein_coding"
"5213","CT45A6","protein_coding"
"5214","BRSK1","protein_coding"
"5215","TMEM268","protein_coding"
"5216","PIWIL3","protein_coding"
"5217","FAM107B","protein_coding"
"5218","ASIP","protein_coding"
"5219","CT45A2","protein_coding"
"5220","UTP20","protein_coding"
"5221","CT45A8","protein_coding"
"5222","TEX53","protein_coding"
"5223","AHCY","protein_coding"
"5224","FARSB","protein_coding"
"5225","TEX48","protein_coding"
"5226","TNFSF15","protein_coding"
"5227","ZC2HC1B","protein_coding"
"5228","ATP6V1G1","protein_coding"
"5229","CT45A9","protein_coding"
"5230","PSMD5","protein_coding"
"5231","RFPL2","protein_coding"
"5232","CXorf66","protein_coding"
"5233","NIPAL1","protein_coding"
"5234","SOWAHD","protein_coding"
"5235","MAP1LC3A","protein_coding"
"5236","RPL39","protein_coding"
"5237","HNMT","protein_coding"
"5238","P2RX6","protein_coding"
"5239","GINM1","protein_coding"
"5240","RNF113A","protein_coding"
"5241","NDUFA1","protein_coding"
"5242","SAMD5","protein_coding"
"5243","SPHK1","protein_coding"
"5244","PHF19","protein_coding"
"5245","PSMB1","protein_coding"
"5246","AKAP14","protein_coding"
"5247","PDGFRB","protein_coding"
"5248","LGR5","protein_coding"
"5249","ERVMER34-1","protein_coding"
"5250","BCHE","protein_coding"
"5251","PIGU","protein_coding"
"5252","RASL11B","protein_coding"
"5253","ST3GAL2","protein_coding"
"5254","SLC2A12","protein_coding"
"5255","ULBP1","protein_coding"
"5256","ADAD1","protein_coding"
"5257","NKAP","protein_coding"
"5258","COPS8","protein_coding"
"5259","SOBP","protein_coding"
"5260","RASGRP2","protein_coding"
"5261","DYNLRB1","protein_coding"
"5262","LSMEM1","protein_coding"
"5263","ARHGEF26","protein_coding"
"5264","ITCH","protein_coding"
"5265","WDR27","protein_coding"
"5266","ZNF578","protein_coding"
"5267","C14orf132","protein_coding"
"5268","C5AR1","protein_coding"
"5269","UBE2O","protein_coding"
"5270","FCSK","protein_coding"
"5271","NOS3","protein_coding"
"5272","HES5","protein_coding"
"5273","ESRRB","protein_coding"
"5274","BCOR","protein_coding"
"5275","PPP1R12C","protein_coding"
"5276","PHACTR4","protein_coding"
"5277","ERAP1","protein_coding"
"5278","CEACAM4","protein_coding"
"5279","BDKRB2","protein_coding"
"5280","CYGB","protein_coding"
"5281","APELA","protein_coding"
"5282","CEACAM21","protein_coding"
"5283","FOXN3","protein_coding"
"5284","TM4SF1","protein_coding"
"5285","PRCD","protein_coding"
"5286","TRIM32","protein_coding"
"5287","CER1","protein_coding"
"5288","TRIM60","protein_coding"
"5289","CFAP221","protein_coding"
"5290","AMTN","protein_coding"
"5291","CEACAM7","protein_coding"
"5292","ST6GALNAC2","protein_coding"
"5293","MMP14","protein_coding"
"5294","SLC9A1","protein_coding"
"5295","ADGRD1","protein_coding"
"5296","UBE2R2","protein_coding"
"5297","SLC16A8","protein_coding"
"5298","SLC9A9","protein_coding"
"5299","DCAF12","protein_coding"
"5300","ZDHHC14","protein_coding"
"5301","TMEM121B","protein_coding"
"5302","CD37","protein_coding"
"5303","ENAM","protein_coding"
"5304","IL17RA","protein_coding"
"5305","CTSL","protein_coding"
"5306","ST6GALNAC1","protein_coding"
"5307","UTP3","protein_coding"
"5308","LRRC14B","protein_coding"
"5309","GINS1","protein_coding"
"5310","CCDC127","protein_coding"
"5311","RUFY3","protein_coding"
"5312","EXOC3","protein_coding"
"5313","SFR1","protein_coding"
"5314","FREM1","protein_coding"
"5315","NEK11","protein_coding"
"5316","TRIP11","protein_coding"
"5317","RAPGEF4","protein_coding"
"5318","ASIC3","protein_coding"
"5319","FOXA2","protein_coding"
"5320","OGA","protein_coding"
"5321","PDE7B","protein_coding"
"5322","POLR3F","protein_coding"
"5323","SF3B3","protein_coding"
"5324","PAFAH2","protein_coding"
"5325","HDHD5","protein_coding"
"5326","RHBDF2","protein_coding"
"5327","SLC9A3","protein_coding"
"5328","TULP4","protein_coding"
"5329","RBBP9","protein_coding"
"5330","FTHL17","protein_coding"
"5331","GSPT2","protein_coding"
"5332","PTGES2","protein_coding"
"5333","BORCS8","protein_coding"
"5334","SEC23B","protein_coding"
"5335","AJAP1","protein_coding"
"5336","YIPF6","protein_coding"
"5337","NDUFB1","protein_coding"
"5338","AZU1","protein_coding"
"5339","CBY1","protein_coding"
"5340","CPSF2","protein_coding"
"5341","PRTN3","protein_coding"
"5342","PTAFR","protein_coding"
"5343","ZNF10","protein_coding"
"5344","CDK5","protein_coding"
"5345","SLC25A33","protein_coding"
"5346","PHF10","protein_coding"
"5347","OPHN1","protein_coding"
"5348","PLPPR3","protein_coding"
"5349","GJB3","protein_coding"
"5350","TOX4","protein_coding"
"5351","MED16","protein_coding"
"5352","RBFOX2","protein_coding"
"5353","AARS1","protein_coding"
"5354","USP17L10","protein_coding"
"5355","USP17L11","protein_coding"
"5356","USP17L12","protein_coding"
"5357","PYGM","protein_coding"
"5358","CD22","protein_coding"
"5359","USP17L13","protein_coding"
"5360","USP17L17","protein_coding"
"5361","CEP72","protein_coding"
"5362","USP17L18","protein_coding"
"5363","USP17L23","protein_coding"
"5364","ARL1","protein_coding"
"5365","EYA3","protein_coding"
"5366","USP17L5","protein_coding"
"5367","USP17L27","protein_coding"
"5368","USP17L28","protein_coding"
"5369","KCNIP2","protein_coding"
"5370","USP17L29","protein_coding"
"5371","USP17L30","protein_coding"
"5372","USP17L20","protein_coding"
"5373","USP17L21","protein_coding"
"5374","TMUB1","protein_coding"
"5375","USP17L22","protein_coding"
"5376","USP17L24","protein_coding"
"5377","ELANE","protein_coding"
"5378","USP17L25","protein_coding"
"5379","USP17L26","protein_coding"
"5380","USP17L19","protein_coding"
"5381","TPPP","protein_coding"
"5382","GIMD1","protein_coding"
"5383","SMC5","protein_coding"
"5384","CFD","protein_coding"
"5385","ASB10","protein_coding"
"5386","METTL3","protein_coding"
"5387","NUDT6","protein_coding"
"5388","IQCA1L","protein_coding"
"5389","ALKBH2","protein_coding"
"5390","SEC14L1","protein_coding"
"5391","ABCF2","protein_coding"
"5392","AIG1","protein_coding"
"5393","MAP4K2","protein_coding"
"5394","IL2","protein_coding"
"5395","VMA21","protein_coding"
"5396","MATR3","protein_coding"
"5397","ATP6AP1","protein_coding"
"5398","TAOK3","protein_coding"
"5399","TRIM59-IFT80","protein_coding"
"5400","SALL2","protein_coding"
"5401","OR13F1","protein_coding"
"5402","OR13C4","protein_coding"
"5403","OR13C8","protein_coding"
"5404","OR13C5","protein_coding"
"5405","OR13C2","protein_coding"
"5406","TNFSF10","protein_coding"
"5407","OR13C9","protein_coding"
"5408","HERPUD2","protein_coding"
"5409","NIPSNAP3A","protein_coding"
"5410","SPIN2B","protein_coding"
"5411","VCPKMT","protein_coding"
"5412","SEPTIN9","protein_coding"
"5413","RAP1GDS1","protein_coding"
"5414","KATNA1","protein_coding"
"5415","NIPSNAP3B","protein_coding"
"5416","SSX5","protein_coding"
"5417","SOS2","protein_coding"
"5418","CLDN2","protein_coding"
"5419","RSBN1L","protein_coding"
"5420","ABCA1","protein_coding"
"5421","SEPTIN10","protein_coding"
"5422","DRP2","protein_coding"
"5423","PHC3","protein_coding"
"5424","SMIM26","protein_coding"
"5425","RBCK1","protein_coding"
"5426","TMEM60","protein_coding"
"5427","TUBE1","protein_coding"
"5428","KAZN","protein_coding"
"5429","HSFX3","protein_coding"
"5430","GGCT","protein_coding"
"5431","ZXDA","protein_coding"
"5432","MAGEB18","protein_coding"
"5433","KIF26B","protein_coding"
"5434","MAGEB6","protein_coding"
"5435","MAGEB5","protein_coding"
"5436","GGT5","protein_coding"
"5437","GRIA3","protein_coding"
"5438","ASCL1","protein_coding"
"5439","USP30","protein_coding"
"5440","CRHR2","protein_coding"
"5441","LTV1","protein_coding"
"5442","TNFRSF1B","protein_coding"
"5443","L2HGDH","protein_coding"
"5444","TBR1","protein_coding"
"5445","KNDC1","protein_coding"
"5446","AFG1L","protein_coding"
"5447","IL17REL","protein_coding"
"5448","RTEL1-TNFRSF6B","protein_coding"
"5449","UBE2L3","protein_coding"
"5450","DKKL1","protein_coding"
"5451","FIGN","protein_coding"
"5452","CDKL1","protein_coding"
"5453","CPM","protein_coding"
"5454","EHD1","protein_coding"
"5455","ADA2","protein_coding"
"5456","DYNLT2","protein_coding"
"5457","UBE4B","protein_coding"
"5458","OR2T4","protein_coding"
"5459","OR2T2","protein_coding"
"5460","SPO11","protein_coding"
"5461","TBL1X","protein_coding"
"5462","OR2T1","protein_coding"
"5463","OR2T6","protein_coding"
"5464","ADAM23","protein_coding"
"5465","PPP1R37","protein_coding"
"5466","OR2T7","protein_coding"
"5467","OR2T3","protein_coding"
"5468","UBE3D","protein_coding"
"5469","OR2T5","protein_coding"
"5470","FGF8","protein_coding"
"5471","RPGRIP1","protein_coding"
"5472","MEIOC","protein_coding"
"5473","PXYLP1","protein_coding"
"5474","SLC25A42","protein_coding"
"5475","GARS1","protein_coding"
"5476","CCDC43","protein_coding"
"5477","GPR143","protein_coding"
"5478","COX18","protein_coding"
"5479","PPP2R5B","protein_coding"
"5480","ABTB3","protein_coding"
"5481","RAE1","protein_coding"
"5482","GFRA1","protein_coding"
"5483","ACP7","protein_coding"
"5484","DBF4B","protein_coding"
"5485","PAIP2","protein_coding"
"5486","MYOZ2","protein_coding"
"5487","BAG2","protein_coding"
"5488","WDR38","protein_coding"
"5489","EGFL6","protein_coding"
"5490","GPHA2","protein_coding"
"5491","OLIG3","protein_coding"
"5492","MOB1B","protein_coding"
"5493","RAB23","protein_coding"
"5494","NCCRP1","protein_coding"
"5495","GPR21","protein_coding"
"5496","FRRS1L","protein_coding"
"5497","MAJIN","protein_coding"
"5498","RAB9A","protein_coding"
"5499","PLA2G5","protein_coding"
"5500","TMEM163","protein_coding"
"5501","OFD1","protein_coding"
"5502","ODAPH","protein_coding"
"5503","SLC23A1","protein_coding"
"5504","MMRN2","protein_coding"
"5505","IFT74","protein_coding"
"5506","ADAM11","protein_coding"
"5507","BATF2","protein_coding"
"5508","YAE1","protein_coding"
"5509","HMGB2","protein_coding"
"5510","LY75-CD302","protein_coding"
"5511","LATS1","protein_coding"
"5512","COX16","protein_coding"
"5513","ARL2","protein_coding"
"5514","SNCG","protein_coding"
"5515","RBM38","protein_coding"
"5516","TMEM170A","protein_coding"
"5517","RALA","protein_coding"
"5518","PTPRU","protein_coding"
"5519","SYNJ2BP-COX16","protein_coding"
"5520","FAM25A","protein_coding"
"5521","CHST6","protein_coding"
"5522","ACOT8","protein_coding"
"5523","SHLD2","protein_coding"
"5524","CALCR","protein_coding"
"5525","FNDC3B","protein_coding"
"5526","SAP30","protein_coding"
"5527","RPH3A","protein_coding"
"5528","CDC42BPG","protein_coding"
"5529","SYNJ2BP","protein_coding"
"5530","GABARAPL2","protein_coding"
"5531","SCRG1","protein_coding"
"5532","ADGRA1","protein_coding"
"5533","ADAM21","protein_coding"
"5534","RGS17","protein_coding"
"5535","ADAM20","protein_coding"
"5536","MZB1","protein_coding"
"5537","MED6","protein_coding"
"5538","TERF2IP","protein_coding"
"5539","HAND2","protein_coding"
"5540","GPAM","protein_coding"
"5541","GPKOW","protein_coding"
"5542","DACT2","protein_coding"
"5543","GJC1","protein_coding"
"5544","DUXB","protein_coding"
"5545","IGLL1","protein_coding"
"5546","PROB1","protein_coding"
"5547","CPHXL","protein_coding"
"5548","DNAJC18","protein_coding"
"5549","MED28","protein_coding"
"5550","HIGD1B","protein_coding"
"5551","DEFB121","protein_coding"
"5552","AMFR","protein_coding"
"5553","MAGEA9","protein_coding"
"5554","OR52R1","protein_coding"
"5555","LRRC74B","protein_coding"
"5556","SLC35F1","protein_coding"
"5557","CT47A10","protein_coding"
"5558","OR51G1","protein_coding"
"5559","DEFB123","protein_coding"
"5560","OR51A2","protein_coding"
"5561","DEFB124","protein_coding"
"5562","SPATA31G1","protein_coding"
"5563","REM1","protein_coding"
"5564","FAM184B","protein_coding"
"5565","OR52E1","protein_coding"
"5566","CT47A9","protein_coding"
"5567","PAF1","protein_coding"
"5568","POLDIP3","protein_coding"
"5569","EFTUD2","protein_coding"
"5570","HBB","protein_coding"
"5571","TM9SF4","protein_coding"
"5572","CWC22","protein_coding"
"5573","CT47A8","protein_coding"
"5574","STOML2","protein_coding"
"5575","DCAF16","protein_coding"
"5576","HTR1A","protein_coding"
"5577","HBD","protein_coding"
"5578","NCAPG","protein_coding"
"5579","TECTB","protein_coding"
"5580","OGFOD1","protein_coding"
"5581","HBG2","protein_coding"
"5582","HSFX2","protein_coding"
"5583","RTL8B","protein_coding"
"5584","KIF3B","protein_coding"
"5585","RTL8C","protein_coding"
"5586","TTC9","protein_coding"
"5587","ZEB1","protein_coding"
"5588","ACSL6","protein_coding"
"5589","HBE1","protein_coding"
"5590","MED29","protein_coding"
"5591","RTL8A","protein_coding"
"5592","HECW2","protein_coding"
"5593","CEP170","protein_coding"
"5594","MAP3K9","protein_coding"
"5595","MGAM","protein_coding"
"5596","NOL4L","protein_coding"
"5597","SMIM10L2B","protein_coding"
"5598","ETDB","protein_coding"
"5599","CT55","protein_coding"
"5600","OR51B4","protein_coding"
"5601","OR51B6","protein_coding"
"5602","SI","protein_coding"
"5603","PI4KA","protein_coding"
"5604","OR51Q1","protein_coding"
"5605","PLEKHG2","protein_coding"
"5606","OR52D1","protein_coding"
"5607","ETDA","protein_coding"
"5608","UBQLN3","protein_coding"
"5609","ETDC","protein_coding"
"5610","NOCT","protein_coding"
"5611","ZNF449","protein_coding"
"5612","ATOSB","protein_coding"
"5613","UBQLNL","protein_coding"
"5614","SULF2","protein_coding"
"5615","FBXO30","protein_coding"
"5616","SMIM10L2A","protein_coding"
"5617","TBPL1","protein_coding"
"5618","OR52B6","protein_coding"
"5619","MGARP","protein_coding"
"5620","PRDX4","protein_coding"
"5621","TRIM6","protein_coding"
"5622","TCF21","protein_coding"
"5623","KARS1","protein_coding"
"5624","NDUFC1","protein_coding"
"5625","GSTA3","protein_coding"
"5626","SEC23A","protein_coding"
"5627","ACOT9","protein_coding"
"5628","GSTA4","protein_coding"
"5629","TNFRSF14","protein_coding"
"5630","HELZ2","protein_coding"
"5631","CCDC103","protein_coding"
"5632","GJB5","protein_coding"
"5633","RPS16","protein_coding"
"5634","GCM1","protein_coding"
"5635","AGO4","protein_coding"
"5636","SAXO1","protein_coding"
"5637","SLBP","protein_coding"
"5638","TUBGCP2","protein_coding"
"5639","P2RX7","protein_coding"
"5640","OR2B8P","protein_coding"
"5641","OR2B6","protein_coding"
"5642","RRAGA","protein_coding"
"5643","POU6F2","protein_coding"
"5644","AKT3","protein_coding"
"5645","KIF18B","protein_coding"
"5646","ADAMTSL1","protein_coding"
"5647","UNC93A","protein_coding"
"5648","ZBTB8B","protein_coding"
"5649","SUPT5H","protein_coding"
"5650","TRIM6-TRIM34","protein_coding"
"5651","CASZ1","protein_coding"
"5652","HIC2","protein_coding"
"5653","TTLL2","protein_coding"
"5654","YWHAB","protein_coding"
"5655","RHBDF1","protein_coding"
"5656","GIMAP2","protein_coding"
"5657","TRAPPC6B","protein_coding"
"5658","GRAP2","protein_coding"
"5659","PPP1R3G","protein_coding"
"5660","SECTM1","protein_coding"
"5661","DNAI1","protein_coding"
"5662","GIMAP1","protein_coding"
"5663","LETM1","protein_coding"
"5664","LILRA3","protein_coding"
"5665","ZDHHC6","protein_coding"
"5666","APOO","protein_coding"
"5667","GIMAP1-GIMAP5","protein_coding"
"5668","TMEM176A","protein_coding"
"5669","ENHO","protein_coding"
"5670","OR56B1","protein_coding"
"5671","RIPOR2","protein_coding"
"5672","OR52E6","protein_coding"
"5673","CNTFR","protein_coding"
"5674","RPL22L1","protein_coding"
"5675","HBG1","protein_coding"
"5676","TTC34","protein_coding"
"5677","PABPC1L","protein_coding"
"5678","LILRA5","protein_coding"
"5679","MRGPRG","protein_coding"
"5680","MRGPRE","protein_coding"
"5681","PNN","protein_coding"
"5682","CXorf58","protein_coding"
"5683","CD38","protein_coding"
"5684","RFTN2","protein_coding"
"5685","DNALI1","protein_coding"
"5686","SDCCAG8","protein_coding"
"5687","TEX19","protein_coding"
"5688","RPP25L","protein_coding"
"5689","DCTN3","protein_coding"
"5690","NPRL3","protein_coding"
"5691","SPATA16","protein_coding"
"5692","LILRA4","protein_coding"
"5693","OGFOD3","protein_coding"
"5694","ZNF195","protein_coding"
"5695","MPP1","protein_coding"
"5696","RRAGC","protein_coding"
"5697","TMA7B","protein_coding"
"5698","FAM246C","protein_coding"
"5699","NFAM1","protein_coding"
"5700","AREL1","protein_coding"
"5701","LAIR1","protein_coding"
"5702","EIF4EBP2","protein_coding"
"5703","NODAL","protein_coding"
"5704","GRIK3","protein_coding"
"5705","ZNF280B","protein_coding"
"5706","FGFBP1","protein_coding"
"5707","EBF3","protein_coding"
"5708","ZNF280A","protein_coding"
"5709","GALT","protein_coding"
"5710","ATP1B3","protein_coding"
"5711","FGFBP2","protein_coding"
"5712","PRAME","protein_coding"
"5713","INHBB","protein_coding"
"5714","TOMM34","protein_coding"
"5715","ADCK2","protein_coding"
"5716","LNPK","protein_coding"
"5717","CLK2","protein_coding"
"5718","PLA2G2D","protein_coding"
"5719","PROM1","protein_coding"
"5720","KCNS1","protein_coding"
"5721","TEKT3","protein_coding"
"5722","C10orf143","protein_coding"
"5723","GUCA2B","protein_coding"
"5724","GLRX3","protein_coding"
"5725","WFDC12","protein_coding"
"5726","NDUFB2","protein_coding"
"5727","PI3","protein_coding"
"5728","SEMG1","protein_coding"
"5729","SEMG2","protein_coding"
"5730","GGTLC2","protein_coding"
"5731","H2AB1","protein_coding"
"5732","F8A1","protein_coding"
"5733","GMPS","protein_coding"
"5734","DEFB116","protein_coding"
"5735","DEFB118","protein_coding"
"5736","GPRASP1","protein_coding"
"5737","HBZ","protein_coding"
"5738","DEFB119","protein_coding"
"5739","ACSL5","protein_coding"
"5740","PMP22","protein_coding"
"5741","HBM","protein_coding"
"5742","TMEM132D","protein_coding"
"5743","PAX1","protein_coding"
"5744","ARMCX5-GPRASP2","protein_coding"
"5745","GPRASP3","protein_coding"
"5746","ZNF341","protein_coding"
"5747","MRPS33","protein_coding"
"5748","SLC17A8","protein_coding"
"5749","HBA2","protein_coding"
"5750","ZNF385B","protein_coding"
"5751","GTPBP1","protein_coding"
"5752","PSMB2","protein_coding"
"5753","PKLR","protein_coding"
"5754","HBA1","protein_coding"
"5755","FCF1","protein_coding"
"5756","GUCY2F","protein_coding"
"5757","CCL27","protein_coding"
"5758","HBQ1","protein_coding"
"5759","DDX28","protein_coding"
"5760","EEFSEC","protein_coding"
"5761","STAC3","protein_coding"
"5762","NXT2","protein_coding"
"5763","CCL19","protein_coding"
"5764","SCAMP3","protein_coding"
"5765","SLC2A2","protein_coding"
"5766","CHCHD10","protein_coding"
"5767","SPATA31F1","protein_coding"
"5768","GLYATL1B","protein_coding"
"5769","THRAP3","protein_coding"
"5770","RALB","protein_coding"
"5771","SIGMAR1","protein_coding"
"5772","FAM111B","protein_coding"
"5773","KCNE5","protein_coding"
"5774","CPA2","protein_coding"
"5775","MMP11","protein_coding"
"5776","NFATC3","protein_coding"
"5777","YLPM1","protein_coding"
"5778","ACSL4","protein_coding"
"5779","PRXL2B","protein_coding"
"5780","TIMM50","protein_coding"
"5781","DTX4","protein_coding"
"5782","ZNF133","protein_coding"
"5783","GTF3C5","protein_coding"
"5784","GBA1","protein_coding"
"5785","CPA4","protein_coding"
"5786","BRAP","protein_coding"
"5787","DCBLD1","protein_coding"
"5788","ASCC2","protein_coding"
"5789","MPEG1","protein_coding"
"5790","SLITRK3","protein_coding"
"5791","CSGALNACT2","protein_coding"
"5792","ARL4C","protein_coding"
"5793","RASGEF1A","protein_coding"
"5794","VWA5A","protein_coding"
"5795","EDAR","protein_coding"
"5796","LGALS3","protein_coding"
"5797","CHPT1","protein_coding"
"5798","PHF3","protein_coding"
"5799","F13B","protein_coding"
"5800","KCNT2","protein_coding"
"5801","MEST","protein_coding"
"5802","GLUD1","protein_coding"
"5803","DLL3","protein_coding"
"5804","RHBDL2","protein_coding"
"5805","CFHR5","protein_coding"
"5806","CFHR2","protein_coding"
"5807","RNF103-CHMP3","protein_coding"
"5808","CFAP144","protein_coding"
"5809","ICOS","protein_coding"
"5810","DLGAP5","protein_coding"
"5811","EID2B","protein_coding"
"5812","EID2","protein_coding"
"5813","TNIK","protein_coding"
"5814","TSPYL1","protein_coding"
"5815","TBX3","protein_coding"
"5816","CHGB","protein_coding"
"5817","PNMA8A","protein_coding"
"5818","SIM1","protein_coding"
"5819","MDH1B","protein_coding"
"5820","HCN3","protein_coding"
"5821","ZMYM4","protein_coding"
"5822","TRMT6","protein_coding"
"5823","PNMA8B","protein_coding"
"5824","L3MBTL2","protein_coding"
"5825","CALM3","protein_coding"
"5826","NUP153","protein_coding"
"5827","ENTREP3","protein_coding"
"5828","SVOP","protein_coding"
"5829","MCM8","protein_coding"
"5830","ANHX","protein_coding"
"5831","FBXO34","protein_coding"
"5832","CEL","protein_coding"
"5833","BARD1","protein_coding"
"5834","SYCP3","protein_coding"
"5835","ATG14","protein_coding"
"5836","TALDO1","protein_coding"
"5837","SLC25A24","protein_coding"
"5838","ZFYVE26","protein_coding"
"5839","CHADL","protein_coding"
"5840","RALGDS","protein_coding"
"5841","GPR31","protein_coding"
"5842","FARS2","protein_coding"
"5843","DACT3","protein_coding"
"5844","H2AB2","protein_coding"
"5845","FABP6","protein_coding"
"5846","F8A2","protein_coding"
"5847","ATP6V1G3","protein_coding"
"5848","TREX2","protein_coding"
"5849","SOX10","protein_coding"
"5850","FGFR1OP2","protein_coding"
"5851","CRB3","protein_coding"
"5852","PTPRC","protein_coding"
"5853","GATD1","protein_coding"
"5854","NBPF6","protein_coding"
"5855","XRCC4","protein_coding"
"5856","PRDM13","protein_coding"
"5857","CRLS1","protein_coding"
"5858","MAFF","protein_coding"
"5859","ARSD","protein_coding"
"5860","ABCD2","protein_coding"
"5861","C1orf216","protein_coding"
"5862","DTNBP1","protein_coding"
"5863","DENND1C","protein_coding"
"5864","ACTL8","protein_coding"
"5865","TMEM184B","protein_coding"
"5866","YEATS4","protein_coding"
"5867","RLF","protein_coding"
"5868","NMUR2","protein_coding"
"5869","LRRN4","protein_coding"
"5870","ARSH","protein_coding"
"5871","CTNNA3","protein_coding"
"5872","ATRN","protein_coding"
"5873","TRPC7","protein_coding"
"5874","ARSF","protein_coding"
"5875","PGAM4","protein_coding"
"5876","TAPT1","protein_coding"
"5877","TAF9B","protein_coding"
"5878","DNAJC12","protein_coding"
"5879","CLSPN","protein_coding"
"5880","CSNK1E","protein_coding"
"5881","ARSL","protein_coding"
"5882","SIRT1","protein_coding"
"5883","CEND1","protein_coding"
"5884","GFRA4","protein_coding"
"5885","TFAP2D","protein_coding"
"5886","TNFSF9","protein_coding"
"5887","UBE2E3","protein_coding"
"5888","SMOX","protein_coding"
"5889","RNF144B","protein_coding"
"5890","CD70","protein_coding"
"5891","PXDC1","protein_coding"
"5892","INSM2","protein_coding"
"5893","AFG2A","protein_coding"
"5894","BRMS1L","protein_coding"
"5895","DNAJB12","protein_coding"
"5896","B3GALNT2","protein_coding"
"5897","TICAM2","protein_coding"
"5898","SLC25A14","protein_coding"
"5899","IYD","protein_coding"
"5900","ADAM19","protein_coding"
"5901","SLC25A22","protein_coding"
"5902","TRIP10","protein_coding"
"5903","FBXL15","protein_coding"
"5904","PPIAL4F","protein_coding"
"5905","SPRY1","protein_coding"
"5906","AGAP5","protein_coding"
"5907","FERMT1","protein_coding"
"5908","NOA1","protein_coding"
"5909","ZNF43","protein_coding"
"5910","GALNT11","protein_coding"
"5911","ZNF100","protein_coding"
"5912","SLC22A16","protein_coding"
"5913","POLR2B","protein_coding"
"5914","LBX1","protein_coding"
"5915","FAM25G","protein_coding"
"5916","ADAM12","protein_coding"
"5917","SLC35E4","protein_coding"
"5918","DDO","protein_coding"
"5919","DUSP18","protein_coding"
"5920","WRNIP1","protein_coding"
"5921","ESCO1","protein_coding"
"5922","LY75","protein_coding"
"5923","GBGT1","protein_coding"
"5924","DZANK1","protein_coding"
"5925","TCN2","protein_coding"
"5926","SERPINB1","protein_coding"
"5927","CPSF4","protein_coding"
"5928","MED18","protein_coding"
"5929","NSUN2","protein_coding"
"5930","KCNQ2","protein_coding"
"5931","SERPINB6","protein_coding"
"5932","ATP5IF1","protein_coding"
"5933","NDUFA11","protein_coding"
"5934","VMAC","protein_coding"
"5935","FUT3","protein_coding"
"5936","SESN2","protein_coding"
"5937","GTF2A1L","protein_coding"
"5938","PPP4R3A","protein_coding"
"5939","ESRP2","protein_coding"
"5940","ATP5MF","protein_coding"
"5941","IGFBP7","protein_coding"
"5942","GNL2","protein_coding"
"5943","GPR119","protein_coding"
"5944","PHEX","protein_coding"
"5945","ADNP","protein_coding"
"5946","REST","protein_coding"
"5947","ZNF789","protein_coding"
"5948","NBPF26","protein_coding"
"5949","TENT4A","protein_coding"
"5950","GJA4","protein_coding"
"5951","LIPK","protein_coding"
"5952","PPIAL4A","protein_coding"
"5953","NOTCH2NLR","protein_coding"
"5954","SH2D3A","protein_coding"
"5955","MPP7","protein_coding"
"5956","MAPK7","protein_coding"
"5957","ZSWIM2","protein_coding"
"5958","MORN1","protein_coding"
"5959","PLA2G15","protein_coding"
"5960","ZNF394","protein_coding"
"5961","MCHR1","protein_coding"
"5962","LILRB2","protein_coding"
"5963","WFDC5","protein_coding"
"5964","FAM124B","protein_coding"
"5965","TUG1","protein_coding"
"5966","FAM200A","protein_coding"
"5967","EBF4","protein_coding"
"5968","ZNF655","protein_coding"
"5969","FOXA3","protein_coding"
"5970","IRF2BP1","protein_coding"
"5971","ESR2","protein_coding"
"5972","MYPOP","protein_coding"
"5973","TTC22","protein_coding"
"5974","SFMBT2","protein_coding"
"5975","NANOS2","protein_coding"
"5976","ITPRID2","protein_coding"
"5977","ANXA5","protein_coding"
"5978","CCDC61","protein_coding"
"5979","SLC7A6","protein_coding"
"5980","HPS4","protein_coding"
"5981","MAGEB2","protein_coding"
"5982","TTLL9","protein_coding"
"5983","MAGEB4","protein_coding"
"5984","MYCBP","protein_coding"
"5985","APOBEC3A","protein_coding"
"5986","MFAP4","protein_coding"
"5987","GABRE","protein_coding"
"5988","SMIM15","protein_coding"
"5989","HINT1","protein_coding"
"5990","DLGAP3","protein_coding"
"5991","PGLYRP1","protein_coding"
"5992","IGFL3","protein_coding"
"5993","RIMS3","protein_coding"
"5994","MYT1","protein_coding"
"5995","LYRM7","protein_coding"
"5996","EMD","protein_coding"
"5997","DMWD","protein_coding"
"5998","GPLD1","protein_coding"
"5999","SMIM12","protein_coding"
"6000","RNF112","protein_coding"
"6001","SH3TC2","protein_coding"
"6002","RSPH6A","protein_coding"
"6003","ASAH2","protein_coding"
"6004","NPBWR2","protein_coding"
"6005","TMEM225B","protein_coding"
"6006","PCMTD2","protein_coding"
"6007","ZSCAN25","protein_coding"
"6008","CZIB","protein_coding"
"6009","PDE6G","protein_coding"
"6010","SSTR4","protein_coding"
"6011","THBD","protein_coding"
"6012","FRMPD3","protein_coding"
"6013","RGS19","protein_coding"
"6014","FAM151A","protein_coding"
"6015","ZNF426","protein_coding"
"6016","INTS3","protein_coding"
"6017","OXLD1","protein_coding"
"6018","CYP3A7","protein_coding"
"6019","CCDC137","protein_coding"
"6020","LKAAEAR1","protein_coding"
"6021","SLC7A6OS","protein_coding"
"6022","TRAPPC2","protein_coding"
"6023","EMILIN3","protein_coding"
"6024","LIME1","protein_coding"
"6025","FXYD4","protein_coding"
"6026","MRPL12","protein_coding"
"6027","ZNF561","protein_coding"
"6028","GJC3","protein_coding"
"6029","HNRNPF","protein_coding"
"6030","CNTNAP2","protein_coding"
"6031","PHC1","protein_coding"
"6032","NAALADL2","protein_coding"
"6033","SMPD3","protein_coding"
"6034","SLC25A10","protein_coding"
"6035","HAUS4","protein_coding"
"6036","EXOSC9","protein_coding"
"6037","ABHD16B","protein_coding"
"6038","TPD52L2","protein_coding"
"6039","ALDH5A1","protein_coding"
"6040","ZNF239","protein_coding"
"6041","DNAH7","protein_coding"
"6042","ZNF485","protein_coding"
"6043","TMEM35A","protein_coding"
"6044","CENPI","protein_coding"
"6045","ZNF32","protein_coding"
"6046","FSCN2","protein_coding"
"6047","SMDT1","protein_coding"
"6048","CCNJ","protein_coding"
"6049","NDUFA6","protein_coding"
"6050","PNPLA2","protein_coding"
"6051","OSBPL9","protein_coding"
"6052","GABRA6","protein_coding"
"6053","HAUS7","protein_coding"
"6054","DHX36","protein_coding"
"6055","MLYCD","protein_coding"
"6056","RECQL5","protein_coding"
"6057","CYP2D7","protein_coding"
"6058","PRF1","protein_coding"
"6059","OSGIN1","protein_coding"
"6060","ADAMTS14","protein_coding"
"6061","SRRM3","protein_coding"
"6062","ZNF562","protein_coding"
"6063","SNCAIP","protein_coding"
"6064","YWHAG","protein_coding"
"6065","TDP2","protein_coding"
"6066","SSC4D","protein_coding"
"6067","GATAD2B","protein_coding"
"6068","HSDL1","protein_coding"
"6069","M6PR","protein_coding"
"6070","CRACR2B","protein_coding"
"6071","SAT1","protein_coding"
"6072","ZP3","protein_coding"
"6073","PCBD1","protein_coding"
"6074","DPP10","protein_coding"
"6075","ACOT13","protein_coding"
"6076","SLC27A3","protein_coding"
"6077","TBATA","protein_coding"
"6078","FBXL12","protein_coding"
"6079","MAGEB1","protein_coding"
"6080","TLX1","protein_coding"
"6081","OR13H1","protein_coding"
"6082","TBC1D7","protein_coding"
"6083","SPACA5B","protein_coding"
"6084","DNAAF1","protein_coding"
"6085","KLRG1","protein_coding"
"6086","STARD8","protein_coding"
"6087","CALHM2","protein_coding"
"6088","TTYH1","protein_coding"
"6089","CRPPA","protein_coding"
"6090","CCNA2","protein_coding"
"6091","DNAJC5","protein_coding"
"6092","CALHM1","protein_coding"
"6093","CALHM3","protein_coding"
"6094","EHD2","protein_coding"
"6095","PZP","protein_coding"
"6096","MLDHR","protein_coding"
"6097","CD151","protein_coding"
"6098","ADAD2","protein_coding"
"6099","BBS7","protein_coding"
"6100","SOSTDC1","protein_coding"
"6101","PTPN20","protein_coding"
"6102","UCKL1","protein_coding"
"6103","NOP53","protein_coding"
"6104","MAGEB3","protein_coding"
"6105","LRRC72","protein_coding"
"6106","CXorf49B","protein_coding"
"6107","GCNA","protein_coding"
"6108","ACTB","protein_coding"
"6109","ZNF512B","protein_coding"
"6110","SLC38A8","protein_coding"
"6111","SAMD10","protein_coding"
"6112","OPN1MW2","protein_coding"
"6113","CTSV","protein_coding"
"6114","LRFN5","protein_coding"
"6115","SMIM6","protein_coding"
"6116","ITGAM","protein_coding"
"6117","OR4M1","protein_coding"
"6118","CYP2D6","protein_coding"
"6119","MAGEA9B","protein_coding"
"6120","OR6J1","protein_coding"
"6121","OR14I1","protein_coding"
"6122","LENG8","protein_coding"
"6123","SAP30BP","protein_coding"
"6124","OR10G3","protein_coding"
"6125","OR2G6","protein_coding"
"6126","OR2T29","protein_coding"
"6127","OR2T34","protein_coding"
"6128","OR2T10","protein_coding"
"6129","FAM236D","protein_coding"
"6130","OR2T11","protein_coding"
"6131","OR2T35","protein_coding"
"6132","OR2T27","protein_coding"
"6133","ACTRT1","protein_coding"
"6134","CXorf49","protein_coding"
"6135","PIKFYVE","protein_coding"
"6136","TBX5","protein_coding"
"6137","CTAG1B","protein_coding"
"6138","RALGAPA1","protein_coding"
"6139","TRPC3","protein_coding"
"6140","CTAG2","protein_coding"
"6141","ZNF552","protein_coding"
"6142","AMOT","protein_coding"
"6143","MACROD2","protein_coding"
"6144","EPM2A","protein_coding"
"6145","ZNF587B","protein_coding"
"6146","LENG9","protein_coding"
"6147","CDC42EP5","protein_coding"
"6148","SH3BP1","protein_coding"
"6149","ZNF587","protein_coding"
"6150","LAIR2","protein_coding"
"6151","MECOM","protein_coding"
"6152","FSCN1","protein_coding"
"6153","INHBC","protein_coding"
"6154","RECK","protein_coding"
"6155","ZNF417","protein_coding"
"6156","POLR2L","protein_coding"
"6157","GLI1","protein_coding"
"6158","KIR3DX1","protein_coding"
"6159","FLRT3","protein_coding"
"6160","SLC4A9","protein_coding"
"6161","ZNF256","protein_coding"
"6162","FAM156A","protein_coding"
"6163","C19orf18","protein_coding"
"6164","SMARCD3","protein_coding"
"6165","CHID1","protein_coding"
"6166","IL4I1","protein_coding"
"6167","L3MBTL1","protein_coding"
"6168","FBXL5","protein_coding"
"6169","LILRA2","protein_coding"
"6170","FIG4","protein_coding"
"6171","ARHGAP9","protein_coding"
"6172","GNE","protein_coding"
"6173","ITGAX","protein_coding"
"6174","VWC2L","protein_coding"
"6175","PAGE3","protein_coding"
"6176","LGALS1","protein_coding"
"6177","SSX4B","protein_coding"
"6178","EPB41L5","protein_coding"
"6179","NOL12","protein_coding"
"6180","MPC1L","protein_coding"
"6181","DMRTC1B","protein_coding"
"6182","DMTF1","protein_coding"
"6183","SIGLEC11","protein_coding"
"6184","LILRA1","protein_coding"
"6185","H3-3B","protein_coding"
"6186","PLA2G6","protein_coding"
"6187","GMPR","protein_coding"
"6188","PPP6C","protein_coding"
"6189","FAM200B","protein_coding"
"6190","OPRL1","protein_coding"
"6191","ITGAD","protein_coding"
"6192","LILRB1","protein_coding"
"6193","UNK","protein_coding"
"6194","UBD","protein_coding"
"6195","RABEPK","protein_coding"
"6196","VRK3","protein_coding"
"6197","ANKHD1","protein_coding"
"6198","WBP2","protein_coding"
"6199","HSPA5","protein_coding"
"6200","MOG","protein_coding"
"6201","COX6A2","protein_coding"
"6202","ZNF843","protein_coding"
"6203","ARMC5","protein_coding"
"6204","BST1","protein_coding"
"6205","KCNJ5","protein_coding"
"6206","ACO1","protein_coding"
"6207","MARS1","protein_coding"
"6208","C11orf65","protein_coding"
"6209","GYPC","protein_coding"
"6210","TGFB1I1","protein_coding"
"6211","OPN4","protein_coding"
"6212","CCDC74B","protein_coding"
"6213","BNIP3","protein_coding"
"6214","MZT2B","protein_coding"
"6215","POFUT1","protein_coding"
"6216","TUBA3E","protein_coding"
"6217","XG","protein_coding"
"6218","SMPD4","protein_coding"
"6219","MYL1","protein_coding"
"6220","CYP2E1","protein_coding"
"6221","NANP","protein_coding"
"6222","ZNF337","protein_coding"
"6223","TRIM47","protein_coding"
"6224","CRYAB","protein_coding"
"6225","PARS2","protein_coding"
"6226","DDT","protein_coding"
"6227","CEP250","protein_coding"
"6228","TRIM65","protein_coding"
"6229","SULT1E1","protein_coding"
"6230","MAP3K13","protein_coding"
"6231","ZYG11B","protein_coding"
"6232","RAB6C","protein_coding"
"6233","ANAPC1","protein_coding"
"6234","TPTEP2-CSNK1E","protein_coding"
"6235","MRPL38","protein_coding"
"6236","KCNJ4","protein_coding"
"6237","SYCE1","protein_coding"
"6238","KDELR3","protein_coding"
"6239","MAMLD1","protein_coding"
"6240","TTC4","protein_coding"
"6241","CSN1S1","protein_coding"
"6242","DDX17","protein_coding"
"6243","HSD17B10","protein_coding"
"6244","GSTT2","protein_coding"
"6245","KLF17","protein_coding"
"6246","GSTT1","protein_coding"
"6247","SPRN","protein_coding"
"6248","PLPP3","protein_coding"
"6249","NDUFB6","protein_coding"
"6250","ATOH7","protein_coding"
"6251","ZFP92","protein_coding"
"6252","TEN1-CDK3","protein_coding"
"6253","HSPB2","protein_coding"
"6254","PBLD","protein_coding"
"6255","H2BW1","protein_coding"
"6256","HSPB2-C11orf52","protein_coding"
"6257","CT45A10","protein_coding"
"6258","ANKHD1-EIF4EBP3","protein_coding"
"6259","TEN1","protein_coding"
"6260","C11orf52","protein_coding"
"6261","PDZD4","protein_coding"
"6262","TAF1L","protein_coding"
"6263","TOPORS","protein_coding"
"6264","MAP4K5","protein_coding"
"6265","C22orf15","protein_coding"
"6266","SNIP1","protein_coding"
"6267","NOTCH1","protein_coding"
"6268","DIXDC1","protein_coding"
"6269","EVPL","protein_coding"
"6270","LILRB4","protein_coding"
"6271","VEPH1","protein_coding"
"6272","HNRNPH3","protein_coding"
"6273","SGPP2","protein_coding"
"6274","CPT2","protein_coding"
"6275","GTF3C4","protein_coding"
"6276","PCDH11X","protein_coding"
"6277","TST","protein_coding"
"6278","CRACDL","protein_coding"
"6279","MBD6","protein_coding"
"6280","AK8","protein_coding"
"6281","ELFN2","protein_coding"
"6282","EIF4EBP3","protein_coding"
"6283","MFNG","protein_coding"
"6284","TANC1","protein_coding"
"6285","SMARCB1","protein_coding"
"6286","ZNF37A","protein_coding"
"6287","SPACA9","protein_coding"
"6288","NDUFA2","protein_coding"
"6289","SLC5A2","protein_coding"
"6290","DYNC1H1","protein_coding"
"6291","SRP68","protein_coding"
"6292","FOXJ3","protein_coding"
"6293","GFI1B","protein_coding"
"6294","DND1","protein_coding"
"6295","PIP4K2C","protein_coding"
"6296","ABCB11","protein_coding"
"6297","HNF4A","protein_coding"
"6298","TACR2","protein_coding"
"6299","CARD10","protein_coding"
"6300","ZNF41","protein_coding"
"6301","G6PC2","protein_coding"
"6302","ZNF473","protein_coding"
"6303","HARS2","protein_coding"
"6304","ZMIZ1","protein_coding"
"6305","TMEFF2","protein_coding"
"6306","STATH","protein_coding"
"6307","PNMA3","protein_coding"
"6308","NKAPD1","protein_coding"
"6309","SPC25","protein_coding"
"6310","ZNF674","protein_coding"
"6311","HLA-F","protein_coding"
"6312","AHSP","protein_coding"
"6313","HTN1","protein_coding"
"6314","SLC49A4","protein_coding"
"6315","MNT","protein_coding"
"6316","DTX3","protein_coding"
"6317","FOXD4","protein_coding"
"6318","NOSTRIN","protein_coding"
"6319","PSAP","protein_coding"
"6320","ASPDH","protein_coding"
"6321","METTL16","protein_coding"
"6322","CHST2","protein_coding"
"6323","CDIPT","protein_coding"
"6324","WASHC2C","protein_coding"
"6325","PRR27","protein_coding"
"6326","LRSAM1","protein_coding"
"6327","USP51","protein_coding"
"6328","TIMM8B","protein_coding"
"6329","DMRTC1","protein_coding"
"6330","ARHGEF25","protein_coding"
"6331","SEMA5B","protein_coding"
"6332","ABCA12","protein_coding"
"6333","LRRC4B","protein_coding"
"6334","TEX12","protein_coding"
"6335","HTN3","protein_coding"
"6336","FAM133A","protein_coding"
"6337","F9","protein_coding"
"6338","COIL","protein_coding"
"6339","TMC4","protein_coding"
"6340","BCO2","protein_coding"
"6341","SYT3","protein_coding"
"6342","JCHAIN","protein_coding"
"6343","SCPEP1","protein_coding"
"6344","CDC42EP1","protein_coding"
"6345","TUT4","protein_coding"
"6346","TMEM14B","protein_coding"
"6347","SOWAHB","protein_coding"
"6348","B4GALNT1","protein_coding"
"6349","KLB","protein_coding"
"6350","LGALS2","protein_coding"
"6351","ZKSCAN5","protein_coding"
"6352","C19orf81","protein_coding"
"6353","FATE1","protein_coding"
"6354","GPR32","protein_coding"
"6355","TTLL8","protein_coding"
"6356","ACP4","protein_coding"
"6357","MAGEA4","protein_coding"
"6358","CTSA","protein_coding"
"6359","LIAS","protein_coding"
"6360","RAC2","protein_coding"
"6361","KLK1","protein_coding"
"6362","TMEM130","protein_coding"
"6363","ASPHD1","protein_coding"
"6364","ZFP14","protein_coding"
"6365","ZFP82","protein_coding"
"6366","ACIN1","protein_coding"
"6367","AKAP1","protein_coding"
"6368","TGOLN2","protein_coding"
"6369","MAGED4","protein_coding"
"6370","ZNF260","protein_coding"
"6371","RETSAT","protein_coding"
"6372","CRYGD","protein_coding"
"6373","AOC1","protein_coding"
"6374","TSPAN31","protein_coding"
"6375","CAMK1D","protein_coding"
"6376","ZNF529","protein_coding"
"6377","CRYGC","protein_coding"
"6378","ATR","protein_coding"
"6379","APOL1","protein_coding"
"6380","GPC4","protein_coding"
"6381","PTS","protein_coding"
"6382","FASTKD2","protein_coding"
"6383","ZMAT2","protein_coding"
"6384","ALDOA","protein_coding"
"6385","HIPK4","protein_coding"
"6386","GAL3ST2","protein_coding"
"6387","CDK4","protein_coding"
"6388","SERTAD1","protein_coding"
"6389","MICU1","protein_coding"
"6390","NEU4","protein_coding"
"6391","GPR173","protein_coding"
"6392","SERTAD3","protein_coding"
"6393","RNF216","protein_coding"
"6394","TSPYL2","protein_coding"
"6395","PLET1","protein_coding"
"6396","PSG6","protein_coding"
"6397","MAK","protein_coding"
"6398","KLF18","protein_coding"
"6399","SYCN","protein_coding"
"6400","CLEC17A","protein_coding"
"6401","TANK","protein_coding"
"6402","MAGOH","protein_coding"
"6403","MSI2","protein_coding"
"6404","AADACL2","protein_coding"
"6405","CDKN2C","protein_coding"
"6406","FMR1NB","protein_coding"
"6407","PHF14","protein_coding"
"6408","GAS2L1","protein_coding"
"6409","MARCHF9","protein_coding"
"6410","TAB3","protein_coding"
"6411","METTL1","protein_coding"
"6412","C1orf87","protein_coding"
"6413","RBP4","protein_coding"
"6414","EEF1AKMT3","protein_coding"
"6415","RTP5","protein_coding"
"6416","PDCD1","protein_coding"
"6417","UGDH","protein_coding"
"6418","TEAD2","protein_coding"
"6419","ARHGAP21","protein_coding"
"6420","MAGEA10","protein_coding"
"6421","TSFM","protein_coding"
"6422","LILRB3","protein_coding"
"6423","ZSWIM5","protein_coding"
"6424","GCM2","protein_coding"
"6425","RIMBP3B","protein_coding"
"6426","FAM246A","protein_coding"
"6427","ZFP57","protein_coding"
"6428","MRTFA","protein_coding"
"6429","MED12","protein_coding"
"6430","WTAP","protein_coding"
"6431","OR4C46","protein_coding"
"6432","OMA1","protein_coding"
"6433","CEP41","protein_coding"
"6434","OR52L1","protein_coding"
"6435","CUEDC1","protein_coding"
"6436","OR56B4","protein_coding"
"6437","CALCRL","protein_coding"
"6438","OR8A1","protein_coding"
"6439","SLC35D1","protein_coding"
"6440","C12orf50","protein_coding"
"6441","GUCY1A2","protein_coding"
"6442","SLC33A1","protein_coding"
"6443","VEZF1","protein_coding"
"6444","RPL9","protein_coding"
"6445","ACAT2","protein_coding"
"6446","CHURC1-FNTB","protein_coding"
"6447","SRSF1","protein_coding"
"6448","RLIG1","protein_coding"
"6449","TCP1","protein_coding"
"6450","EEF1A2","protein_coding"
"6451","RAB15","protein_coding"
"6452","TM4SF4","protein_coding"
"6453","ANKRD44","protein_coding"
"6454","SLC37A2","protein_coding"
"6455","DYNLL2","protein_coding"
"6456","FMR1","protein_coding"
"6457","MRPS34","protein_coding"
"6458","EPX","protein_coding"
"6459","GHSR","protein_coding"
"6460","TRIM43","protein_coding"
"6461","ANKRD40CL","protein_coding"
"6462","PROM2","protein_coding"
"6463","GPR149","protein_coding"
"6464","JMJD1C","protein_coding"
"6465","LRRC43","protein_coding"
"6466","BLCAP","protein_coding"
"6467","FAHD2A","protein_coding"
"6468","NME2","protein_coding"
"6469","NUBP2","protein_coding"
"6470","TRMT10A","protein_coding"
"6471","LILRA6","protein_coding"
"6472","JOSD2","protein_coding"
"6473","TAMM41","protein_coding"
"6474","TLX3","protein_coding"
"6475","IL31","protein_coding"
"6476","NNAT","protein_coding"
"6477","CLSTN2","protein_coding"
"6478","FNTB","protein_coding"
"6479","B3GNT4","protein_coding"
"6480","LRP8","protein_coding"
"6481","FGF18","protein_coding"
"6482","NINL","protein_coding"
"6483","TLCD5","protein_coding"
"6484","MEIOSIN","protein_coding"
"6485","C2orf88","protein_coding"
"6486","FOXI1","protein_coding"
"6487","RAX2","protein_coding"
"6488","IKBIP","protein_coding"
"6489","KLHL24","protein_coding"
"6490","KCNMB1","protein_coding"
"6491","ZNF724","protein_coding"
"6492","MRPL52","protein_coding"
"6493","PSMD14","protein_coding"
"6494","NDEL1","protein_coding"
"6495","USP47","protein_coding"
"6496","SIGLEC1","protein_coding"
"6497","HAT1","protein_coding"
"6498","METAP1D","protein_coding"
"6499","LCP2","protein_coding"
"6500","LAMB1","protein_coding"
"6501","DLX1","protein_coding"
"6502","TBX1","protein_coding"
"6503","SLC25A12","protein_coding"
"6504","VCP","protein_coding"
"6505","DYNC1I2","protein_coding"
"6506","INO80D","protein_coding"
"6507","SMC3","protein_coding"
"6508","LILRB5","protein_coding"
"6509","MED26","protein_coding"
"6510","MRPL18","protein_coding"
"6511","EDEM2","protein_coding"
"6512","SH3BP4","protein_coding"
"6513","PNLDC1","protein_coding"
"6514","PIN1","protein_coding"
"6515","NDUFS1","protein_coding"
"6516","AANAT","protein_coding"
"6517","IL17RD","protein_coding"
"6518","IGFALS","protein_coding"
"6519","CCDC196","protein_coding"
"6520","UQCC1","protein_coding"
"6521","LZTR1","protein_coding"
"6522","HAGH","protein_coding"
"6523","ZNF652","protein_coding"
"6524","XRCC1","protein_coding"
"6525","RPL7L1","protein_coding"
"6526","ZDHHC22","protein_coding"
"6527","SLC4A10","protein_coding"
"6528","KIF5C","protein_coding"
"6529","MYPN","protein_coding"
"6530","GSTZ1","protein_coding"
"6531","HARS1","protein_coding"
"6532","C6orf226","protein_coding"
"6533","MYRFL","protein_coding"
"6534","PTCRA","protein_coding"
"6535","ELF5","protein_coding"
"6536","MAPK10","protein_coding"
"6537","GNMT","protein_coding"
"6538","LDB3","protein_coding"
"6539","PEX6","protein_coding"
"6540","KCNMB4","protein_coding"
"6541","A2M","protein_coding"
"6542","WDR18","protein_coding"
"6543","DPYSL4","protein_coding"
"6544","JMJD6","protein_coding"
"6545","PITPNB","protein_coding"
"6546","DNAJC13","protein_coding"
"6547","PPP2R5D","protein_coding"
"6548","VAC14","protein_coding"
"6549","PHOSPHO1","protein_coding"
"6550","PAK1","protein_coding"
"6551","JAKMIP3","protein_coding"
"6552","GOSR1","protein_coding"
"6553","HAO1","protein_coding"
"6554","TMED8","protein_coding"
"6555","PURA","protein_coding"
"6556","IGIP","protein_coding"
"6557","NUDT14","protein_coding"
"6558","CYSTM1","protein_coding"
"6559","TMX4","protein_coding"
"6560","PLCB1","protein_coding"
"6561","PFDN1","protein_coding"
"6562","BDH1","protein_coding"
"6563","MN1","protein_coding"
"6564","PPP1R36","protein_coding"
"6565","RBX1","protein_coding"
"6566","AVPR1A","protein_coding"
"6567","TEKT5","protein_coding"
"6568","MSRB3","protein_coding"
"6569","SRP19","protein_coding"
"6570","HGD","protein_coding"
"6571","PLEKHG3","protein_coding"
"6572","CRYGA","protein_coding"
"6573","NUBP1","protein_coding"
"6574","NR2C2AP","protein_coding"
"6575","ITM2C","protein_coding"
"6576","EEF1B2","protein_coding"
"6577","SPTB","protein_coding"
"6578","PRX","protein_coding"
"6579","REEP5","protein_coding"
"6580","HEXD","protein_coding"
"6581","POGLUT1","protein_coding"
"6582","KCNV2","protein_coding"
"6583","RCN1","protein_coding"
"6584","VLDLR","protein_coding"
"6585","AGAP4","protein_coding"
"6586","C12orf75","protein_coding"
"6587","CMKLR2","protein_coding"
"6588","TVP23A","protein_coding"
"6589","GRIK4","protein_coding"
"6590","IZUMO1","protein_coding"
"6591","MBLAC2","protein_coding"
"6592","TRIM42","protein_coding"
"6593","TLK1","protein_coding"
"6594","ZDBF2","protein_coding"
"6595","POLR3G","protein_coding"
"6596","GBF1","protein_coding"
"6597","POTEH","protein_coding"
"6598","POMT2","protein_coding"
"6599","ZNF268","protein_coding"
"6600","DGKG","protein_coding"
"6601","FGF21","protein_coding"
"6602","MEA1","protein_coding"
"6603","LRRC61","protein_coding"
"6604","BCAT2","protein_coding"
"6605","RARRES2","protein_coding"
"6606","DEXI","protein_coding"
"6607","LYSMD3","protein_coding"
"6608","IFT20","protein_coding"
"6609","RRP36","protein_coding"
"6610","IGLL5","protein_coding"
"6611","COG7","protein_coding"
"6612","SH3GLB2","protein_coding"
"6613","NUP205","protein_coding"
"6614","KLC4","protein_coding"
"6615","GABRG2","protein_coding"
"6616","TRMT2A","protein_coding"
"6617","CSTPP1","protein_coding"
"6618","EARS2","protein_coding"
"6619","NME1","protein_coding"
"6620","DYRK2","protein_coding"
"6621","CRYGB","protein_coding"
"6622","XAGE3","protein_coding"
"6623","MUC20","protein_coding"
"6624","WASHC4","protein_coding"
"6625","KIAA2012","protein_coding"
"6626","FRMD7","protein_coding"
"6627","TCEANC2","protein_coding"
"6628","KLHL6","protein_coding"
"6629","TSHZ2","protein_coding"
"6630","MUC4","protein_coding"
"6631","SCRN1","protein_coding"
"6632","GPR55","protein_coding"
"6633","MYOCD","protein_coding"
"6634","GPRASP2","protein_coding"
"6635","ZNF217","protein_coding"
"6636","UBFD1","protein_coding"
"6637","RANGAP1","protein_coding"
"6638","SLC39A10","protein_coding"
"6639","MAOA","protein_coding"
"6640","USP1","protein_coding"
"6641","ADAMTS9","protein_coding"
"6642","KIF16B","protein_coding"
"6643","MXRA5","protein_coding"
"6644","DOLPP1","protein_coding"
"6645","GAGE12C","protein_coding"
"6646","NDUFAB1","protein_coding"
"6647","FKBP14","protein_coding"
"6648","GAGE12D","protein_coding"
"6649","GRAP","protein_coding"
"6650","HSD17B14","protein_coding"
"6651","GAGE12F","protein_coding"
"6652","AEBP1","protein_coding"
"6653","GAGE12E","protein_coding"
"6654","DCTN5","protein_coding"
"6655","OR4E2","protein_coding"
"6656","BTBD6","protein_coding"
"6657","TFPI","protein_coding"
"6658","TP53INP2","protein_coding"
"6659","METTL23","protein_coding"
"6660","GAGE12G","protein_coding"
"6661","DHDH","protein_coding"
"6662","NLRP14","protein_coding"
"6663","COCH","protein_coding"
"6664","PKN3","protein_coding"
"6665","GGT7","protein_coding"
"6666","GAGE12H","protein_coding"
"6667","RCOR2","protein_coding"
"6668","AK5","protein_coding"
"6669","GAGE2A","protein_coding"
"6670","ZNF585A","protein_coding"
"6671","GAGE1","protein_coding"
"6672","PLK1","protein_coding"
"6673","KCNC2","protein_coding"
"6674","MYL7","protein_coding"
"6675","GAGE10","protein_coding"
"6676","NAA40","protein_coding"
"6677","GAGE12J","protein_coding"
"6678","MRPL2","protein_coding"
"6679","ACSS2","protein_coding"
"6680","BOK","protein_coding"
"6681","ZNF585B","protein_coding"
"6682","ZDHHC12","protein_coding"
"6683","GIPC2","protein_coding"
"6684","MKS1","protein_coding"
"6685","CCDC115","protein_coding"
"6686","GAGE13","protein_coding"
"6687","ZFC3H1","protein_coding"
"6688","ANGPTL3","protein_coding"
"6689","VPS37D","protein_coding"
"6690","MAGT1","protein_coding"
"6691","DNAJC30","protein_coding"
"6692","ZER1","protein_coding"
"6693","STX1A","protein_coding"
"6694","COX8A","protein_coding"
"6695","ZNF792","protein_coding"
"6696","JPT2","protein_coding"
"6697","MACROD1","protein_coding"
"6698","B3GNT5","protein_coding"
"6699","PTK7","protein_coding"
"6700","DNAJC6","protein_coding"
"6701","LGI4","protein_coding"
"6702","TBC1D13","protein_coding"
"6703","GOLIM4","protein_coding"
"6704","GABRQ","protein_coding"
"6705","STIP1","protein_coding"
"6706","TNS2","protein_coding"
"6707","CEP120","protein_coding"
"6708","AK4","protein_coding"
"6709","STRN3","protein_coding"
"6710","MAGEA3","protein_coding"
"6711","OSBPL6","protein_coding"
"6712","LEPROT","protein_coding"
"6713","SARM1","protein_coding"
"6714","MAGEA2B","protein_coding"
"6715","FXYD7","protein_coding"
"6716","ENDOG","protein_coding"
"6717","CCNF","protein_coding"
"6718","SPOUT1","protein_coding"
"6719","CACHD1","protein_coding"
"6720","TPST2","protein_coding"
"6721","CLDN3","protein_coding"
"6722","CCDC50","protein_coding"
"6723","METTL27","protein_coding"
"6724","FARSA","protein_coding"
"6725","CSAG1","protein_coding"
"6726","TMEM270","protein_coding"
"6727","SLC46A1","protein_coding"
"6728","FLRT2","protein_coding"
"6729","RBM28","protein_coding"
"6730","MAGEA12","protein_coding"
"6731","PAPOLA","protein_coding"
"6732","MAGEA2","protein_coding"
"6733","GGTLC3","protein_coding"
"6734","TEDC2","protein_coding"
"6735","GK5","protein_coding"
"6736","UNC119","protein_coding"
"6737","RIMBP3","protein_coding"
"6738","MCOLN2","protein_coding"
"6739","FAM246B","protein_coding"
"6740","FAXDC2","protein_coding"
"6741","SLC7A4","protein_coding"
"6742","KYAT1","protein_coding"
"6743","CETN2","protein_coding"
"6744","RGL4","protein_coding"
"6745","HILPDA","protein_coding"
"6746","NSDHL","protein_coding"
"6747","METTL2B","protein_coding"
"6748","ALDOC","protein_coding"
"6749","MYH7B","protein_coding"
"6750","ST6GALNAC5","protein_coding"
"6751","RAD23A","protein_coding"
"6752","PNMA5","protein_coding"
"6753","EHHADH","protein_coding"
"6754","ATG4C","protein_coding"
"6755","EIF2S3","protein_coding"
"6756","GEMIN5","protein_coding"
"6757","ALKBH4","protein_coding"
"6758","LRWD1","protein_coding"
"6759","PTPRT","protein_coding"
"6760","KLHL15","protein_coding"
"6761","MTM1","protein_coding"
"6762","EIF2B5","protein_coding"
"6763","NTN3","protein_coding"
"6764","ZNF70","protein_coding"
"6765","LRRC8A","protein_coding"
"6766","VPREB3","protein_coding"
"6767","GADD45GIP1","protein_coding"
"6768","ATP6V0C","protein_coding"
"6769","TMEM150B","protein_coding"
"6770","PHYHD1","protein_coding"
"6771","ACKR3","protein_coding"
"6772","EWSR1","protein_coding"
"6773","LRRC70","protein_coding"
"6774","DTYMK","protein_coding"
"6775","UPK3BL1","protein_coding"
"6776","CEMP1","protein_coding"
"6777","ADGRL4","protein_coding"
"6778","GABRB2","protein_coding"
"6779","CHURC1","protein_coding"
"6780","KMT5C","protein_coding"
"6781","GNAS","protein_coding"
"6782","GEMIN2","protein_coding"
"6783","PPP3R1","protein_coding"
"6784","CFAP69","protein_coding"
"6785","COX6B2","protein_coding"
"6786","RBM43","protein_coding"
"6787","NLGN3","protein_coding"
"6788","SPAG5","protein_coding"
"6789","SRF","protein_coding"
"6790","GARIN5B","protein_coding"
"6791","SP100","protein_coding"
"6792","GJA9","protein_coding"
"6793","CCNI2","protein_coding"
"6794","CUL9","protein_coding"
"6795","IL11","protein_coding"
"6796","DPF3","protein_coding"
"6797","ZFP62","protein_coding"
"6798","DOLK","protein_coding"
"6799","NUP188","protein_coding"
"6800","TTLL7","protein_coding"
"6801","RAD52","protein_coding"
"6802","SHQ1","protein_coding"
"6803","MGAT1","protein_coding"
"6804","TMEM190","protein_coding"
"6805","TMEM238","protein_coding"
"6806","LAS1L","protein_coding"
"6807","RPL28","protein_coding"
"6808","GTPBP10","protein_coding"
"6809","RNF121","protein_coding"
"6810","FBXO45","protein_coding"
"6811","CETN3","protein_coding"
"6812","PABPN1","protein_coding"
"6813","YEATS2","protein_coding"
"6814","SDF2","protein_coding"
"6815","CLINT1","protein_coding"
"6816","SDR39U1","protein_coding"
"6817","UBE2S","protein_coding"
"6818","SUPT6H","protein_coding"
"6819","CLDN12","protein_coding"
"6820","ISOC2","protein_coding"
"6821","NHS","protein_coding"
"6822","DNPH1","protein_coding"
"6823","CRAT","protein_coding"
"6824","LAMTOR1","protein_coding"
"6825","PLAAT1","protein_coding"
"6826","LPAR4","protein_coding"
"6827","PYDC2","protein_coding"
"6828","RNF168","protein_coding"
"6829","KDM4A","protein_coding"
"6830","KHDC1L","protein_coding"
"6831","DPPA5","protein_coding"
"6832","PHF6","protein_coding"
"6833","MB21D2","protein_coding"
"6834","KHDC3L","protein_coding"
"6835","NGB","protein_coding"
"6836","NAT14","protein_coding"
"6837","METRN","protein_coding"
"6838","RNASE3","protein_coding"
"6839","P3H2","protein_coding"
"6840","CDK14","protein_coding"
"6841","DDX43","protein_coding"
"6842","IPO11","protein_coding"
"6843","DYNC2I2","protein_coding"
"6844","SSC5D","protein_coding"
"6845","PHOX2A","protein_coding"
"6846","ANTKMT","protein_coding"
"6847","LPCAT3","protein_coding"
"6848","ZNHIT6","protein_coding"
"6849","SEMA4D","protein_coding"
"6850","GUCA1B","protein_coding"
"6851","CRYBG1","protein_coding"
"6852","SBK2","protein_coding"
"6853","SBK3","protein_coding"
"6854","CIAO3","protein_coding"
"6855","AKR1C2","protein_coding"
"6856","WDR53","protein_coding"
"6857","KIAA0930","protein_coding"
"6858","ZNF579","protein_coding"
"6859","HPRT1","protein_coding"
"6860","FIZ1","protein_coding"
"6861","MROH7","protein_coding"
"6862","ZNF524","protein_coding"
"6863","TPRG1","protein_coding"
"6864","ZNF784","protein_coding"
"6865","PLAC1","protein_coding"
"6866","ZNF580","protein_coding"
"6867","BTAF1","protein_coding"
"6868","RTN4IP1","protein_coding"
"6869","PABIR2","protein_coding"
"6870","ZNF581","protein_coding"
"6871","CCDC106","protein_coding"
"6872","QRSL1","protein_coding"
"6873","RAB34","protein_coding"
"6874","GTF3C6","protein_coding"
"6875","RPF2","protein_coding"
"6876","ADIPOQ","protein_coding"
"6877","TMCO6","protein_coding"
"6878","UPK3A","protein_coding"
"6879","FZD1","protein_coding"
"6880","SWAP70","protein_coding"
"6881","PTTG1IP2","protein_coding"
"6882","CAV1","protein_coding"
"6883","ATP13A4","protein_coding"
"6884","GCSAM","protein_coding"
"6885","ZRANB3","protein_coding"
"6886","TFB1M","protein_coding"
"6887","NEURL1","protein_coding"
"6888","FAM118A","protein_coding"
"6889","EPN1","protein_coding"
"6890","MSLN","protein_coding"
"6891","CLDN20","protein_coding"
"6892","NOX3","protein_coding"
"6893","PROX2","protein_coding"
"6894","USP6NL","protein_coding"
"6895","SIPA1L1","protein_coding"
"6896","GTF2H4","protein_coding"
"6897","PHF8","protein_coding"
"6898","SLC9C1","protein_coding"
"6899","ZNF510","protein_coding"
"6900","SMC1B","protein_coding"
"6901","NFE2L3","protein_coding"
"6902","BRD8","protein_coding"
"6903","ASTN2","protein_coding"
"6904","NLRP9","protein_coding"
"6905","SVIL","protein_coding"
"6906","CBX3","protein_coding"
"6907","ADM","protein_coding"
"6908","UGT2B15","protein_coding"
"6909","RFPL4AL1","protein_coding"
"6910","RIBC2","protein_coding"
"6911","GAMT","protein_coding"
"6912","TMPRSS11E","protein_coding"
"6913","PTGFR","protein_coding"
"6914","SPHKAP","protein_coding"
"6915","FBLN1","protein_coding"
"6916","LMO4","protein_coding"
"6917","GMNC","protein_coding"
"6918","SMCO1","protein_coding"
"6919","YTHDC1","protein_coding"
"6920","PRPF38A","protein_coding"
"6921","RNF141","protein_coding"
"6922","ETV5","protein_coding"
"6923","TMEM17","protein_coding"
"6924","SFTA2","protein_coding"
"6925","DAZAP1","protein_coding"
"6926","RPS3A","protein_coding"
"6927","PSMA2","protein_coding"
"6928","PIGK","protein_coding"
"6929","MUC21","protein_coding"
"6930","SH3D19","protein_coding"
"6931","CRY2","protein_coding"
"6932","C6orf15","protein_coding"
"6933","PSORS1C1","protein_coding"
"6934","PRSS48","protein_coding"
"6935","CDSN","protein_coding"
"6936","PSORS1C2","protein_coding"
"6937","GUCA2A","protein_coding"
"6938","KCNIP4","protein_coding"
"6939","MRPL32","protein_coding"
"6940","SPG7","protein_coding"
"6941","RPL23A","protein_coding"
"6942","ZBTB1","protein_coding"
"6943","C3orf33","protein_coding"
"6944","DNAJC2","protein_coding"
"6945","TRIM9","protein_coding"
"6946","SPATS2L","protein_coding"
"6947","VARS2","protein_coding"
"6948","C19orf25","protein_coding"
"6949","TLCD1","protein_coding"
"6950","EIF5A2","protein_coding"
"6951","MAPK8IP1","protein_coding"
"6952","HIF1A","protein_coding"
"6953","GGTA1","protein_coding"
"6954","NEK8","protein_coding"
"6955","LRRC26","protein_coding"
"6956","OMD","protein_coding"
"6957","LCN8","protein_coding"
"6958","MBD3","protein_coding"
"6959","CSDC2","protein_coding"
"6960","C22orf42","protein_coding"
"6961","PDXP","protein_coding"
"6962","GPSM1","protein_coding"
"6963","U2SURP","protein_coding"
"6964","CCDC117","protein_coding"
"6965","FAM120C","protein_coding"
"6966","FREY1","protein_coding"
"6967","MCU","protein_coding"
"6968","LIMK1","protein_coding"
"6969","PEX16","protein_coding"
"6970","KCNJ2","protein_coding"
"6971","DOCK7","protein_coding"
"6972","ZACN","protein_coding"
"6973","SGSM1","protein_coding"
"6974","NYX","protein_coding"
"6975","TMEM185A","protein_coding"
"6976","GALR2","protein_coding"
"6977","NUTM2E","protein_coding"
"6978","APC2","protein_coding"
"6979","PLCE1","protein_coding"
"6980","PRDM9","protein_coding"
"6981","EXOC7","protein_coding"
"6982","PSMC2","protein_coding"
"6983","POMT1","protein_coding"
"6984","LARGE2","protein_coding"
"6985","RBMX2","protein_coding"
"6986","SNAPC1","protein_coding"
"6987","GPR34","protein_coding"
"6988","PROP1","protein_coding"
"6989","FAM222A","protein_coding"
"6990","CREB3L1","protein_coding"
"6991","DACH2","protein_coding"
"6992","CROT","protein_coding"
"6993","RFPL1","protein_coding"
"6994","CLTCL1","protein_coding"
"6995","FAM76B","protein_coding"
"6996","TRPV4","protein_coding"
"6997","ELF4","protein_coding"
"6998","RAPGEF6","protein_coding"
"6999","LRRTM3","protein_coding"
"7000","TAF3","protein_coding"
"7001","DIAPH2","protein_coding"
"7002","PDCD4","protein_coding"
"7003","ABCB4","protein_coding"
"7004","COL4A6","protein_coding"
"7005","CEP57","protein_coding"
"7006","ZNF699","protein_coding"
"7007","ZNF560","protein_coding"
"7008","BBIP1","protein_coding"
"7009","PRR18","protein_coding"
"7010","WDR25","protein_coding"
"7011","SFT2D1","protein_coding"
"7012","EDDM13","protein_coding"
"7013","ADGRG7","protein_coding"
"7014","DGCR8","protein_coding"
"7015","ZNF583","protein_coding"
"7016","TBXT","protein_coding"
"7017","SHOC2","protein_coding"
"7018","ABCB1","protein_coding"
"7019","CPA3","protein_coding"
"7020","EFEMP2","protein_coding"
"7021","COL5A3","protein_coding"
"7022","MRS2","protein_coding"
"7023","CCDC197","protein_coding"
"7024","GYG1","protein_coding"
"7025","SMTN","protein_coding"
"7026","LPCAT1","protein_coding"
"7027","BEND3","protein_coding"
"7028","PREP","protein_coding"
"7029","RDH8","protein_coding"
"7030","CLPTM1L","protein_coding"
"7031","ADRA2A","protein_coding"
"7032","SOHLH1","protein_coding"
"7033","PLEKHM3","protein_coding"
"7034","SHFL","protein_coding"
"7035","EGR2","protein_coding"
"7036","TAF5","protein_coding"
"7037","FIBP","protein_coding"
"7038","IQCA1","protein_coding"
"7039","ABT1","protein_coding"
"7040","USP54","protein_coding"
"7041","BTN2A1","protein_coding"
"7042","KCNT1","protein_coding"
"7043","SELENOM","protein_coding"
"7044","SMN2","protein_coding"
"7045","HSPA2","protein_coding"
"7046","HMGN4","protein_coding"
"7047","NKX2-1","protein_coding"
"7048","BTN1A1","protein_coding"
"7049","SCAF8","protein_coding"
"7050","PPAN-P2RY11","protein_coding"
"7051","PPIA","protein_coding"
"7052","HLTF","protein_coding"
"7053","OTX2","protein_coding"
"7054","GLTP","protein_coding"
"7055","FOXJ1","protein_coding"
"7056","PLA2G3","protein_coding"
"7057","SKA2","protein_coding"
"7058","RNF185","protein_coding"
"7059","PPAN","protein_coding"
"7060","PRR11","protein_coding"
"7061","PLCZ1","protein_coding"
"7062","H2AZ2","protein_coding"
"7063","SLC6A3","protein_coding"
"7064","GPR132","protein_coding"
"7065","GTF2H2","protein_coding"
"7066","P2RY11","protein_coding"
"7067","LIMK2","protein_coding"
"7068","FRMPD2","protein_coding"
"7069","EIF3G","protein_coding"
"7070","JAG2","protein_coding"
"7071","CILK1","protein_coding"
"7072","RTN4RL1","protein_coding"
"7073","CCDC85B","protein_coding"
"7074","PURB","protein_coding"
"7075","FOSL1","protein_coding"
"7076","DPH1","protein_coding"
"7077","CPNE7","protein_coding"
"7078","DBNL","protein_coding"
"7079","ATXN3L","protein_coding"
"7080","VCX3B","protein_coding"
"7081","C11orf68","protein_coding"
"7082","CAPZA3","protein_coding"
"7083","SEMA6A","protein_coding"
"7084","SLC38A5","protein_coding"
"7085","DRAP1","protein_coding"
"7086","CENPW","protein_coding"
"7087","PIK3C2G","protein_coding"
"7088","SLC45A2","protein_coding"
"7089","KCNK16","protein_coding"
"7090","RXFP3","protein_coding"
"7091","RTL10","protein_coding"
"7092","CDK10","protein_coding"
"7093","SEPTIN3","protein_coding"
"7094","OVCA2","protein_coding"
"7095","HIC1","protein_coding"
"7096","SART1","protein_coding"
"7097","TMEM200A","protein_coding"
"7098","S1PR2","protein_coding"
"7099","PACS2","protein_coding"
"7100","B3GNT2","protein_coding"
"7101","HPS3","protein_coding"
"7102","MRPL4","protein_coding"
"7103","SMG6","protein_coding"
"7104","MAPK8","protein_coding"
"7105","VCX3A","protein_coding"
"7106","CCDC93","protein_coding"
"7107","REPS1","protein_coding"
"7108","TCEAL4","protein_coding"
"7109","RANBP3L","protein_coding"
"7110","EPYC","protein_coding"
"7111","LUM","protein_coding"
"7112","NEGR1","protein_coding"
"7113","RPN1","protein_coding"
"7114","DCN","protein_coding"
"7115","BRCC3","protein_coding"
"7116","SHISAL2A","protein_coding"
"7117","EIF1AD","protein_coding"
"7118","DNTTIP2","protein_coding"
"7119","MTX2","protein_coding"
"7120","TRIM36","protein_coding"
"7121","SERF1B","protein_coding"
"7122","SRR","protein_coding"
"7123","C3orf38","protein_coding"
"7124","SPATA2L","protein_coding"
"7125","ICAM1","protein_coding"
"7126","NAIP","protein_coding"
"7127","IDH3G","protein_coding"
"7128","VPS9D1","protein_coding"
"7129","PCNP","protein_coding"
"7130","FAM120B","protein_coding"
"7131","DEPDC5","protein_coding"
"7132","WDR75","protein_coding"
"7133","TSR1","protein_coding"
"7134","ICAM4","protein_coding"
"7135","PTPRF","protein_coding"
"7136","PGAM2","protein_coding"
"7137","KY","protein_coding"
"7138","MIER3","protein_coding"
"7139","ZNF808","protein_coding"
"7140","POLM","protein_coding"
"7141","BANF1","protein_coding"
"7142","CHMP1A","protein_coding"
"7143","COX6A1","protein_coding"
"7144","TRIAP1","protein_coding"
"7145","GATC","protein_coding"
"7146","CYB561","protein_coding"
"7147","TEX22","protein_coding"
"7148","CST6","protein_coding"
"7149","ARHGAP22","protein_coding"
"7150","ZNF611","protein_coding"
"7151","MCCC2","protein_coding"
"7152","MTA1","protein_coding"
"7153","CATSPER1","protein_coding"
"7154","DYNLL1","protein_coding"
"7155","FARP2","protein_coding"
"7156","FANCD2OS","protein_coding"
"7157","BRK1","protein_coding"
"7158","FAM47A","protein_coding"
"7159","CTF1","protein_coding"
"7160","APOOL","protein_coding"
"7161","GAL3ST3","protein_coding"
"7162","IRAK2","protein_coding"
"7163","COQ5","protein_coding"
"7164","PLS3","protein_coding"
"7165","USP10","protein_coding"
"7166","SF3B2","protein_coding"
"7167","BDP1","protein_coding"
"7168","ZNF28","protein_coding"
"7169","TARS1","protein_coding"
"7170","GHRL","protein_coding"
"7171","DDX21","protein_coding"
"7172","POP5","protein_coding"
"7173","YKT6","protein_coding"
"7174","ZNF773","protein_coding"
"7175","ZNF549","protein_coding"
"7176","CCDC65","protein_coding"
"7177","ZNF416","protein_coding"
"7178","ACE","protein_coding"
"7179","ZIK1","protein_coding"
"7180","ATP2C2","protein_coding"
"7181","FKBP11","protein_coding"
"7182","ZNF134","protein_coding"
"7183","FGL2","protein_coding"
"7184","KCNS3","protein_coding"
"7185","SMN1","protein_coding"
"7186","ZNF211","protein_coding"
"7187","LAT2","protein_coding"
"7188","TEX13D","protein_coding"
"7189","TMEM37","protein_coding"
"7190","GPC3","protein_coding"
"7191","WNT10B","protein_coding"
"7192","ZNF527","protein_coding"
"7193","SERF1A","protein_coding"
"7194","RAB1B","protein_coding"
"7195","DDN","protein_coding"
"7196","CRIP2","protein_coding"
"7197","RHEBL1","protein_coding"
"7198","SEC13","protein_coding"
"7199","ZNF569","protein_coding"
"7200","STK25","protein_coding"
"7201","HSPA9","protein_coding"
"7202","DHH","protein_coding"
"7203","CNIH2","protein_coding"
"7204","TUBA1B","protein_coding"
"7205","RTEL1","protein_coding"
"7206","ZNF540","protein_coding"
"7207","TMEM151A","protein_coding"
"7208","CD248","protein_coding"
"7209","RIN1","protein_coding"
"7210","ZNF200","protein_coding"
"7211","MAP3K3","protein_coding"
"7212","COL24A1","protein_coding"
"7213","ARF3","protein_coding"
"7214","AVPR2","protein_coding"
"7215","KGD4","protein_coding"
"7216","ZNF607","protein_coding"
"7217","ANKRD22","protein_coding"
"7218","STAMBPL1","protein_coding"
"7219","CDK7","protein_coding"
"7220","PRRG3","protein_coding"
"7221","NOXA1","protein_coding"
"7222","WDR87","protein_coding"
"7223","BRMS1","protein_coding"
"7224","CNGA2","protein_coding"
"7225","FKBP5","protein_coding"
"7226","CRIP1","protein_coding"
"7227","COPS7A","protein_coding"
"7228","NUDT13","protein_coding"
"7229","CYP2S1","protein_coding"
"7230","SYP","protein_coding"
"7231","RFC2","protein_coding"
"7232","LUC7L","protein_coding"
"7233","HMGCLL1","protein_coding"
"7234","AXL","protein_coding"
"7235","STS","protein_coding"
"7236","UBAP2","protein_coding"
"7237","B4GAT1","protein_coding"
"7238","SLC25A20","protein_coding"
"7239","SLC29A2","protein_coding"
"7240","PNPLA4","protein_coding"
"7241","CCDC125","protein_coding"
"7242","CHIC1","protein_coding"
"7243","ECD","protein_coding"
"7244","BEGAIN","protein_coding"
"7245","PRSS3","protein_coding"
"7246","HAPSTR2","protein_coding"
"7247","GPX7","protein_coding"
"7248","FAM156B","protein_coding"
"7249","P4HTM","protein_coding"
"7250","LIMD2","protein_coding"
"7251","AK6","protein_coding"
"7252","LYRM4","protein_coding"
"7253","FOXD1","protein_coding"
"7254","VASH1","protein_coding"
"7255","SLC44A3","protein_coding"
"7256","ANKRA2","protein_coding"
"7257","DCAF8L2","protein_coding"
"7258","SLC25A25","protein_coding"
"7259","TAF9","protein_coding"
"7260","NRN1","protein_coding"
"7261","MAGEA6","protein_coding"
"7262","IRF2BPL","protein_coding"
"7263","LRRC74A","protein_coding"
"7264","KPNB1","protein_coding"
"7265","MID1IP1","protein_coding"
"7266","CLIP2","protein_coding"
"7267","F13A1","protein_coding"
"7268","ZNF75A","protein_coding"
"7269","CCDC97","protein_coding"
"7270","UTP15","protein_coding"
"7271","RAD17","protein_coding"
"7272","MAGED4B","protein_coding"
"7273","DALRD3","protein_coding"
"7274","TMEM91","protein_coding"
"7275","PACS1","protein_coding"
"7276","FAM149B1","protein_coding"
"7277","CKB","protein_coding"
"7278","CCDC28A","protein_coding"
"7279","XPO6","protein_coding"
"7280","INHBA","protein_coding"
"7281","GSTA1","protein_coding"
"7282","ATG4B","protein_coding"
"7283","COA8","protein_coding"
"7284","B9D2","protein_coding"
"7285","DNAJC9","protein_coding"
"7286","DNAJB5","protein_coding"
"7287","MRPS16","protein_coding"
"7288","BCKDHA","protein_coding"
"7289","ASXL1","protein_coding"
"7290","TRPV6","protein_coding"
"7291","NCR2","protein_coding"
"7292","ANXA7","protein_coding"
"7293","SSX2","protein_coding"
"7294","LAG3","protein_coding"
"7295","SAR1B","protein_coding"
"7296","CTSO","protein_coding"
"7297","PRKD1","protein_coding"
"7298","DAGLA","protein_coding"
"7299","SLC17A4","protein_coding"
"7300","PTPRK","protein_coding"
"7301","NDUFAF3","protein_coding"
"7302","CD4","protein_coding"
"7303","TDO2","protein_coding"
"7304","MAN1B1","protein_coding"
"7305","VCX","protein_coding"
"7306","SLC17A1","protein_coding"
"7307","TBX21","protein_coding"
"7308","DMAC2L","protein_coding"
"7309","ERICH4","protein_coding"
"7310","SIGLEC8","protein_coding"
"7311","PKN2","protein_coding"
"7312","MRPL10","protein_coding"
"7313","SERTM2","protein_coding"
"7314","TRPV5","protein_coding"
"7315","RGN","protein_coding"
"7316","CELF2","protein_coding"
"7317","PTX3","protein_coding"
"7318","DIO2","protein_coding"
"7319","ZNF205","protein_coding"
"7320","TMEM258","protein_coding"
"7321","SNTN","protein_coding"
"7322","SIGLEC12","protein_coding"
"7323","SEC24A","protein_coding"
"7324","LRRC46","protein_coding"
"7325","OR1J1","protein_coding"
"7326","OR1J2","protein_coding"
"7327","OR1J4","protein_coding"
"7328","RTN1","protein_coding"
"7329","OR1Q1","protein_coding"
"7330","OR1L1","protein_coding"
"7331","THOC7","protein_coding"
"7332","GLIS3","protein_coding"
"7333","SLC17A3","protein_coding"
"7334","FEN1","protein_coding"
"7335","SCRN2","protein_coding"
"7336","KEL","protein_coding"
"7337","SIGLEC6","protein_coding"
"7338","GPR162","protein_coding"
"7339","RBM10","protein_coding"
"7340","FADS1","protein_coding"
"7341","CAMLG","protein_coding"
"7342","BPIFA1","protein_coding"
"7343","TIGIT","protein_coding"
"7344","DDX46","protein_coding"
"7345","LDHD","protein_coding"
"7346","ABCD3","protein_coding"
"7347","KPNA2","protein_coding"
"7348","P3H3","protein_coding"
"7349","STRIT1","protein_coding"
"7350","CDKN3","protein_coding"
"7351","TRIM38","protein_coding"
"7352","PIP","protein_coding"
"7353","LLCFC1","protein_coding"
"7354","FBP2","protein_coding"
"7355","H1-1","protein_coding"
"7356","H3C1","protein_coding"
"7357","H3C2","protein_coding"
"7358","ZNF175","protein_coding"
"7359","H2AC4","protein_coding"
"7360","FLYWCH1","protein_coding"
"7361","H3C3","protein_coding"
"7362","PECAM1","protein_coding"
"7363","H1-6","protein_coding"
"7364","IQUB","protein_coding"
"7365","H1-4","protein_coding"
"7366","H2BC6","protein_coding"
"7367","FBP1","protein_coding"
"7368","H4C4","protein_coding"
"7369","MICB","protein_coding"
"7370","THRB","protein_coding"
"7371","VSTM2L","protein_coding"
"7372","HAS1","protein_coding"
"7373","RAB22A","protein_coding"
"7374","POLG2","protein_coding"
"7375","VAPB","protein_coding"
"7376","FPR2","protein_coding"
"7377","MYO1B","protein_coding"
"7378","MEGF9","protein_coding"
"7379","UBA1","protein_coding"
"7380","FPR3","protein_coding"
"7381","MARVELD2","protein_coding"
"7382","MROH7-TTC4","protein_coding"
"7383","C5orf24","protein_coding"
"7384","MCCD1","protein_coding"
"7385","CLEC18C","protein_coding"
"7386","NOVA2","protein_coding"
"7387","FBXW2","protein_coding"
"7388","SMURF2","protein_coding"
"7389","APCDD1L","protein_coding"
"7390","TXNDC15","protein_coding"
"7391","GNB3","protein_coding"
"7392","NDUFA5","protein_coding"
"7393","DDX39B","protein_coding"
"7394","STX16","protein_coding"
"7395","IL12RB1","protein_coding"
"7396","GLE1","protein_coding"
"7397","ATOX1","protein_coding"
"7398","OCLN","protein_coding"
"7399","ZZZ3","protein_coding"
"7400","GLRA1","protein_coding"
"7401","FADS3","protein_coding"
"7402","LMOD2","protein_coding"
"7403","WASL","protein_coding"
"7404","DDX5","protein_coding"
"7405","LRRC23","protein_coding"
"7406","HYAL4","protein_coding"
"7407","IFI30","protein_coding"
"7408","ARHGAP5","protein_coding"
"7409","PCOLCE","protein_coding"
"7410","NKD2","protein_coding"
"7411","MOSPD3","protein_coding"
"7412","C1QTNF3-AMACR","protein_coding"
"7413","C1QTNF3","protein_coding"
"7414","MPV17L2","protein_coding"
"7415","GJB4","protein_coding"
"7416","DMRTA2","protein_coding"
"7417","NDRG2","protein_coding"
"7418","GPRIN1","protein_coding"
"7419","SLC12A7","protein_coding"
"7420","RAB3A","protein_coding"
"7421","SNCB","protein_coding"
"7422","HIVEP3","protein_coding"
"7423","TFR2","protein_coding"
"7424","NKD1","protein_coding"
"7425","RAB3IL1","protein_coding"
"7426","JUND","protein_coding"
"7427","LSM4","protein_coding"
"7428","ATP6V1G2-DDX39B","protein_coding"
"7429","CFAP70","protein_coding"
"7430","PANK2","protein_coding"
"7431","ENO2","protein_coding"
"7432","BCAR3","protein_coding"
"7433","LTA","protein_coding"
"7434","CNBP","protein_coding"
"7435","EIF4E1B","protein_coding"
"7436","NDUFB11","protein_coding"
"7437","PGPEP1","protein_coding"
"7438","MYRF","protein_coding"
"7439","LTB","protein_coding"
"7440","UBAP1","protein_coding"
"7441","NUP62CL","protein_coding"
"7442","ATE1","protein_coding"
"7443","TSPAN17","protein_coding"
"7444","LRRC25","protein_coding"
"7445","LST1","protein_coding"
"7446","DNAAF6","protein_coding"
"7447","ACTL6B","protein_coding"
"7448","ADGRG1","protein_coding"
"7449","SSBP4","protein_coding"
"7450","HLA-DRA","protein_coding"
"7451","BTNL2","protein_coding"
"7452","GNB2","protein_coding"
"7453","IGF2BP2","protein_coding"
"7454","ATP7A","protein_coding"
"7455","GHITM","protein_coding"
"7456","CTNNBL1","protein_coding"
"7457","MYORG","protein_coding"
"7458","SRFBP1","protein_coding"
"7459","ATN1","protein_coding"
"7460","KIF24","protein_coding"
"7461","GPR15LG","protein_coding"
"7462","BARHL2","protein_coding"
"7463","CDHR1","protein_coding"
"7464","ZNF483","protein_coding"
"7465","CNN3","protein_coding"
"7466","HGS","protein_coding"
"7467","LOX","protein_coding"
"7468","MYOD1","protein_coding"
"7469","C12orf57","protein_coding"
"7470","KCNC1","protein_coding"
"7471","PTGR1","protein_coding"
"7472","NCR3","protein_coding"
"7473","PTPN6","protein_coding"
"7474","THEMIS","protein_coding"
"7475","VAV3","protein_coding"
"7476","SEPTIN2","protein_coding"
"7477","ISYNA1","protein_coding"
"7478","REXO2","protein_coding"
"7479","LRIT2","protein_coding"
"7480","NPM1","protein_coding"
"7481","RGR","protein_coding"
"7482","AIF1","protein_coding"
"7483","ZNF80","protein_coding"
"7484","POP7","protein_coding"
"7485","PLCD3","protein_coding"
"7486","EPO","protein_coding"
"7487","CCNL1","protein_coding"
"7488","ZAN","protein_coding"
"7489","APOM","protein_coding"
"7490","ACBD4","protein_coding"
"7491","GTF2H2C_2","protein_coding"
"7492","DNAJC25","protein_coding"
"7493","LRIT1","protein_coding"
"7494","DNAJC25-GNG10","protein_coding"
"7495","VIM","protein_coding"
"7496","GNG10","protein_coding"
"7497","FUZ","protein_coding"
"7498","C6orf47","protein_coding"
"7499","GPANK1","protein_coding"
"7500","UGCG","protein_coding"
"7501","NXPE4","protein_coding"
"7502","MPZL2","protein_coding"
"7503","SHOC1","protein_coding"
"7504","GABRA2","protein_coding"
"7505","TLCD4","protein_coding"
"7506","TPI1","protein_coding"
"7507","HEXIM1","protein_coding"
"7508","NMT1","protein_coding"
"7509","LRRC8D","protein_coding"
"7510","FOLR1","protein_coding"
"7511","RS1","protein_coding"
"7512","LRRC20","protein_coding"
"7513","PHKA2","protein_coding"
"7514","S1PR1","protein_coding"
"7515","ABHD16A","protein_coding"
"7516","DENND11","protein_coding"
"7517","NCEH1","protein_coding"
"7518","EBLN1","protein_coding"
"7519","NCS1","protein_coding"
"7520","COMMD3","protein_coding"
"7521","ATXN2","protein_coding"
"7522","NUDT16","protein_coding"
"7523","SUPT20HL1","protein_coding"
"7524","ELAPOR1","protein_coding"
"7525","SUV39H1","protein_coding"
"7526","DIPK2A","protein_coding"
"7527","PLXDC1","protein_coding"
"7528","PNKP","protein_coding"
"7529","MTMR2","protein_coding"
"7530","EPHB4","protein_coding"
"7531","ASS1","protein_coding"
"7532","GLOD5","protein_coding"
"7533","RABL3","protein_coding"
"7534","ERAS","protein_coding"
"7535","SLC5A1","protein_coding"
"7536","CLDN22","protein_coding"
"7537","DTHD1","protein_coding"
"7538","PCSK1N","protein_coding"
"7539","PQBP1","protein_coding"
"7540","FBXO7","protein_coding"
"7541","ATXN7","protein_coding"
"7542","COMMD3-BMI1","protein_coding"
"7543","NPNT","protein_coding"
"7544","WEE2","protein_coding"
"7545","ZNF189","protein_coding"
"7546","PAFAH1B2","protein_coding"
"7547","BMI1","protein_coding"
"7548","SLC12A9","protein_coding"
"7549","ARL5C","protein_coding"
"7550","ST6GALNAC6","protein_coding"
"7551","TIMP3","protein_coding"
"7552","STAC2","protein_coding"
"7553","SYN3","protein_coding"
"7554","LY6G6F","protein_coding"
"7555","SLC16A5","protein_coding"
"7556","TAGLN","protein_coding"
"7557","LY6G6F-LY6G6D","protein_coding"
"7558","DRICH1","protein_coding"
"7559","LY6G6C","protein_coding"
"7560","NUP50","protein_coding"
"7561","PTPRN2","protein_coding"
"7562","SLC35A2","protein_coding"
"7563","ZBBX","protein_coding"
"7564","ADRB1","protein_coding"
"7565","CCDC186","protein_coding"
"7566","ZNF658","protein_coding"
"7567","MSH5","protein_coding"
"7568","ARMC7","protein_coding"
"7569","TRIP6","protein_coding"
"7570","NT5C","protein_coding"
"7571","ENTREP1","protein_coding"
"7572","RNF214","protein_coding"
"7573","VWA2","protein_coding"
"7574","ARHGAP29","protein_coding"
"7575","NRSN2","protein_coding"
"7576","SYT15","protein_coding"
"7577","JPT1","protein_coding"
"7578","OR2K2","protein_coding"
"7579","ANAPC4","protein_coding"
"7580","TUSC1","protein_coding"
"7581","NDUFAF2","protein_coding"
"7582","C9orf153","protein_coding"
"7583","SRRT","protein_coding"
"7584","TRIB3","protein_coding"
"7585","KLF9","protein_coding"
"7586","UGT3A2","protein_coding"
"7587","WFDC6","protein_coding"
"7588","GPRIN2","protein_coding"
"7589","SLC9A8","protein_coding"
"7590","PLEKHA1","protein_coding"
"7591","ECPAS","protein_coding"
"7592","ATXN10","protein_coding"
"7593","MED25","protein_coding"
"7594","TMEM230","protein_coding"
"7595","LMBRD2","protein_coding"
"7596","SH3PXD2A","protein_coding"
"7597","TMEM45A","protein_coding"
"7598","POMZP3","protein_coding"
"7599","SUMO2","protein_coding"
"7600","WDFY4","protein_coding"
"7601","IGSF21","protein_coding"
"7602","NADK2","protein_coding"
"7603","CEP164","protein_coding"
"7604","COA7","protein_coding"
"7605","C1QTNF7","protein_coding"
"7606","NUP85","protein_coding"
"7607","NGLY1","protein_coding"
"7608","OLFML3","protein_coding"
"7609","KCNF1","protein_coding"
"7610","UPK3B","protein_coding"
"7611","NAPEPLD","protein_coding"
"7612","C2orf50","protein_coding"
"7613","WNT7B","protein_coding"
"7614","SLC66A3","protein_coding"
"7615","TRO","protein_coding"
"7616","GCLM","protein_coding"
"7617","GUCY1A1","protein_coding"
"7618","PFDN4","protein_coding"
"7619","SPDYE16","protein_coding"
"7620","DTX2","protein_coding"
"7621","MRPL43","protein_coding"
"7622","FAM217B","protein_coding"
"7623","SREBF2","protein_coding"
"7624","TGFBR3","protein_coding"
"7625","ADGRG3","protein_coding"
"7626","PPP1R3D","protein_coding"
"7627","CDH26","protein_coding"
"7628","E2F6","protein_coding"
"7629","LRRC55","protein_coding"
"7630","KCNK15","protein_coding"
"7631","SKP2","protein_coding"
"7632","TNKS1BP1","protein_coding"
"7633","RIMS4","protein_coding"
"7634","DRC7","protein_coding"
"7635","MSH5-SAPCD1","protein_coding"
"7636","LARP4B","protein_coding"
"7637","GGA3","protein_coding"
"7638","NDOR1","protein_coding"
"7639","SIRPG","protein_coding"
"7640","STAP2","protein_coding"
"7641","GIGYF1","protein_coding"
"7642","SSRP1","protein_coding"
"7643","SZT2","protein_coding"
"7644","SIRPA","protein_coding"
"7645","MOV10L1","protein_coding"
"7646","NAP1L1","protein_coding"
"7647","CASP7","protein_coding"
"7648","PRG3","protein_coding"
"7649","OXSM","protein_coding"
"7650","PRG2","protein_coding"
"7651","NAB1","protein_coding"
"7652","CHEK2","protein_coding"
"7653","PDYN","protein_coding"
"7654","DAGLB","protein_coding"
"7655","VWA7","protein_coding"
"7656","ALG3","protein_coding"
"7657","AP5S1","protein_coding"
"7658","AKT1S1","protein_coding"
"7659","DMRT2","protein_coding"
"7660","DDAH2","protein_coding"
"7661","KATNB1","protein_coding"
"7662","SNAP25","protein_coding"
"7663","NUDT22","protein_coding"
"7664","DCLRE1A","protein_coding"
"7665","GUCY1B1","protein_coding"
"7666","OR2A25","protein_coding"
"7667","ATP6V1E2","protein_coding"
"7668","OR2A12","protein_coding"
"7669","MIGA2","protein_coding"
"7670","OR2A2","protein_coding"
"7671","OR2A14","protein_coding"
"7672","CTAGE4","protein_coding"
"7673","KDELR2","protein_coding"
"7674","ARHGEF35","protein_coding"
"7675","OR2A42","protein_coding"
"7676","FKBP2","protein_coding"
"7677","OR2A7","protein_coding"
"7678","CTAGE8","protein_coding"
"7679","RHOQ","protein_coding"
"7680","PLEKHS1","protein_coding"
"7681","YIPF2","protein_coding"
"7682","OR2A1","protein_coding"
"7683","CENPB","protein_coding"
"7684","CDC25B","protein_coding"
"7685","SLC4A2","protein_coding"
"7686","EEF1AKMT4","protein_coding"
"7687","ARHGEF5","protein_coding"
"7688","EEF1AKMT4-ECE2","protein_coding"
"7689","NOBOX","protein_coding"
"7690","UGT1A9","protein_coding"
"7691","UBR2","protein_coding"
"7692","OR2A5","protein_coding"
"7693","G3BP1","protein_coding"
"7694","PPEF1","protein_coding"
"7695","MRPS7","protein_coding"
"7696","TDRD1","protein_coding"
"7697","OSBPL5","protein_coding"
"7698","CAMK2N2","protein_coding"
"7699","PRPH2","protein_coding"
"7700","TBCC","protein_coding"
"7701","PHTF1","protein_coding"
"7702","UGT1A6","protein_coding"
"7703","CYLD","protein_coding"
"7704","IARS1","protein_coding"
"7705","PEX7","protein_coding"
"7706","DMAC2","protein_coding"
"7707","SLC25A19","protein_coding"
"7708","PSMD2","protein_coding"
"7709","LZTS2","protein_coding"
"7710","SLC35D3","protein_coding"
"7711","AKR1E2","protein_coding"
"7712","HLA-DMB","protein_coding"
"7713","FAT4","protein_coding"
"7714","HLA-DMA","protein_coding"
"7715","SUPT20HL2","protein_coding"
"7716","FXYD1","protein_coding"
"7717","PDK3","protein_coding"
"7718","UGT1A1","protein_coding"
"7719","HJURP","protein_coding"
"7720","ARMCX1","protein_coding"
"7721","MRPL14","protein_coding"
"7722","TMEM165","protein_coding"
"7723","TMEM63B","protein_coding"
"7724","ARMCX6","protein_coding"
"7725","F3","protein_coding"
"7726","GRB2","protein_coding"
"7727","DLGAP2","protein_coding"
"7728","ARMCX3","protein_coding"
"7729","JAG1","protein_coding"
"7730","AKR1C1","protein_coding"
"7731","IRX2","protein_coding"
"7732","TRPM8","protein_coding"
"7733","MAN1A2","protein_coding"
"7734","ADRB2","protein_coding"
"7735","MND1","protein_coding"
"7736","CDC20B","protein_coding"
"7737","UBL5","protein_coding"
"7738","ARMCX2","protein_coding"
"7739","RPL19","protein_coding"
"7740","LPAR3","protein_coding"
"7741","ANKRD16","protein_coding"
"7742","CAPN11","protein_coding"
"7743","C4orf36","protein_coding"
"7744","RPS15","protein_coding"
"7745","SHROOM1","protein_coding"
"7746","CTTNBP2NL","protein_coding"
"7747","FBH1","protein_coding"
"7748","CIMAP3","protein_coding"
"7749","CCDC136","protein_coding"
"7750","KIF3A","protein_coding"
"7751","KLHL8","protein_coding"
"7752","CST8","protein_coding"
"7753","POLR1C","protein_coding"
"7754","ZRSR2","protein_coding"
"7755","SPNS2","protein_coding"
"7756","TSPAN2","protein_coding"
"7757","TRAPPC6A","protein_coding"
"7758","TTI1","protein_coding"
"7759","FAM168B","protein_coding"
"7760","AKTIP","protein_coding"
"7761","MYBBP1A","protein_coding"
"7762","PRSS2","protein_coding"
"7763","PRSS1","protein_coding"
"7764","RPRD1B","protein_coding"
"7765","ARMCX4","protein_coding"
"7766","ZNF30","protein_coding"
"7767","HEATR5B","protein_coding"
"7768","EIF4G1","protein_coding"
"7769","SLC35A3","protein_coding"
"7770","OR6V1","protein_coding"
"7771","TGM2","protein_coding"
"7772","CLDN34","protein_coding"
"7773","MGAM2","protein_coding"
"7774","ATP6V1F","protein_coding"
"7775","SPMIP1","protein_coding"
"7776","TSC22D3","protein_coding"
"7777","TSPAN33","protein_coding"
"7778","ZNF251","protein_coding"
"7779","CEBPZOS","protein_coding"
"7780","SMO","protein_coding"
"7781","HSD17B13","protein_coding"
"7782","OR9A2","protein_coding"
"7783","SPIRE2","protein_coding"
"7784","KIAA1755","protein_coding"
"7785","EPHB6","protein_coding"
"7786","ZNF254","protein_coding"
"7787","GGT6","protein_coding"
"7788","CEBPZ","protein_coding"
"7789","HSD17B11","protein_coding"
"7790","TIGAR","protein_coding"
"7791","CNOT8","protein_coding"
"7792","BPI","protein_coding"
"7793","GLI3","protein_coding"
"7794","NCBP2L","protein_coding"
"7795","NKRF","protein_coding"
"7796","SMTNL2","protein_coding"
"7797","FGF23","protein_coding"
"7798","ZNF418","protein_coding"
"7799","CCND2","protein_coding"
"7800","NDUFAF7","protein_coding"
"7801","YIPF3","protein_coding"
"7802","ALOX15","protein_coding"
"7803","FRMPD4","protein_coding"
"7804","POU4F2","protein_coding"
"7805","ZNF570","protein_coding"
"7806","GDF11","protein_coding"
"7807","USP17L15","protein_coding"
"7808","TCF25","protein_coding"
"7809","CNGA1","protein_coding"
"7810","RANBP1","protein_coding"
"7811","SARNP","protein_coding"
"7812","GK","protein_coding"
"7813","PELP1","protein_coding"
"7814","IGFLR1","protein_coding"
"7815","VSTM2A","protein_coding"
"7816","SLC31A1","protein_coding"
"7817","PAQR3","protein_coding"
"7818","IL15RA","protein_coding"
"7819","ZMYND8","protein_coding"
"7820","CDC26","protein_coding"
"7821","PRPF4","protein_coding"
"7822","CPT1A","protein_coding"
"7823","PRKD3","protein_coding"
"7824","U2AF1L4","protein_coding"
"7825","ORMDL2","protein_coding"
"7826","PALS2","protein_coding"
"7827","PHF21B","protein_coding"
"7828","MMP19","protein_coding"
"7829","PRIMPOL","protein_coding"
"7830","ARRB2","protein_coding"
"7831","XPO5","protein_coding"
"7832","TMEM191B","protein_coding"
"7833","PSENEN","protein_coding"
"7834","DGKB","protein_coding"
"7835","RNF183","protein_coding"
"7836","QPCT","protein_coding"
"7837","LIN37","protein_coding"
"7838","BSPRY","protein_coding"
"7839","SMARCA1","protein_coding"
"7840","DGKA","protein_coding"
"7841","HDHD3","protein_coding"
"7842","OSBP2","protein_coding"
"7843","AGL","protein_coding"
"7844","MC1R","protein_coding"
"7845","ALAD","protein_coding"
"7846","CDC42SE2","protein_coding"
"7847","CENPU","protein_coding"
"7848","HSPB6","protein_coding"
"7849","CDC42EP3","protein_coding"
"7850","MRPL21","protein_coding"
"7851","LYL1","protein_coding"
"7852","GAS8","protein_coding"
"7853","CD320","protein_coding"
"7854","POLH","protein_coding"
"7855","SPINK1","protein_coding"
"7856","RAPH1","protein_coding"
"7857","NDUFA7","protein_coding"
"7858","ST7","protein_coding"
"7859","MAPK9","protein_coding"
"7860","MRGPRD","protein_coding"
"7861","POLE3","protein_coding"
"7862","TPCN2","protein_coding"
"7863","GTPBP2","protein_coding"
"7864","C9orf43","protein_coding"
"7865","RPS28","protein_coding"
"7866","DBNDD1","protein_coding"
"7867","TET2","protein_coding"
"7868","ANGPTL4","protein_coding"
"7869","IDI1","protein_coding"
"7870","MAD2L1BP","protein_coding"
"7871","OCRL","protein_coding"
"7872","RSPH9","protein_coding"
"7873","FOCAD","protein_coding"
"7874","LYZL2","protein_coding"
"7875","SLC12A3","protein_coding"
"7876","IL21","protein_coding"
"7877","PGC","protein_coding"
"7878","MED11","protein_coding"
"7879","ZNF518A","protein_coding"
"7880","RAB11B","protein_coding"
"7881","ZMYND15","protein_coding"
"7882","FRS3","protein_coding"
"7883","BBS12","protein_coding"
"7884","BLNK","protein_coding"
"7885","DNASE1L1","protein_coding"
"7886","NELFA","protein_coding"
"7887","UBE4A","protein_coding"
"7888","PRAM1","protein_coding"
"7889","PRICKLE4","protein_coding"
"7890","TM4SF5","protein_coding"
"7891","VMO1","protein_coding"
"7892","ZNF414","protein_coding"
"7893","GLTPD2","protein_coding"
"7894","PSMB6","protein_coding"
"7895","EEF1A1","protein_coding"
"7896","SYNGR4","protein_coding"
"7897","PLD2","protein_coding"
"7898","NAT8L","protein_coding"
"7899","KDELR1","protein_coding"
"7900","ARMCX5","protein_coding"
"7901","DEFB108B","protein_coding"
"7902","NSD2","protein_coding"
"7903","GRWD1","protein_coding"
"7904","DEFB131B","protein_coding"
"7905","GAB3","protein_coding"
"7906","HACD4","protein_coding"
"7907","INSC","protein_coding"
"7908","WDR54","protein_coding"
"7909","IFNB1","protein_coding"
"7910","IFNW1","protein_coding"
"7911","IFNA21","protein_coding"
"7912","KCNJ14","protein_coding"
"7913","HERPUD1","protein_coding"
"7914","SMIM27","protein_coding"
"7915","SULT2B1","protein_coding"
"7916","SEC16A","protein_coding"
"7917","SMIM9","protein_coding"
"7918","LPAR5","protein_coding"
"7919","SYTL4","protein_coding"
"7920","ERICH1","protein_coding"
"7921","SPACA4","protein_coding"
"7922","INO80B","protein_coding"
"7923","ACRBP","protein_coding"
"7924","RPL18","protein_coding"
"7925","KIAA1210","protein_coding"
"7926","XAGE1B","protein_coding"
"7927","TUBA3FP","protein_coding"
"7928","DGCR2","protein_coding"
"7929","INO80B-WBP1","protein_coding"
"7930","CXorf51A","protein_coding"
"7931","WBP1","protein_coding"
"7932","MINK1","protein_coding"
"7933","HEPH","protein_coding"
"7934","RFX3","protein_coding"
"7935","ING4","protein_coding"
"7936","SPHK2","protein_coding"
"7937","MRPL53","protein_coding"
"7938","FYB1","protein_coding"
"7939","TTC31","protein_coding"
"7940","CETP","protein_coding"
"7941","XBP1","protein_coding"
"7942","NF2","protein_coding"
"7943","SLC6A17","protein_coding"
"7944","DBP","protein_coding"
"7945","LY6L","protein_coding"
"7946","LY6H","protein_coding"
"7947","KANK1","protein_coding"
"7948","RNPC3","protein_coding"
"7949","CA11","protein_coding"
"7950","PCGF1","protein_coding"
"7951","OTUD1","protein_coding"
"7952","KIAA1217","protein_coding"
"7953","IGSF9B","protein_coding"
"7954","LY6E","protein_coding"
"7955","TMEM205","protein_coding"
"7956","TLX2","protein_coding"
"7957","DQX1","protein_coding"
"7958","TRIM34","protein_coding"
"7959","MOCS2","protein_coding"
"7960","CPNE2","protein_coding"
"7961","SDR9C7","protein_coding"
"7962","SNX7","protein_coding"
"7963","GPR182","protein_coding"
"7964","ZBTB39","protein_coding"
"7965","TAC3","protein_coding"
"7966","AUP1","protein_coding"
"7967","SEC22B","protein_coding"
"7968","SLC43A3","protein_coding"
"7969","PTGFRN","protein_coding"
"7970","USO1","protein_coding"
"7971","CCDC159","protein_coding"
"7972","ABCB8","protein_coding"
"7973","ZNF326","protein_coding"
"7974","OR2W1","protein_coding"
"7975","CHRNE","protein_coding"
"7976","OR14J1","protein_coding"
"7977","ARL2BP","protein_coding"
"7978","C17orf107","protein_coding"
"7979","VARS1","protein_coding"
"7980","NAGLU","protein_coding"
"7981","ATIC","protein_coding"
"7982","TRIM45","protein_coding"
"7983","PHAF1","protein_coding"
"7984","PDLIM4","protein_coding"
"7985","SWSAP1","protein_coding"
"7986","EPOR","protein_coding"
"7987","HSD17B1","protein_coding"
"7988","MAEA","protein_coding"
"7989","ZNF311","protein_coding"
"7990","COASY","protein_coding"
"7991","TENT5C","protein_coding"
"7992","OR2B3","protein_coding"
"7993","SLC22A4","protein_coding"
"7994","SPACA5","protein_coding"
"7995","ZMAT1","protein_coding"
"7996","MYO1A","protein_coding"
"7997","LSM2","protein_coding"
"7998","RGL3","protein_coding"
"7999","SYCP1","protein_coding"
"8000","C5orf22","protein_coding"
"8001","B3GNT9","protein_coding"
"8002","HSPA1L","protein_coding"
"8003","PSMC3IP","protein_coding"
"8004","TRADD","protein_coding"
"8005","HSPA1A","protein_coding"
"8006","CT45A7","protein_coding"
"8007","ZBTB12","protein_coding"
"8008","LAGE3","protein_coding"
"8009","CSNK2B","protein_coding"
"8010","SPIN2A","protein_coding"
"8011","FBXL8","protein_coding"
"8012","SHROOM4","protein_coding"
"8013","RABGEF1","protein_coding"
"8014","P4HA2","protein_coding"
"8015","MATCAP1","protein_coding"
"8016","C11orf54","protein_coding"
"8017","PIP5K1A","protein_coding"
"8018","VCF2","protein_coding"
"8019","UVSSA","protein_coding"
"8020","TRIM4","protein_coding"
"8021","MAS1","protein_coding"
"8022","MAP7D2","protein_coding"
"8023","IGF2R","protein_coding"
"8024","EXOC3L1","protein_coding"
"8025","OR2J3","protein_coding"
"8026","NEMP1","protein_coding"
"8027","RETREG3","protein_coding"
"8028","ODAD3","protein_coding"
"8029","CPA5","protein_coding"
"8030","NAB2","protein_coding"
"8031","PARD3","protein_coding"
"8032","TRIM10","protein_coding"
"8033","LRP2","protein_coding"
"8034","E2F4","protein_coding"
"8035","SLC22A1","protein_coding"
"8036","TUBG2","protein_coding"
"8037","NKX1-1","protein_coding"
"8038","HDAC7","protein_coding"
"8039","HTRA3","protein_coding"
"8040","PLEKHH3","protein_coding"
"8041","POU4F3","protein_coding"
"8042","RNF39","protein_coding"
"8043","HMCN2","protein_coding"
"8044","DROSHA","protein_coding"
"8045","ELAVL3","protein_coding"
"8046","EIF1AX","protein_coding"
"8047","GDAP2","protein_coding"
"8048","TNF","protein_coding"
"8049","ELMO3","protein_coding"
"8050","OR11A1","protein_coding"
"8051","KCTD7","protein_coding"
"8052","HERC5","protein_coding"
"8053","TFEB","protein_coding"
"8054","ZNF653","protein_coding"
"8055","TK1","protein_coding"
"8056","RPS6KA3","protein_coding"
"8057","TSHB","protein_coding"
"8058","BHLHA15","protein_coding"
"8059","PTGS1","protein_coding"
"8060","CCZ1B","protein_coding"
"8061","WDR3","protein_coding"
"8062","CNN1","protein_coding"
"8063","FAM131A","protein_coding"
"8064","TMEM208","protein_coding"
"8065","BIRC5","protein_coding"
"8066","PYURF","protein_coding"
"8067","PIGY","protein_coding"
"8068","SCNM1","protein_coding"
"8069","GASK1B","protein_coding"
"8070","KLC2","protein_coding"
"8071","FHOD1","protein_coding"
"8072","KASH5","protein_coding"
"8073","ACHE","protein_coding"
"8074","ZNF804A","protein_coding"
"8075","SRGAP2C","protein_coding"
"8076","CD8B2","protein_coding"
"8077","CPEB2","protein_coding"
"8078","CLN8","protein_coding"
"8079","GSDMD","protein_coding"
"8080","KRBA2","protein_coding"
"8081","CAVIN1","protein_coding"
"8082","CLCN2","protein_coding"
"8083","KCNH4","protein_coding"
"8084","CUX1","protein_coding"
"8085","PTCD3","protein_coding"
"8086","SPAG17","protein_coding"
"8087","PTH2","protein_coding"
"8088","HCRT","protein_coding"
"8089","PPP2R2B","protein_coding"
"8090","SLC17A7","protein_coding"
"8091","SLC9A5","protein_coding"
"8092","ZNF207","protein_coding"
"8093","SMIM45","protein_coding"
"8094","HDAC10","protein_coding"
"8095","C6orf118","protein_coding"
"8096","OR1L3","protein_coding"
"8097","TTLL11","protein_coding"
"8098","OR2J2","protein_coding"
"8099","GSDMC","protein_coding"
"8100","HLA-E","protein_coding"
"8101","ALDH16A1","protein_coding"
"8102","AMBP","protein_coding"
"8103","BCLAF3","protein_coding"
"8104","TTF2","protein_coding"
"8105","TP53I11","protein_coding"
"8106","HLA-G","protein_coding"
"8107","KCTD19","protein_coding"
"8108","USP26","protein_coding"
"8109","MRPL35","protein_coding"
"8110","GNL3L","protein_coding"
"8111","VDR","protein_coding"
"8112","KIF12","protein_coding"
"8113","PRR3","protein_coding"
"8114","IQCM","protein_coding"
"8115","DHX16","protein_coding"
"8116","MAGI3","protein_coding"
"8117","ZC3H3","protein_coding"
"8118","PYCR3","protein_coding"
"8119","KDM3A","protein_coding"
"8120","LRRC36","protein_coding"
"8121","PPP1R10","protein_coding"
"8122","FLT3LG","protein_coding"
"8123","HSPA1B","protein_coding"
"8124","OCIAD1","protein_coding"
"8125","NPR2","protein_coding"
"8126","GABBR1","protein_coding"
"8127","FNDC9","protein_coding"
"8128","NIPAL4","protein_coding"
"8129","SPA17","protein_coding"
"8130","TMEM106C","protein_coding"
"8131","EEF1D","protein_coding"
"8132","DLEC1","protein_coding"
"8133","SLC47A2","protein_coding"
"8134","MRPS18B","protein_coding"
"8135","EHF","protein_coding"
"8136","HMGCR","protein_coding"
"8137","OR13J1","protein_coding"
"8138","SPATA31E1","protein_coding"
"8139","SPMIP6","protein_coding"
"8140","TPPP3","protein_coding"
"8141","HS6ST2","protein_coding"
"8142","SPRY3","protein_coding"
"8143","FAM219A","protein_coding"
"8144","GABPB2","protein_coding"
"8145","H2AL1Q","protein_coding"
"8146","C6orf136","protein_coding"
"8147","CCDC160","protein_coding"
"8148","DGAT2L6","protein_coding"
"8149","AWAT1","protein_coding"
"8150","ZDHHC1","protein_coding"
"8151","P2RY4","protein_coding"
"8152","ARR3","protein_coding"
"8153","LYSMD1","protein_coding"
"8154","COL2A1","protein_coding"
"8155","CD2","protein_coding"
"8156","WNK2","protein_coding"
"8157","DHRS7C","protein_coding"
"8158","MYOM2","protein_coding"
"8159","RPS11","protein_coding"
"8160","RAB41","protein_coding"
"8161","HSD11B2","protein_coding"
"8162","LPXN","protein_coding"
"8163","CLUH","protein_coding"
"8164","KIF4A","protein_coding"
"8165","AGRP","protein_coding"
"8166","GPR89A","protein_coding"
"8167","FCGRT","protein_coding"
"8168","SCN4B","protein_coding"
"8169","COG8","protein_coding"
"8170","UBE2F-SCLY","protein_coding"
"8171","ACAA1","protein_coding"
"8172","PLCB3","protein_coding"
"8173","PDF","protein_coding"
"8174","SCLY","protein_coding"
"8175","NIP7","protein_coding"
"8176","ABCF1","protein_coding"
"8177","GDPD2","protein_coding"
"8178","TMED6","protein_coding"
"8179","STEAP1B","protein_coding"
"8180","KBTBD11","protein_coding"
"8181","RCN3","protein_coding"
"8182","TERF2","protein_coding"
"8183","ARHGEF10","protein_coding"
"8184","MIF4GD","protein_coding"
"8185","DDX31","protein_coding"
"8186","NAMPT","protein_coding"
"8187","NOSIP","protein_coding"
"8188","COL23A1","protein_coding"
"8189","PDZD11","protein_coding"
"8190","ESPNL","protein_coding"
"8191","FAM83F","protein_coding"
"8192","TMED2","protein_coding"
"8193","ANKRD30A","protein_coding"
"8194","TNRC6B","protein_coding"
"8195","ALDOB","protein_coding"
"8196","ACSF3","protein_coding"
"8197","C17orf58","protein_coding"
"8198","KLHL30","protein_coding"
"8199","SYNGR2","protein_coding"
"8200","ERFE","protein_coding"
"8201","DDX55","protein_coding"
"8202","BTK","protein_coding"
"8203","CNNM1","protein_coding"
"8204","ZFP64","protein_coding"
"8205","CSF1","protein_coding"
"8206","CHRM2","protein_coding"
"8207","CA9","protein_coding"
"8208","ILKAP","protein_coding"
"8209","ASIC2","protein_coding"
"8210","CCDC81","protein_coding"
"8211","ZC3HAV1L","protein_coding"
"8212","FAM135A","protein_coding"
"8213","ZC3HAV1","protein_coding"
"8214","GOT1","protein_coding"
"8215","CIZ1","protein_coding"
"8216","PIK3IP1","protein_coding"
"8217","AFAP1L2","protein_coding"
"8218","EIF2B1","protein_coding"
"8219","MLX","protein_coding"
"8220","TNFAIP8L2","protein_coding"
"8221","CDH15","protein_coding"
"8222","BMP7","protein_coding"
"8223","IFT56","protein_coding"
"8224","PRRG2","protein_coding"
"8225","HLA-DOB","protein_coding"
"8226","ALG9","protein_coding"
"8227","MPC2","protein_coding"
"8228","MPST","protein_coding"
"8229","TFG","protein_coding"
"8230","GTF2H3","protein_coding"
"8231","ZNF778","protein_coding"
"8232","OR2H2","protein_coding"
"8233","GAS7","protein_coding"
"8234","HES6","protein_coding"
"8235","TLCD4-RWDD3","protein_coding"
"8236","RRAS","protein_coding"
"8237","SLC35C2","protein_coding"
"8238","OPTN","protein_coding"
"8239","PRR5","protein_coding"
"8240","SCAF1","protein_coding"
"8241","FIRRM","protein_coding"
"8242","TRAF3IP1","protein_coding"
"8243","AGPAT1","protein_coding"
"8244","IRF3","protein_coding"
"8245","SEPTIN11","protein_coding"
"8246","PDE6D","protein_coding"
"8247","APBA1","protein_coding"
"8248","FDXACB1","protein_coding"
"8249","NPPC","protein_coding"
"8250","MAPK15","protein_coding"
"8251","UBN2","protein_coding"
"8252","ROS1","protein_coding"
"8253","CFAP68","protein_coding"
"8254","DIS3L2","protein_coding"
"8255","MCM10","protein_coding"
"8256","LAMC1","protein_coding"
"8257","ELMO2","protein_coding"
"8258","LGALS12","protein_coding"
"8259","PRR5-ARHGAP8","protein_coding"
"8260","GZMB","protein_coding"
"8261","SPATA32","protein_coding"
"8262","FAM83H","protein_coding"
"8263","FEZF1","protein_coding"
"8264","ATP6V0A2","protein_coding"
"8265","MAP3K14","protein_coding"
"8266","GFUS","protein_coding"
"8267","AASS","protein_coding"
"8268","PRDM5","protein_coding"
"8269","CD40LG","protein_coding"
"8270","SYNE2","protein_coding"
"8271","NME7","protein_coding"
"8272","PPP1R11","protein_coding"
"8273","TOMM6","protein_coding"
"8274","KRT222","protein_coding"
"8275","PLAAT2","protein_coding"
"8276","ARHGEF6","protein_coding"
"8277","ATL3","protein_coding"
"8278","ALPP","protein_coding"
"8279","TNXB","protein_coding"
"8280","KRT24","protein_coding"
"8281","TRIM15","protein_coding"
"8282","KRT25","protein_coding"
"8283","UCMA","protein_coding"
"8284","RTN3","protein_coding"
"8285","KRT27","protein_coding"
"8286","NAPRT","protein_coding"
"8287","PHYH","protein_coding"
"8288","KRT28","protein_coding"
"8289","ALPG","protein_coding"
"8290","TRPC5","protein_coding"
"8291","RCSD1","protein_coding"
"8292","KRT10","protein_coding"
"8293","RPP21","protein_coding"
"8294","ARHGAP8","protein_coding"
"8295","PCDH18","protein_coding"
"8296","RTL4","protein_coding"
"8297","ALPI","protein_coding"
"8298","TEX13C","protein_coding"
"8299","TIMM17B","protein_coding"
"8300","CCDC166","protein_coding"
"8301","ZNF707","protein_coding"
"8302","XCL2","protein_coding"
"8303","ECEL1","protein_coding"
"8304","ZNF438","protein_coding"
"8305","WDR17","protein_coding"
"8306","ARSI","protein_coding"
"8307","ZFTA","protein_coding"
"8308","WDR48","protein_coding"
"8309","SPINDOC","protein_coding"
"8310","GH1","protein_coding"
"8311","TCOF1","protein_coding"
"8312","POU2F1","protein_coding"
"8313","SUV39H2","protein_coding"
"8314","HNRNPR","protein_coding"
"8315","HSPB8","protein_coding"
"8316","CYBB","protein_coding"
"8317","MOSPD2","protein_coding"
"8318","SAAL1","protein_coding"
"8319","PRRT1","protein_coding"
"8320","PPFIBP1","protein_coding"
"8321","MEIG1","protein_coding"
"8322","PRSS56","protein_coding"
"8323","FAS","protein_coding"
"8324","SCN4A","protein_coding"
"8325","CHRND","protein_coding"
"8326","CRIPTO","protein_coding"
"8327","FLOT1","protein_coding"
"8328","FANCB","protein_coding"
"8329","SLC25A17","protein_coding"
"8330","OR10C1","protein_coding"
"8331","PPP1R18","protein_coding"
"8332","ZNF840P","protein_coding"
"8333","C20orf203","protein_coding"
"8334","EFCAB8","protein_coding"
"8335","PRR29","protein_coding"
"8336","PRKRIP1","protein_coding"
"8337","LBP","protein_coding"
"8338","ALS2CL","protein_coding"
"8339","NEU1","protein_coding"
"8340","CHRNG","protein_coding"
"8341","TIGD5","protein_coding"
"8342","ICAM2","protein_coding"
"8343","ZNF623","protein_coding"
"8344","ZC3H12B","protein_coding"
"8345","G3BP2","protein_coding"
"8346","PPDPF","protein_coding"
"8347","RELN","protein_coding"
"8348","MROH6","protein_coding"
"8349","RTL9","protein_coding"
"8350","SAPCD1","protein_coding"
"8351","RBM3","protein_coding"
"8352","VPS54","protein_coding"
"8353","HM13","protein_coding"
"8354","MRGPRX4","protein_coding"
"8355","TAP1","protein_coding"
"8356","SAA4","protein_coding"
"8357","ST13","protein_coding"
"8358","ERN1","protein_coding"
"8359","SAA2-SAA4","protein_coding"
"8360","SCRIB","protein_coding"
"8361","E2F2","protein_coding"
"8362","ZNF185","protein_coding"
"8363","SAA2","protein_coding"
"8364","WDR13","protein_coding"
"8365","ID3","protein_coding"
"8366","GAPVD1","protein_coding"
"8367","SLC16A3","protein_coding"
"8368","ZNF436","protein_coding"
"8369","CPT1C","protein_coding"
"8370","PELI1","protein_coding"
"8371","TCEA3","protein_coding"
"8372","FAM47C","protein_coding"
"8373","OR5F1","protein_coding"
"8374","PGRMC1","protein_coding"
"8375","GPR148","protein_coding"
"8376","OR8H3","protein_coding"
"8377","PPY","protein_coding"
"8378","OR8K5","protein_coding"
"8379","ASAP3","protein_coding"
"8380","SLC25A43","protein_coding"
"8381","OR5J2","protein_coding"
"8382","RXRG","protein_coding"
"8383","SLC25A5","protein_coding"
"8384","XPNPEP3","protein_coding"
"8385","NAGS","protein_coding"
"8386","OR10Q1","protein_coding"
"8387","UBE2A","protein_coding"
"8388","MZT2A","protein_coding"
"8389","TMIE","protein_coding"
"8390","PRSS50","protein_coding"
"8391","TSR3","protein_coding"
"8392","TMEM101","protein_coding"
"8393","OR4D11","protein_coding"
"8394","TUBA3D","protein_coding"
"8395","MCTS2","protein_coding"
"8396","ID1","protein_coding"
"8397","DNAJB7","protein_coding"
"8398","OR5AL1","protein_coding"
"8399","PATZ1","protein_coding"
"8400","PTH1R","protein_coding"
"8401","TMC2","protein_coding"
"8402","DAPL1","protein_coding"
"8403","LSM12","protein_coding"
"8404","NOP56","protein_coding"
"8405","REP15","protein_coding"
"8406","RGPD3","protein_coding"
"8407","MRPS35","protein_coding"
"8408","HROB","protein_coding"
"8409","TPR","protein_coding"
"8410","ORC5","protein_coding"
"8411","DRG1","protein_coding"
"8412","KLHL42","protein_coding"
"8413","ASB16","protein_coding"
"8414","PTHLH","protein_coding"
"8415","RNF5","protein_coding"
"8416","LEF1","protein_coding"
"8417","ZNF48","protein_coding"
"8418","TMUB2","protein_coding"
"8419","RPS14","protein_coding"
"8420","ZNF771","protein_coding"
"8421","PREPL","protein_coding"
"8422","OPN1SW","protein_coding"
"8423","EIF4ENIF1","protein_coding"
"8424","SEPHS2","protein_coding"
"8425","CEP290","protein_coding"
"8426","MRM2","protein_coding"
"8427","ZNF768","protein_coding"
"8428","STEEP1","protein_coding"
"8429","SLC1A3","protein_coding"
"8430","ZNF764","protein_coding"
"8431","SNX8","protein_coding"
"8432","CRISP3","protein_coding"
"8433","NUTM2F","protein_coding"
"8434","ZNF785","protein_coding"
"8435","OR2H1","protein_coding"
"8436","LPAR1","protein_coding"
"8437","IL2RA","protein_coding"
"8438","ZNF689","protein_coding"
"8439","PDHA1","protein_coding"
"8440","CHST12","protein_coding"
"8441","IDH3B","protein_coding"
"8442","EGFL8","protein_coding"
"8443","MAD1L1","protein_coding"
"8444","MTHFD1L","protein_coding"
"8445","SVEP1","protein_coding"
"8446","PRR14","protein_coding"
"8447","TSKS","protein_coding"
"8448","RBM17","protein_coding"
"8449","METTL18","protein_coding"
"8450","NBEAL2","protein_coding"
"8451","RAB28","protein_coding"
"8452","MAP3K15","protein_coding"
"8453","TUBB","protein_coding"
"8454","CHIA","protein_coding"
"8455","SFI1","protein_coding"
"8456","TMEM145","protein_coding"
"8457","PFKFB3","protein_coding"
"8458","NTNG2","protein_coding"
"8459","TSBP1","protein_coding"
"8460","MUSK","protein_coding"
"8461","FBRS","protein_coding"
"8462","STK4","protein_coding"
"8463","IKBKG","protein_coding"
"8464","MPND","protein_coding"
"8465","MRPS18A","protein_coding"
"8466","OCM","protein_coding"
"8467","ALYREF","protein_coding"
"8468","VWF","protein_coding"
"8469","FBXO9","protein_coding"
"8470","ASIC5","protein_coding"
"8471","CCZ1","protein_coding"
"8472","PDK1","protein_coding"
"8473","ITGAL","protein_coding"
"8474","ANAPC11","protein_coding"
"8475","TRIM40","protein_coding"
"8476","GNL1","protein_coding"
"8477","CDC23","protein_coding"
"8478","CERCAM","protein_coding"
"8479","INMT-MINDY4","protein_coding"
"8480","PSMB8","protein_coding"
"8481","ATP6V1G2","protein_coding"
"8482","ACVR2B","protein_coding"
"8483","MINDY4","protein_coding"
"8484","CEBPB","protein_coding"
"8485","MPIG6B","protein_coding"
"8486","GPCPD1","protein_coding"
"8487","CDC25C","protein_coding"
"8488","FICD","protein_coding"
"8489","AQP1","protein_coding"
"8490","SART3","protein_coding"
"8491","DHRS4L2","protein_coding"
"8492","ELOVL6","protein_coding"
"8493","GHRHR","protein_coding"
"8494","NIBAN1","protein_coding"
"8495","SCTR","protein_coding"
"8496","G6PD","protein_coding"
"8497","ZNF639","protein_coding"
"8498","PRUNE2","protein_coding"
"8499","SH3GL1","protein_coding"
"8500","OR10J5","protein_coding"
"8501","UGT1A4","protein_coding"
"8502","AP1AR","protein_coding"
"8503","LAMC2","protein_coding"
"8504","CSNK2A2","protein_coding"
"8505","CLIC5","protein_coding"
"8506","MFSD14B","protein_coding"
"8507","SLC40A1","protein_coding"
"8508","SIT1","protein_coding"
"8509","MFSD10","protein_coding"
"8510","PRSS54","protein_coding"
"8511","MFN1","protein_coding"
"8512","NUB1","protein_coding"
"8513","NPB","protein_coding"
"8514","CD72","protein_coding"
"8515","PANO1","protein_coding"
"8516","FAM53C","protein_coding"
"8517","MDC1","protein_coding"
"8518","PARVA","protein_coding"
"8519","CHAF1A","protein_coding"
"8520","PALD1","protein_coding"
"8521","DCTPP1","protein_coding"
"8522","PCYT2","protein_coding"
"8523","BRF1","protein_coding"
"8524","EXOC6B","protein_coding"
"8525","EGR1","protein_coding"
"8526","PISD","protein_coding"
"8527","UBXN6","protein_coding"
"8528","GPA33","protein_coding"
"8529","CPLANE1","protein_coding"
"8530","ISCU","protein_coding"
"8531","NTRK2","protein_coding"
"8532","HLA-DPB1","protein_coding"
"8533","OR10G6","protein_coding"
"8534","OR10G9","protein_coding"
"8535","C16orf78","protein_coding"
"8536","RIPK1","protein_coding"
"8537","TTC9C","protein_coding"
"8538","XCL1","protein_coding"
"8539","ZBTB3","protein_coding"
"8540","ZNF423","protein_coding"
"8541","NOP14","protein_coding"
"8542","NOL7","protein_coding"
"8543","POLR2G","protein_coding"
"8544","RANBP9","protein_coding"
"8545","ING5","protein_coding"
"8546","NUF2","protein_coding"
"8547","TAS2R39","protein_coding"
"8548","TMEM119","protein_coding"
"8549","TAS2R40","protein_coding"
"8550","PRR14L","protein_coding"
"8551","EMP1","protein_coding"
"8552","GSTK1","protein_coding"
"8553","SEMA4G","protein_coding"
"8554","SNX9","protein_coding"
"8555","TAF6L","protein_coding"
"8556","HDGFL2","protein_coding"
"8557","CFC1","protein_coding"
"8558","SEZ6L","protein_coding"
"8559","ADCY7","protein_coding"
"8560","FBXW11","protein_coding"
"8561","SLC7A3","protein_coding"
"8562","EIF4B","protein_coding"
"8563","GNB4","protein_coding"
"8564","POLR1H","protein_coding"
"8565","TMEM223","protein_coding"
"8566","SYNJ2","protein_coding"
"8567","GRK4","protein_coding"
"8568","AQP3","protein_coding"
"8569","PAX3","protein_coding"
"8570","TMEM179B","protein_coding"
"8571","IL2RG","protein_coding"
"8572","PAEP","protein_coding"
"8573","IL5","protein_coding"
"8574","NXF1","protein_coding"
"8575","TMEM139","protein_coding"
"8576","CYP17A1","protein_coding"
"8577","FAM114A2","protein_coding"
"8578","UPF3B","protein_coding"
"8579","PLIN5","protein_coding"
"8580","NID2","protein_coding"
"8581","CASP2","protein_coding"
"8582","TRIM31","protein_coding"
"8583","NR5A2","protein_coding"
"8584","BORCS7","protein_coding"
"8585","LRG1","protein_coding"
"8586","EHMT2","protein_coding"
"8587","GLT6D1","protein_coding"
"8588","TNFAIP8L1","protein_coding"
"8589","RGPD4","protein_coding"
"8590","LCN9","protein_coding"
"8591","BORCS7-ASMT","protein_coding"
"8592","ERVV-2","protein_coding"
"8593","TRAF2","protein_coding"
"8594","KIF21A","protein_coding"
"8595","LHB","protein_coding"
"8596","AS3MT","protein_coding"
"8597","MSN","protein_coding"
"8598","CGB5","protein_coding"
"8599","C2orf72","protein_coding"
"8600","HTR2B","protein_coding"
"8601","ACTL6A","protein_coding"
"8602","ZFHX2","protein_coding"
"8603","FAM131B","protein_coding"
"8604","NT5C2","protein_coding"
"8605","SNRNP70","protein_coding"
"8606","NMUR1","protein_coding"
"8607","JPH4","protein_coding"
"8608","SCYL3","protein_coding"
"8609","YPEL4","protein_coding"
"8610","RNPEPL1","protein_coding"
"8611","AMMECR1","protein_coding"
"8612","AJM1","protein_coding"
"8613","UNC5B","protein_coding"
"8614","SET","protein_coding"
"8615","MEP1A","protein_coding"
"8616","TENT4B","protein_coding"
"8617","MSANTD1","protein_coding"
"8618","SIRT7","protein_coding"
"8619","CCDC88C","protein_coding"
"8620","SLC29A3","protein_coding"
"8621","OR1L8","protein_coding"
"8622","GNG5B","protein_coding"
"8623","ZNF618","protein_coding"
"8624","COQ2","protein_coding"
"8625","ZDHHC5","protein_coding"
"8626","DKC1","protein_coding"
"8627","LIN7B","protein_coding"
"8628","NMNAT2","protein_coding"
"8629","NFKB2","protein_coding"
"8630","CAPN10","protein_coding"
"8631","MAPK13","protein_coding"
"8632","MFAP3","protein_coding"
"8633","CNTNAP3","protein_coding"
"8634","CKLF","protein_coding"
"8635","HPSE","protein_coding"
"8636","MRPL48","protein_coding"
"8637","C19orf73","protein_coding"
"8638","ZNF845","protein_coding"
"8639","IRF1","protein_coding"
"8640","ZNF525","protein_coding"
"8641","MAGEA1","protein_coding"
"8642","TARBP1","protein_coding"
"8643","CKLF-CMTM1","protein_coding"
"8644","PWWP4","protein_coding"
"8645","CDK16","protein_coding"
"8646","ZNF765","protein_coding"
"8647","CMTM2","protein_coding"
"8648","MAFG","protein_coding"
"8649","MRPL47","protein_coding"
"8650","LINC01556","protein_coding"
"8651","CMTM3","protein_coding"
"8652","BRPF3","protein_coding"
"8653","ZNF813","protein_coding"
"8654","CRB2","protein_coding"
"8655","TDRD5","protein_coding"
"8656","PYCR1","protein_coding"
"8657","TCAF2C","protein_coding"
"8658","CPN2","protein_coding"
"8659","REXO1","protein_coding"
"8660","LRRC15","protein_coding"
"8661","LHX2","protein_coding"
"8662","AKAP9","protein_coding"
"8663","CPT1B","protein_coding"
"8664","PAAF1","protein_coding"
"8665","LSG1","protein_coding"
"8666","AQP12B","protein_coding"
"8667","SLK","protein_coding"
"8668","SLC44A4","protein_coding"
"8669","DOCK8","protein_coding"
"8670","NELL2","protein_coding"
"8671","AGXT","protein_coding"
"8672","KLF16","protein_coding"
"8673","TFB2M","protein_coding"
"8674","FAM43A","protein_coding"
"8675","BHLHE40","protein_coding"
"8676","PPP1R2B","protein_coding"
"8677","ABHD17A","protein_coding"
"8678","SGCD","protein_coding"
"8679","LY6G5C","protein_coding"
"8680","CMTM4","protein_coding"
"8681","LYPLAL1","protein_coding"
"8682","HYCC1","protein_coding"
"8683","BNIP5","protein_coding"
"8684","MAB21L4","protein_coding"
"8685","GPR85","protein_coding"
"8686","ARL8B","protein_coding"
"8687","ETV7","protein_coding"
"8688","COL17A1","protein_coding"
"8689","GPSM3","protein_coding"
"8690","ADAT3","protein_coding"
"8691","WNT10A","protein_coding"
"8692","HELQ","protein_coding"
"8693","DIMT1","protein_coding"
"8694","NUDT1","protein_coding"
"8695","CSNK1G2","protein_coding"
"8696","AGER","protein_coding"
"8697","CDK5R2","protein_coding"
"8698","FEV","protein_coding"
"8699","USP11","protein_coding"
"8700","CRYBA2","protein_coding"
"8701","EDEM1","protein_coding"
"8702","MPZL1","protein_coding"
"8703","SCAND3","protein_coding"
"8704","OR12D2","protein_coding"
"8705","CLN3","protein_coding"
"8706","OR5V1","protein_coding"
"8707","IFT27","protein_coding"
"8708","MRPS18C","protein_coding"
"8709","CFAP65","protein_coding"
"8710","EIF4H","protein_coding"
"8711","LY6G6E","protein_coding"
"8712","FAM3A","protein_coding"
"8713","CCDC66","protein_coding"
"8714","LSM7","protein_coding"
"8715","ABRAXAS1","protein_coding"
"8716","CMTR1","protein_coding"
"8717","INTS7","protein_coding"
"8718","ELMO1","protein_coding"
"8719","TIMM13","protein_coding"
"8720","VPREB1","protein_coding"
"8721","LHFPL7","protein_coding"
"8722","LMNB2","protein_coding"
"8723","PARVG","protein_coding"
"8724","CCDC167","protein_coding"
"8725","MDGA1","protein_coding"
"8726","STN1","protein_coding"
"8727","ANXA10","protein_coding"
"8728","ZNF787","protein_coding"
"8729","KERA","protein_coding"
"8730","IHH","protein_coding"
"8731","MYADML2","protein_coding"
"8732","ZNF444","protein_coding"
"8733","RAB3IP","protein_coding"
"8734","NOTUM","protein_coding"
"8735","SLC23A3","protein_coding"
"8736","TRIM39","protein_coding"
"8737","DNAJB13","protein_coding"
"8738","SIRT5","protein_coding"
"8739","EFNA5","protein_coding"
"8740","DDX60","protein_coding"
"8741","GRXCR2","protein_coding"
"8742","GALP","protein_coding"
"8743","SCN11A","protein_coding"
"8744","UCP3","protein_coding"
"8745","PNPLA1","protein_coding"
"8746","SPATA31C2","protein_coding"
"8747","SPTLC1","protein_coding"
"8748","CLDN4","protein_coding"
"8749","CNPPD1","protein_coding"
"8750","OR9A4","protein_coding"
"8751","TECR","protein_coding"
"8752","PDLIM1","protein_coding"
"8753","GDI1","protein_coding"
"8754","PACSIN2","protein_coding"
"8755","LRRD1","protein_coding"
"8756","ATXN7L1","protein_coding"
"8757","ACSM6","protein_coding"
"8758","PPME1","protein_coding"
"8759","CDH24","protein_coding"
"8760","CATSPERE","protein_coding"
"8761","HLA-DQA2","protein_coding"
"8762","VSTM4","protein_coding"
"8763","HLA-DQB2","protein_coding"
"8764","KDR","protein_coding"
"8765","MBIP","protein_coding"
"8766","FAM170B","protein_coding"
"8767","LRRC18","protein_coding"
"8768","CYP2C18","protein_coding"
"8769","RETREG2","protein_coding"
"8770","PORCN","protein_coding"
"8771","CNTRL","protein_coding"
"8772","ZFAND2B","protein_coding"
"8773","LANCL2","protein_coding"
"8774","CGAS","protein_coding"
"8775","ATXN3","protein_coding"
"8776","CT47C1","protein_coding"
"8777","SH2D1A","protein_coding"
"8778","ANTXR2","protein_coding"
"8779","CD163L1","protein_coding"
"8780","EDARADD","protein_coding"
"8781","MAGEF1","protein_coding"
"8782","HTR2C","protein_coding"
"8783","C3orf70","protein_coding"
"8784","KCNJ1","protein_coding"
"8785","KMT2C","protein_coding"
"8786","NOTCH4","protein_coding"
"8787","BRINP3","protein_coding"
"8788","VPS8","protein_coding"
"8789","TLR8","protein_coding"
"8790","POLD4","protein_coding"
"8791","NDUFB7","protein_coding"
"8792","TMSB4X","protein_coding"
"8793","TAP2","protein_coding"
"8794","TTLL1","protein_coding"
"8795","AHI1","protein_coding"
"8796","LMX1A","protein_coding"
"8797","MEGF8","protein_coding"
"8798","TPCN1","protein_coding"
"8799","PTPRD","protein_coding"
"8800","FAM9C","protein_coding"
"8801","CLCF1","protein_coding"
"8802","P4HB","protein_coding"
"8803","XIAP","protein_coding"
"8804","ABCB6","protein_coding"
"8805","PPP1CA","protein_coding"
"8806","ADCY10","protein_coding"
"8807","CASK","protein_coding"
"8808","ABCA2","protein_coding"
"8809","TUBG1","protein_coding"
"8810","BIK","protein_coding"
"8811","CCR10","protein_coding"
"8812","NRM","protein_coding"
"8813","CNTNAP1","protein_coding"
"8814","MCAT","protein_coding"
"8815","TTLL12","protein_coding"
"8816","HLA-DPA1","protein_coding"
"8817","PPT2","protein_coding"
"8818","TBC1D10C","protein_coding"
"8819","SELE","protein_coding"
"8820","EZH1","protein_coding"
"8821","INPP5J","protein_coding"
"8822","ATG9A","protein_coding"
"8823","CNFN","protein_coding"
"8824","HLA-A","protein_coding"
"8825","PIK3R4","protein_coding"
"8826","CXCL17","protein_coding"
"8827","POLR3A","protein_coding"
"8828","CEACAM1","protein_coding"
"8829","RPS6KB2","protein_coding"
"8830","GPATCH2","protein_coding"
"8831","CCKAR","protein_coding"
"8832","SELL","protein_coding"
"8833","CORO1C","protein_coding"
"8834","SRD5A3","protein_coding"
"8835","RPS24","protein_coding"
"8836","ALDH1B1","protein_coding"
"8837","CLDN1","protein_coding"
"8838","IGFBPL1","protein_coding"
"8839","CAPN8","protein_coding"
"8840","LGI2","protein_coding"
"8841","IGFBP1","protein_coding"
"8842","CLDN16","protein_coding"
"8843","RABL2B","protein_coding"
"8844","B3GALT9","protein_coding"
"8845","BAG6","protein_coding"
"8846","DENND4C","protein_coding"
"8847","PI4K2B","protein_coding"
"8848","IGFBP3","protein_coding"
"8849","RAMP2","protein_coding"
"8850","HELLS","protein_coding"
"8851","SEPSECS","protein_coding"
"8852","PSMB9","protein_coding"
"8853","CEACAM8","protein_coding"
"8854","VPS25","protein_coding"
"8855","RGS5","protein_coding"
"8856","PTPRCAP","protein_coding"
"8857","FKBP9","protein_coding"
"8858","CAMSAP3","protein_coding"
"8859","C2","protein_coding"
"8860","ATP2C1","protein_coding"
"8861","CORO1B","protein_coding"
"8862","ANKZF1","protein_coding"
"8863","TLCD3A","protein_coding"
"8864","ATAT1","protein_coding"
"8865","TRIM26","protein_coding"
"8866","MED13L","protein_coding"
"8867","GEMIN4","protein_coding"
"8868","GTF2H2C","protein_coding"
"8869","MRM3","protein_coding"
"8870","CLGN","protein_coding"
"8871","XAB2","protein_coding"
"8872","SPATA17","protein_coding"
"8873","RFFL","protein_coding"
"8874","RPS6","protein_coding"
"8875","RP9","protein_coding"
"8876","ZNF138","protein_coding"
"8877","GPR152","protein_coding"
"8878","PRRX1","protein_coding"
"8879","MGAT4D","protein_coding"
"8880","TMEM134","protein_coding"
"8881","SNHG32","protein_coding"
"8882","GARIN1A","protein_coding"
"8883","ACER2","protein_coding"
"8884","PCP2","protein_coding"
"8885","GLB1L","protein_coding"
"8886","ELMOD2","protein_coding"
"8887","SLC24A2","protein_coding"
"8888","LHFPL3","protein_coding"
"8889","ASTN1","protein_coding"
"8890","RETN","protein_coding"
"8891","SLC25A40","protein_coding"
"8892","FNDC8","protein_coding"
"8893","UCP1","protein_coding"
"8894","RIC1","protein_coding"
"8895","TRAPPC5","protein_coding"
"8896","STX5","protein_coding"
"8897","NLE1","protein_coding"
"8898","FCER2","protein_coding"
"8899","TMEM156","protein_coding"
"8900","B3GALT4","protein_coding"
"8901","DBF4","protein_coding"
"8902","PPARA","protein_coding"
"8903","CASP6","protein_coding"
"8904","WBP2NL","protein_coding"
"8905","MAS1L","protein_coding"
"8906","PLA2G12A","protein_coding"
"8907","PBX2","protein_coding"
"8908","DNAI7","protein_coding"
"8909","STK16","protein_coding"
"8910","SRI","protein_coding"
"8911","PRR36","protein_coding"
"8912","GAR1","protein_coding"
"8913","LRRC8E","protein_coding"
"8914","TUBGCP6","protein_coding"
"8915","UNC45B","protein_coding"
"8916","MAP2K7","protein_coding"
"8917","TUB","protein_coding"
"8918","RRH","protein_coding"
"8919","MLANA","protein_coding"
"8920","DTL","protein_coding"
"8921","LRIT3","protein_coding"
"8922","STEAP4","protein_coding"
"8923","C4orf17","protein_coding"
"8924","USP18","protein_coding"
"8925","SLC27A6","protein_coding"
"8926","PTPRN","protein_coding"
"8927","CTXN1","protein_coding"
"8928","ERMP1","protein_coding"
"8929","ADAM22","protein_coding"
"8930","TIMM44","protein_coding"
"8931","SRPRA","protein_coding"
"8932","MTTP","protein_coding"
"8933","ISOC1","protein_coding"
"8934","SMAD1","protein_coding"
"8935","NUTM2B","protein_coding"
"8936","TASOR2","protein_coding"
"8937","GGA1","protein_coding"
"8938","SLFN5","protein_coding"
"8939","ZNF622","protein_coding"
"8940","OR12D3","protein_coding"
"8941","SOAT1","protein_coding"
"8942","PDCD6-AHRR","protein_coding"
"8943","PYROXD2","protein_coding"
"8944","MAN2A1","protein_coding"
"8945","ETFRF1","protein_coding"
"8946","C4orf51","protein_coding"
"8947","MMAA","protein_coding"
"8948","SPPL2B","protein_coding"
"8949","MANSC4","protein_coding"
"8950","FOXN4","protein_coding"
"8951","HPS1","protein_coding"
"8952","DCPS","protein_coding"
"8953","CLIC1","protein_coding"
"8954","EPHA5","protein_coding"
"8955","KCTD10","protein_coding"
"8956","CNST","protein_coding"
"8957","RING1","protein_coding"
"8958","DDR1","protein_coding"
"8959","STC2","protein_coding"
"8960","OR2V2","protein_coding"
"8961","FHDC1","protein_coding"
"8962","NID1","protein_coding"
"8963","ANXA2R","protein_coding"
"8964","CUTA","protein_coding"
"8965","APBB3","protein_coding"
"8966","ST3GAL4","protein_coding"
"8967","DCTD","protein_coding"
"8968","IL11RA","protein_coding"
"8969","UBE3B","protein_coding"
"8970","PFKP","protein_coding"
"8971","RESP18","protein_coding"
"8972","ZNF493","protein_coding"
"8973","ECRG4","protein_coding"
"8974","CD209","protein_coding"
"8975","UXS1","protein_coding"
"8976","ZNF678","protein_coding"
"8977","FKBP15","protein_coding"
"8978","LHX9","protein_coding"
"8979","TTC29","protein_coding"
"8980","SLC26A9","protein_coding"
"8981","BMP2K","protein_coding"
"8982","AKIRIN2","protein_coding"
"8983","PRPF18","protein_coding"
"8984","SPACA1","protein_coding"
"8985","SCOC","protein_coding"
"8986","EP300","protein_coding"
"8987","KIAA0319","protein_coding"
"8988","LRP2BP","protein_coding"
"8989","RMI1","protein_coding"
"8990","AQP7","protein_coding"
"8991","ILDR2","protein_coding"
"8992","PEX11G","protein_coding"
"8993","C4orf46","protein_coding"
"8994","PNLIP","protein_coding"
"8995","DUSP28","protein_coding"
"8996","ETFDH","protein_coding"
"8997","SAXO5","protein_coding"
"8998","DPY30","protein_coding"
"8999","GMNN","protein_coding"
"9000","SFXN3","protein_coding"
"9001","SLC30A6","protein_coding"
"9002","ZNF358","protein_coding"
"9003","MCOLN1","protein_coding"
"9004","SCART1","protein_coding"
"9005","TAS2R1","protein_coding"
"9006","CYTH4","protein_coding"
"9007","DOK3","protein_coding"
"9008","RRP15","protein_coding"
"9009","LIPJ","protein_coding"
"9010","NOL6","protein_coding"
"9011","H2AC16","protein_coding"
"9012","H1-5","protein_coding"
"9013","H3C11","protein_coding"
"9014","H4C13","protein_coding"
"9015","NPM3","protein_coding"
"9016","H3C12","protein_coding"
"9017","H2AC17","protein_coding"
"9018","H2BC17","protein_coding"
"9019","OR2B2","protein_coding"
"9020","BRD2","protein_coding"
"9021","PTPN14","protein_coding"
"9022","NKX2-3","protein_coding"
"9023","RPS23","protein_coding"
"9024","ENTPD7","protein_coding"
"9025","FBXO36","protein_coding"
"9026","PNPLA6","protein_coding"
"9027","CUTC","protein_coding"
"9028","SLC16A14","protein_coding"
"9029","MBNL3","protein_coding"
"9030","EXOSC2","protein_coding"
"9031","COX15","protein_coding"
"9032","MMAB","protein_coding"
"9033","DCP2","protein_coding"
"9034","SLC19A3","protein_coding"
"9035","HLA-DRB3","protein_coding"
"9036","CCDC6","protein_coding"
"9037","GSAP","protein_coding"
"9038","CDK1","protein_coding"
"9039","NEK2","protein_coding"
"9040","RPS18","protein_coding"
"9041","CCL20","protein_coding"
"9042","ZNF608","protein_coding"
"9043","PPID","protein_coding"
"9044","DAW1","protein_coding"
"9045","LYVE1","protein_coding"
"9046","SLC25A28","protein_coding"
"9047","C1orf53","protein_coding"
"9048","RNF208","protein_coding"
"9049","IBSP","protein_coding"
"9050","SNAPC4","protein_coding"
"9051","RSRC2","protein_coding"
"9052","ZBED5","protein_coding"
"9053","PKD2","protein_coding"
"9054","TOMM20","protein_coding"
"9055","NKX6-2","protein_coding"
"9056","PTPN12","protein_coding"
"9057","FAM240B","protein_coding"
"9058","GLI2","protein_coding"
"9059","NR4A3","protein_coding"
"9060","TADA1","protein_coding"
"9061","CFAP46","protein_coding"
"9062","IER3","protein_coding"
"9063","TTC1","protein_coding"
"9064","EIF3F","protein_coding"
"9065","DHX9","protein_coding"
"9066","WAS","protein_coding"
"9067","STX17","protein_coding"
"9068","ABCG2","protein_coding"
"9069","SP140","protein_coding"
"9070","HORMAD2","protein_coding"
"9071","TBCEL-TECTA","protein_coding"
"9072","KCNA4","protein_coding"
"9073","ADAMTS19","protein_coding"
"9074","FSHB","protein_coding"
"9075","KNTC1","protein_coding"
"9076","TRPT1","protein_coding"
"9077","CT45A1","protein_coding"
"9078","BTF3L4","protein_coding"
"9079","FRMD4A","protein_coding"
"9080","AFAP1","protein_coding"
"9081","HLA-DOA","protein_coding"
"9082","PLK2","protein_coding"
"9083","CT45A5","protein_coding"
"9084","CCT8L2","protein_coding"
"9085","ACE2","protein_coding"
"9086","XKR3","protein_coding"
"9087","CDK5RAP2","protein_coding"
"9088","HLA-DRB1","protein_coding"
"9089","ANXA3","protein_coding"
"9090","TBC1D25","protein_coding"
"9091","ATF6B","protein_coding"
"9092","COP1","protein_coding"
"9093","GAB4","protein_coding"
"9094","BAD","protein_coding"
"9095","IPMK","protein_coding"
"9096","FERD3L","protein_coding"
"9097","CYREN","protein_coding"
"9098","TFDP2","protein_coding"
"9099","CISD1","protein_coding"
"9100","ESRRA","protein_coding"
"9101","TFE3","protein_coding"
"9102","CLEC4M","protein_coding"
"9103","GATA3","protein_coding"
"9104","TMEM140","protein_coding"
"9105","WDR91","protein_coding"
"9106","NFKBIL1","protein_coding"
"9107","HDAC6","protein_coding"
"9108","HCAR2","protein_coding"
"9109","HCAR3","protein_coding"
"9110","HCAR1","protein_coding"
"9111","GIN1","protein_coding"
"9112","CCDC62","protein_coding"
"9113","HK1","protein_coding"
"9114","PTBP1","protein_coding"
"9115","CTSC","protein_coding"
"9116","FKBPL","protein_coding"
"9117","FRAS1","protein_coding"
"9118","DYTN","protein_coding"
"9119","OR2V1","protein_coding"
"9120","RGS18","protein_coding"
"9121","HIP1R","protein_coding"
"9122","CERT1","protein_coding"
"9123","CEP15","protein_coding"
"9124","GNPAT","protein_coding"
"9125","CENPM","protein_coding"
"9126","LPIN1","protein_coding"
"9127","TRANK1","protein_coding"
"9128","SLC39A7","protein_coding"
"9129","TOB2","protein_coding"
"9130","RRP7A","protein_coding"
"9131","SUCLG2","protein_coding"
"9132","CENPP","protein_coding"
"9133","ECM2","protein_coding"
"9134","VPS37B","protein_coding"
"9135","TGFB2","protein_coding"
"9136","CTSD","protein_coding"
"9137","NPTXR","protein_coding"
"9138","DSPP","protein_coding"
"9139","PLCD1","protein_coding"
"9140","CYP2U1","protein_coding"
"9141","ANKRD33","protein_coding"
"9142","PPT2-EGFL8","protein_coding"
"9143","ODR4","protein_coding"
"9144","SLC39A8","protein_coding"
"9145","ACVR1B","protein_coding"
"9146","RBM33","protein_coding"
"9147","NUPR1","protein_coding"
"9148","FMO4","protein_coding"
"9149","SULT1A2","protein_coding"
"9150","TAMALIN","protein_coding"
"9151","SHH","protein_coding"
"9152","CLHC1","protein_coding"
"9153","MANBA","protein_coding"
"9154","NSL1","protein_coding"
"9155","RNF32","protein_coding"
"9156","C8orf33","protein_coding"
"9157","ASTE1","protein_coding"
"9158","MRPL11","protein_coding"
"9159","NR4A1","protein_coding"
"9160","MTIF2","protein_coding"
"9161","HFM1","protein_coding"
"9162","CCDC7","protein_coding"
"9163","PSMD6","protein_coding"
"9164","TK2","protein_coding"
"9165","CCHCR1","protein_coding"
"9166","BBS1","protein_coding"
"9167","RNF157","protein_coding"
"9168","STAB2","protein_coding"
"9169","PLCH1","protein_coding"
"9170","LMBR1","protein_coding"
"9171","RPL13A","protein_coding"
"9172","MDH1","protein_coding"
"9173","UBALD2","protein_coding"
"9174","GALNT2","protein_coding"
"9175","KIF5A","protein_coding"
"9176","KDM6B","protein_coding"
"9177","FMO1","protein_coding"
"9178","UBE2D3","protein_coding"
"9179","ZNF564","protein_coding"
"9180","ZMYND11","protein_coding"
"9181","RDH5","protein_coding"
"9182","ZNF490","protein_coding"
"9183","NOM1","protein_coding"
"9184","SNX17","protein_coding"
"9185","NKX2-4","protein_coding"
"9186","SPRTN","protein_coding"
"9187","LY6G5B","protein_coding"
"9188","CD63","protein_coding"
"9189","ZNF791","protein_coding"
"9190","NKX2-2","protein_coding"
"9191","KIFC1","protein_coding"
"9192","WWTR1","protein_coding"
"9193","MNX1","protein_coding"
"9194","WDR83","protein_coding"
"9195","EGLN1","protein_coding"
"9196","FAM20A","protein_coding"
"9197","GCK","protein_coding"
"9198","LRIG1","protein_coding"
"9199","GNG4","protein_coding"
"9200","ANKDD1B","protein_coding"
"9201","PFKFB1","protein_coding"
"9202","ZDHHC24","protein_coding"
"9203","VSX1","protein_coding"
"9204","PAPPA2","protein_coding"
"9205","ZNF513","protein_coding"
"9206","ACTN3","protein_coding"
"9207","PPM1G","protein_coding"
"9208","ARSG","protein_coding"
"9209","DNAH5","protein_coding"
"9210","WDR83OS","protein_coding"
"9211","FBXW9","protein_coding"
"9212","ENTPD6","protein_coding"
"9213","NRBP1","protein_coding"
"9214","C7orf33","protein_coding"
"9215","TRIR","protein_coding"
"9216","LRRN2","protein_coding"
"9217","AMZ2","protein_coding"
"9218","EZH2","protein_coding"
"9219","GET3","protein_coding"
"9220","PPP2R5A","protein_coding"
"9221","BEX4","protein_coding"
"9222","BEST2","protein_coding"
"9223","WWC3","protein_coding"
"9224","SLC39A13","protein_coding"
"9225","ZIC4","protein_coding"
"9226","JUNB","protein_coding"
"9227","PRDX2","protein_coding"
"9228","KCTD5","protein_coding"
"9229","PRSS27","protein_coding"
"9230","RNASEH2A","protein_coding"
"9231","ERCC8","protein_coding"
"9232","KANTR","protein_coding"
"9233","KRTCAP3","protein_coding"
"9234","SPMIP3","protein_coding"
"9235","TCP11X1","protein_coding"
"9236","CASKIN2","protein_coding"
"9237","CCDC146","protein_coding"
"9238","TUBB2B","protein_coding"
"9239","TCP11X2","protein_coding"
"9240","PRSS21","protein_coding"
"9241","HOOK2","protein_coding"
"9242","SPATA45","protein_coding"
"9243","PSMG4","protein_coding"
"9244","PLA2G4A","protein_coding"
"9245","KLHL13","protein_coding"
"9246","SPRING1","protein_coding"
"9247","FNDC4","protein_coding"
"9248","THPO","protein_coding"
"9249","RAPSN","protein_coding"
"9250","HRK","protein_coding"
"9251","SLC22A23","protein_coding"
"9252","OR6C70","protein_coding"
"9253","OR6C68","protein_coding"
"9254","TRIM74","protein_coding"
"9255","SCNN1A","protein_coding"
"9256","TSEN54","protein_coding"
"9257","NOTCH3","protein_coding"
"9258","C16orf89","protein_coding"
"9259","SHCBP1L","protein_coding"
"9260","ZNF853","protein_coding"
"9261","ZNF316","protein_coding"
"9262","IFT172","protein_coding"
"9263","HLA-DQB1","protein_coding"
"9264","NDUFS3","protein_coding"
"9265","ZNF12","protein_coding"
"9266","NMD3","protein_coding"
"9267","CRIPTO3","protein_coding"
"9268","GATA1","protein_coding"
"9269","LLGL2","protein_coding"
"9270","DEF8","protein_coding"
"9271","MUCL3","protein_coding"
"9272","MUC3A","protein_coding"
"9273","LPGAT1","protein_coding"
"9274","TRPC5OS","protein_coding"
"9275","MUC17","protein_coding"
"9276","EPHX3","protein_coding"
"9277","SKIC2","protein_coding"
"9278","LTBR","protein_coding"
"9279","OGT","protein_coding"
"9280","PTPMT1","protein_coding"
"9281","TUBB2A","protein_coding"
"9282","TRIM56","protein_coding"
"9283","SHKBP1","protein_coding"
"9284","HOXA1","protein_coding"
"9285","COL11A2","protein_coding"
"9286","COL12A1","protein_coding"
"9287","CARTPT","protein_coding"
"9288","TATDN3","protein_coding"
"9289","HOXA2","protein_coding"
"9290","SLC7A8","protein_coding"
"9291","RPS6KA6","protein_coding"
"9292","HOXA5","protein_coding"
"9293","HOXA6","protein_coding"
"9294","TAPBPL","protein_coding"
"9295","HOXA7","protein_coding"
"9296","SPATA2","protein_coding"
"9297","HOXA9","protein_coding"
"9298","HSD17B4","protein_coding"
"9299","RNF114","protein_coding"
"9300","HOXA11","protein_coding"
"9301","HOXA13","protein_coding"
"9302","CD9","protein_coding"
"9303","RGL2","protein_coding"
"9304","EVX1","protein_coding"
"9305","TCF7L2","protein_coding"
"9306","NSUN5","protein_coding"
"9307","SH3KBP1","protein_coding"
"9308","SNAI1","protein_coding"
"9309","PGM2L1","protein_coding"
"9310","ARHGEF3","protein_coding"
"9311","LIPT2","protein_coding"
"9312","KCNE3","protein_coding"
"9313","SETD7","protein_coding"
"9314","TRIM50","protein_coding"
"9315","STAT5A","protein_coding"
"9316","FKBP6","protein_coding"
"9317","LTBP4","protein_coding"
"9318","CTSF","protein_coding"
"9319","GPX2","protein_coding"
"9320","MGST2","protein_coding"
"9321","CALM1","protein_coding"
"9322","HLA-C","protein_coding"
"9323","CD93","protein_coding"
"9324","SELP","protein_coding"
"9325","AIMP1","protein_coding"
"9326","ATP5F1B","protein_coding"
"9327","SEMA3D","protein_coding"
"9328","TAF1C","protein_coding"
"9329","HLA-DQA1","protein_coding"
"9330","EAPP","protein_coding"
"9331","CASTOR2","protein_coding"
"9332","PTGES3","protein_coding"
"9333","STPG3","protein_coding"
"9334","HNRNPC","protein_coding"
"9335","RCC1L","protein_coding"
"9336","CAMK1G","protein_coding"
"9337","NELFE","protein_coding"
"9338","SNAPC3","protein_coding"
"9339","CCDC14","protein_coding"
"9340","FZD9","protein_coding"
"9341","SMG8","protein_coding"
"9342","AASDH","protein_coding"
"9343","RBAK","protein_coding"
"9344","NIFK","protein_coding"
"9345","SMIM5","protein_coding"
"9346","ABCB5","protein_coding"
"9347","RNF227","protein_coding"
"9348","OR4D2","protein_coding"
"9349","ZNF672","protein_coding"
"9350","TSN","protein_coding"
"9351","HSD17B6","protein_coding"
"9352","NUMBL","protein_coding"
"9353","TMEM30A","protein_coding"
"9354","UNC13B","protein_coding"
"9355","LAMB3","protein_coding"
"9356","ACVR2A","protein_coding"
"9357","NACA","protein_coding"
"9358","RTN4RL2","protein_coding"
"9359","LDAF1","protein_coding"
"9360","SLC43A1","protein_coding"
"9361","C3orf52","protein_coding"
"9362","COQ8B","protein_coding"
"9363","AMDHD2","protein_coding"
"9364","CAMK1","protein_coding"
"9365","ARHGEF10L","protein_coding"
"9366","SCUBE3","protein_coding"
"9367","ORC4","protein_coding"
"9368","ZNF76","protein_coding"
"9369","TCF19","protein_coding"
"9370","RXRB","protein_coding"
"9371","ATP6V0E2","protein_coding"
"9372","TIMM10","protein_coding"
"9373","ARPC4-TTLL3","protein_coding"
"9374","UBE2L6","protein_coding"
"9375","HLA-B","protein_coding"
"9376","TAX1BP1","protein_coding"
"9377","TFAP2C","protein_coding"
"9378","JAGN1","protein_coding"
"9379","PPAT","protein_coding"
"9380","SERPING1","protein_coding"
"9381","IL17RE","protein_coding"
"9382","PGLS","protein_coding"
"9383","NOS1AP","protein_coding"
"9384","CFB","protein_coding"
"9385","MBD5","protein_coding"
"9386","FBXL19","protein_coding"
"9387","PPARD","protein_coding"
"9388","TIMM29","protein_coding"
"9389","CXCL2","protein_coding"
"9390","RETREG1","protein_coding"
"9391","TLE5","protein_coding"
"9392","MIA2","protein_coding"
"9393","EPGN","protein_coding"
"9394","ANGEL2","protein_coding"
"9395","MFSD5","protein_coding"
"9396","SCN2B","protein_coding"
"9397","DXO","protein_coding"
"9398","BCL7C","protein_coding"
"9399","RPL10A","protein_coding"
"9400","ESPL1","protein_coding"
"9401","OR8G3P","protein_coding"
"9402","TEAD3","protein_coding"
"9403","PLAAT5","protein_coding"
"9404","TNPO1","protein_coding"
"9405","EXOC8","protein_coding"
"9406","HADH","protein_coding"
"9407","BRINP2","protein_coding"
"9408","RGPD5","protein_coding"
"9409","RNF40","protein_coding"
"9410","NEK7","protein_coding"
"9411","TULP1","protein_coding"
"9412","PPP6R3","protein_coding"
"9413","KIRREL2","protein_coding"
"9414","PGBD5","protein_coding"
"9415","AMT","protein_coding"
"9416","ZNF695","protein_coding"
"9417","LHX6","protein_coding"
"9418","MALL","protein_coding"
"9419","CXCL9","protein_coding"
"9420","FAXC","protein_coding"
"9421","RPS6KC1","protein_coding"
"9422","CHMP6","protein_coding"
"9423","CXCL10","protein_coding"
"9424","COQ3","protein_coding"
"9425","CXCL11","protein_coding"
"9426","TXNDC11","protein_coding"
"9427","MCF2","protein_coding"
"9428","PNISR","protein_coding"
"9429","NPHP1","protein_coding"
"9430","AATK","protein_coding"
"9431","FAM47E","protein_coding"
"9432","TNPO3","protein_coding"
"9433","USP45","protein_coding"
"9434","HCST","protein_coding"
"9435","FAM47E-STBD1","protein_coding"
"9436","ERP44","protein_coding"
"9437","TYROBP","protein_coding"
"9438","STBD1","protein_coding"
"9439","GUF1","protein_coding"
"9440","PVALEF","protein_coding"
"9441","TEPSIN","protein_coding"
"9442","HAGHL","protein_coding"
"9443","ZNF670-ZNF695","protein_coding"
"9444","GNPDA2","protein_coding"
"9445","NUP133","protein_coding"
"9446","GALK1","protein_coding"
"9447","SRA1","protein_coding"
"9448","PPP1R26","protein_coding"
"9449","PIERCE1","protein_coding"
"9450","ARSJ","protein_coding"
"9451","JADE2","protein_coding"
"9452","SH3TC1","protein_coding"
"9453","LCN1","protein_coding"
"9454","BHLHA9","protein_coding"
"9455","H2BK1","protein_coding"
"9456","C7orf78","protein_coding"
"9457","RGS21","protein_coding"
"9458","CMTM1","protein_coding"
"9459","TNRC18","protein_coding"
"9460","RGS1","protein_coding"
"9461","OBP2A","protein_coding"
"9462","ABHD4","protein_coding"
"9463","TSTD3","protein_coding"
"9464","WDR55","protein_coding"
"9465","WDR37","protein_coding"
"9466","PGBD2","protein_coding"
"9467","GPR135","protein_coding"
"9468","GNG2","protein_coding"
"9469","MUC12","protein_coding"
"9470","CCNC","protein_coding"
"9471","NUP214","protein_coding"
"9472","FLVCR1","protein_coding"
"9473","HMHB1","protein_coding"
"9474","OR2Y1","protein_coding"
"9475","GPR151","protein_coding"
"9476","PCDHGA1","protein_coding"
"9477","GDF1","protein_coding"
"9478","PCDHGA2","protein_coding"
"9479","SP1","protein_coding"
"9480","ZCWPW1","protein_coding"
"9481","COPE","protein_coding"
"9482","PCDHGA3","protein_coding"
"9483","EML5","protein_coding"
"9484","PCDHGB1","protein_coding"
"9485","PCDHGA4","protein_coding"
"9486","CDH3","protein_coding"
"9487","AMHR2","protein_coding"
"9488","USH2A","protein_coding"
"9489","SPANXN4","protein_coding"
"9490","PCDHGB2","protein_coding"
"9491","MAGEB16","protein_coding"
"9492","PCDHGA5","protein_coding"
"9493","TENT5D","protein_coding"
"9494","PCDHGB3","protein_coding"
"9495","LCLAT1","protein_coding"
"9496","PCDHGA6","protein_coding"
"9497","BSN","protein_coding"
"9498","OPN1MW3","protein_coding"
"9499","PCDHGA7","protein_coding"
"9500","DMP1","protein_coding"
"9501","CACNB2","protein_coding"
"9502","H2AL3","protein_coding"
"9503","MAGEB6B","protein_coding"
"9504","SPANXA1","protein_coding"
"9505","PCDHGB4","protein_coding"
"9506","NXF2B","protein_coding"
"9507","PCDHGA8","protein_coding"
"9508","SPP1","protein_coding"
"9509","APEH","protein_coding"
"9510","PCDHGA9","protein_coding"
"9511","PCDHGA10","protein_coding"
"9512","TEX28","protein_coding"
"9513","PHF1","protein_coding"
"9514","PCDHGB7","protein_coding"
"9515","PRR13","protein_coding"
"9516","C11orf71","protein_coding"
"9517","SPANXN2","protein_coding"
"9518","TMSB15C","protein_coding"
"9519","CDH1","protein_coding"
"9520","RBM7","protein_coding"
"9521","MAGIX","protein_coding"
"9522","PCDHGA11","protein_coding"
"9523","ZNF479","protein_coding"
"9524","UMAD1","protein_coding"
"9525","SPAM1","protein_coding"
"9526","FAM161B","protein_coding"
"9527","PCDHGA12","protein_coding"
"9528","IRAK1","protein_coding"
"9529","HOXA3","protein_coding"
"9530","COQ6","protein_coding"
"9531","PCDHGC3","protein_coding"
"9532","CBX5","protein_coding"
"9533","AMZ1","protein_coding"
"9534","BMAL1","protein_coding"
"9535","NFE2","protein_coding"
"9536","ZNF670","protein_coding"
"9537","ZNF679","protein_coding"
"9538","ZNF736","protein_coding"
"9539","ADSS2","protein_coding"
"9540","COPZ1","protein_coding"
"9541","PCDHGC4","protein_coding"
"9542","WFS1","protein_coding"
"9543","ZNF680","protein_coding"
"9544","ZBTB43","protein_coding"
"9545","DDX49","protein_coding"
"9546","C17orf67","protein_coding"
"9547","PCDHGC5","protein_coding"
"9548","PLD5","protein_coding"
"9549","REPIN1","protein_coding"
"9550","DGKE","protein_coding"
"9551","HDAC3","protein_coding"
"9552","ANGPTL2","protein_coding"
"9553","ZNF775","protein_coding"
"9554","NR0B1","protein_coding"
"9555","GIMAP8","protein_coding"
"9556","TXLNG","protein_coding"
"9557","GP2","protein_coding"
"9558","RNF123","protein_coding"
"9559","TRIM25","protein_coding"
"9560","ZNG1A","protein_coding"
"9561","EHBP1","protein_coding"
"9562","NEUROD6","protein_coding"
"9563","PPP1R17","protein_coding"
"9564","AFF1","protein_coding"
"9565","ZNF273","protein_coding"
"9566","RBBP7","protein_coding"
"9567","ENTPD5","protein_coding"
"9568","ST7L","protein_coding"
"9569","TRA2A","protein_coding"
"9570","WDR45B","protein_coding"
"9571","LY6G6D","protein_coding"
"9572","RELL2","protein_coding"
"9573","PRRC2A","protein_coding"
"9574","GPR84","protein_coding"
"9575","ADH7","protein_coding"
"9576","MRPL51","protein_coding"
"9577","HOMER3","protein_coding"
"9578","CCDC126","protein_coding"
"9579","PCDHGB5","protein_coding"
"9580","REPS2","protein_coding"
"9581","AHRR","protein_coding"
"9582","BBOF1","protein_coding"
"9583","FAM221A","protein_coding"
"9584","NCAPD2","protein_coding"
"9585","ALDH6A1","protein_coding"
"9586","PAM","protein_coding"
"9587","RAB40B","protein_coding"
"9588","YIPF7","protein_coding"
"9589","UMOD","protein_coding"
"9590","VRK2","protein_coding"
"9591","NPFFR2","protein_coding"
"9592","RASA4","protein_coding"
"9593","PABIR3","protein_coding"
"9594","HTT","protein_coding"
"9595","FN3KRP","protein_coding"
"9596","SLC25A27","protein_coding"
"9597","TECTA","protein_coding"
"9598","TGFB1","protein_coding"
"9599","VSX2","protein_coding"
"9600","ZNF131","protein_coding"
"9601","TDRD6","protein_coding"
"9602","PDILT","protein_coding"
"9603","PRKCSH","protein_coding"
"9604","ABCD4","protein_coding"
"9605","PLA2G7","protein_coding"
"9606","AMIGO3","protein_coding"
"9607","FN3K","protein_coding"
"9608","ACSM5","protein_coding"
"9609","GMPPB","protein_coding"
"9610","MOSPD1","protein_coding"
"9611","SNX19","protein_coding"
"9612","ZBTB22","protein_coding"
"9613","GAPDH","protein_coding"
"9614","ADGRF5","protein_coding"
"9615","SMIM10","protein_coding"
"9616","TCEAL8","protein_coding"
"9617","CYP21A2","protein_coding"
"9618","ACSM2A","protein_coding"
"9619","CYP51A1","protein_coding"
"9620","TCEAL5","protein_coding"
"9621","BEX2","protein_coding"
"9622","C5orf63","protein_coding"
"9623","XPR1","protein_coding"
"9624","KRIT1","protein_coding"
"9625","ARHGAP4","protein_coding"
"9626","ARHGEF28","protein_coding"
"9627","FAM168A","protein_coding"
"9628","CIDEC","protein_coding"
"9629","FOXD4L5","protein_coding"
"9630","C16orf92","protein_coding"
"9631","TPGS1","protein_coding"
"9632","ZNG1E","protein_coding"
"9633","STON1","protein_coding"
"9634","CDC34","protein_coding"
"9635","SETD6","protein_coding"
"9636","CABP4","protein_coding"
"9637","STYXL2","protein_coding"
"9638","CERS6","protein_coding"
"9639","VRTN","protein_coding"
"9640","KLHL18","protein_coding"
"9641","VEGFB","protein_coding"
"9642","LIN52","protein_coding"
"9643","GZMM","protein_coding"
"9644","COLGALT2","protein_coding"
"9645","KLHDC1","protein_coding"
"9646","MS4A12","protein_coding"
"9647","DIRAS1","protein_coding"
"9648","EIF4A2","protein_coding"
"9649","SLC39A3","protein_coding"
"9650","UBE2F","protein_coding"
"9651","CNOT1","protein_coding"
"9652","MS4A13","protein_coding"
"9653","KLHL5","protein_coding"
"9654","SGTA","protein_coding"
"9655","NEMF","protein_coding"
"9656","CHD4","protein_coding"
"9657","MS4A4A","protein_coding"
"9658","RCHY1","protein_coding"
"9659","SLC35F3","protein_coding"
"9660","ZNF281","protein_coding"
"9661","MAEL","protein_coding"
"9662","MMP10","protein_coding"
"9663","NAA10","protein_coding"
"9664","ARF6","protein_coding"
"9665","CFL2","protein_coding"
"9666","NSUN6","protein_coding"
"9667","KAT5","protein_coding"
"9668","DMXL1","protein_coding"
"9669","ARL5B","protein_coding"
"9670","C4B","protein_coding"
"9671","BAZ1A","protein_coding"
"9672","PCDH15","protein_coding"
"9673","THOP1","protein_coding"
"9674","FOXL2","protein_coding"
"9675","FOXL2NB","protein_coding"
"9676","MICA","protein_coding"
"9677","PRR23A","protein_coding"
"9678","PRR23B","protein_coding"
"9679","PRR23C","protein_coding"
"9680","RBP2","protein_coding"
"9681","ARID4B","protein_coding"
"9682","LRRC58","protein_coding"
"9683","C4orf54","protein_coding"
"9684","UGT2B17","protein_coding"
"9685","RPGR","protein_coding"
"9686","TACC3","protein_coding"
"9687","TIMP4","protein_coding"
"9688","ZNF554","protein_coding"
"9689","PPP2R3C","protein_coding"
"9690","ZNF555","protein_coding"
"9691","PRELID2","protein_coding"
"9692","PDCD10","protein_coding"
"9693","RNASEH2C","protein_coding"
"9694","ZNF556","protein_coding"
"9695","KEAP1","protein_coding"
"9696","AP5B1","protein_coding"
"9697","OVOL1","protein_coding"
"9698","CXCL13","protein_coding"
"9699","POM121","protein_coding"
"9700","TRIML2","protein_coding"
"9701","CFL1","protein_coding"
"9702","ATG4D","protein_coding"
"9703","BAZ1B","protein_coding"
"9704","PRORP","protein_coding"
"9705","TRIM7","protein_coding"
"9706","ADGRL3","protein_coding"
"9707","SH3BP5L","protein_coding"
"9708","BCL7B","protein_coding"
"9709","SNX32","protein_coding"
"9710","WNT2B","protein_coding"
"9711","MMGT1","protein_coding"
"9712","KRI1","protein_coding"
"9713","ZC4H2","protein_coding"
"9714","HSD17B8","protein_coding"
"9715","SLC38A7","protein_coding"
"9716","PSMA6","protein_coding"
"9717","FYB2","protein_coding"
"9718","TRIM41","protein_coding"
"9719","MUS81","protein_coding"
"9720","GTF2IRD1","protein_coding"
"9721","DMD","protein_coding"
"9722","H2AC6","protein_coding"
"9723","CDC7","protein_coding"
"9724","H2AC7","protein_coding"
"9725","H1-3","protein_coding"
"9726","H4C6","protein_coding"
"9727","H4C7","protein_coding"
"9728","H3C7","protein_coding"
"9729","H2BC10","protein_coding"
"9730","BTN3A2","protein_coding"
"9731","RACK1","protein_coding"
"9732","PFDN6","protein_coding"
"9733","GOT2","protein_coding"
"9734","IL2RB","protein_coding"
"9735","CDKN2D","protein_coding"
"9736","GPR52","protein_coding"
"9737","TAPBP","protein_coding"
"9738","AP1M2","protein_coding"
"9739","SMYD3","protein_coding"
"9740","SYT16","protein_coding"
"9741","CTSW","protein_coding"
"9742","SERPINI1","protein_coding"
"9743","VIPAS39","protein_coding"
"9744","RBL2","protein_coding"
"9745","BTN2A2","protein_coding"
"9746","ZBED4","protein_coding"
"9747","ALG12","protein_coding"
"9748","PLSCR4","protein_coding"
"9749","SLC44A2","protein_coding"
"9750","RPGRIP1L","protein_coding"
"9751","KCTD3","protein_coding"
"9752","MTNR1B","protein_coding"
"9753","CRELD2","protein_coding"
"9754","SLC36A4","protein_coding"
"9755","FOXD4L4","protein_coding"
"9756","WASHC1","protein_coding"
"9757","POM121C","protein_coding"
"9758","CARD9","protein_coding"
"9759","ZC3H12A","protein_coding"
"9760","HIP1","protein_coding"
"9761","FAT3","protein_coding"
"9762","BTN3A1","protein_coding"
"9763","AHSA1","protein_coding"
"9764","FANCC","protein_coding"
"9765","QTRT1","protein_coding"
"9766","MMP1","protein_coding"
"9767","ISM2","protein_coding"
"9768","PLSCR1","protein_coding"
"9769","TRIM52","protein_coding"
"9770","SPTLC2","protein_coding"
"9771","DCANP1","protein_coding"
"9772","MPPED2","protein_coding"
"9773","TIFAB","protein_coding"
"9774","TMED1","protein_coding"
"9775","PDCD6","protein_coding"
"9776","BRD1","protein_coding"
"9777","BTN3A3","protein_coding"
"9778","RBM34","protein_coding"
"9779","MTA3","protein_coding"
"9780","C19orf38","protein_coding"
"9781","GALNT16","protein_coding"
"9782","PATE1","protein_coding"
"9783","ZNF750","protein_coding"
"9784","OR2J1","protein_coding"
"9785","CCL26","protein_coding"
"9786","PATE2","protein_coding"
"9787","ZNF331","protein_coding"
"9788","CCL24","protein_coding"
"9789","PATE3","protein_coding"
"9790","TUBB3","protein_coding"
"9791","HMCN1","protein_coding"
"9792","PATE4","protein_coding"
"9793","RHBDD2","protein_coding"
"9794","PTGES3L","protein_coding"
"9795","APOL3","protein_coding"
"9796","HYLS1","protein_coding"
"9797","ARID3C","protein_coding"
"9798","PUS3","protein_coding"
"9799","NEK6","protein_coding"
"9800","FGFR4","protein_coding"
"9801","DDX25","protein_coding"
"9802","TMEM120A","protein_coding"
"9803","PDK2","protein_coding"
"9804","ASF1A","protein_coding"
"9805","TRIM59","protein_coding"
"9806","MCM9","protein_coding"
"9807","ERH","protein_coding"
"9808","ADAT1","protein_coding"
"9809","SLC39A9","protein_coding"
"9810","ZBTB9","protein_coding"
"9811","YAF2","protein_coding"
"9812","SGMS2","protein_coding"
"9813","KPNA4","protein_coding"
"9814","ATF4","protein_coding"
"9815","PDC","protein_coding"
"9816","EPHA7","protein_coding"
"9817","CNGB1","protein_coding"
"9818","BLTP1","protein_coding"
"9819","STYXL1","protein_coding"
"9820","PPHLN1","protein_coding"
"9821","SAMD14","protein_coding"
"9822","PSMB7","protein_coding"
"9823","WDR46","protein_coding"
"9824","IDH1","protein_coding"
"9825","ARL14","protein_coding"
"9826","RPUSD4","protein_coding"
"9827","EXD2","protein_coding"
"9828","CHMP2B","protein_coding"
"9829","CAMK2N1","protein_coding"
"9830","MUL1","protein_coding"
"9831","PPP1R9B","protein_coding"
"9832","NR5A1","protein_coding"
"9833","FAM43B","protein_coding"
"9834","MDH2","protein_coding"
"9835","WNT5A","protein_coding"
"9836","CDA","protein_coding"
"9837","WEE1","protein_coding"
"9838","COL1A1","protein_coding"
"9839","PINK1","protein_coding"
"9840","WDR89","protein_coding"
"9841","SWI5","protein_coding"
"9842","TMEM229B","protein_coding"
"9843","MTO1","protein_coding"
"9844","CFAP91","protein_coding"
"9845","B3GALT2","protein_coding"
"9846","STK19","protein_coding"
"9847","RNF212B","protein_coding"
"9848","TMEM132A","protein_coding"
"9849","LRRC40","protein_coding"
"9850","MRPS24","protein_coding"
"9851","RSPRY1","protein_coding"
"9852","FANCG","protein_coding"
"9853","URGCP-MRPS24","protein_coding"
"9854","SEL1L","protein_coding"
"9855","URGCP","protein_coding"
"9856","ANKRD13C","protein_coding"
"9857","CD6","protein_coding"
"9858","CTH","protein_coding"
"9859","EIPR1","protein_coding"
"9860","EMP2","protein_coding"
"9861","UBE2D4","protein_coding"
"9862","RAB24","protein_coding"
"9863","VPS52","protein_coding"
"9864","STON2","protein_coding"
"9865","C16orf82","protein_coding"
"9866","ZNF319","protein_coding"
"9867","ZNF688","protein_coding"
"9868","TMEM92","protein_coding"
"9869","EXOC3L4","protein_coding"
"9870","RRP9","protein_coding"
"9871","HEATR5A","protein_coding"
"9872","RPL11","protein_coding"
"9873","XYLT2","protein_coding"
"9874","GSK3A","protein_coding"
"9875","GPR62","protein_coding"
"9876","ABHD14A-ACY1","protein_coding"
"9877","PITHD1","protein_coding"
"9878","MYO3B","protein_coding"
"9879","ZCRB1","protein_coding"
"9880","MRPL27","protein_coding"
"9881","ACOT1","protein_coding"
"9882","PRELID1","protein_coding"
"9883","GALE","protein_coding"
"9884","ACOT2","protein_coding"
"9885","ACOT4","protein_coding"
"9886","EME1","protein_coding"
"9887","ACOT6","protein_coding"
"9888","ZNF107","protein_coding"
"9889","INPP5F","protein_coding"
"9890","DNAL1","protein_coding"
"9891","IFFO1","protein_coding"
"9892","CNEP1R1","protein_coding"
"9893","SLC15A3","protein_coding"
"9894","C7orf57","protein_coding"
"9895","LRRC59","protein_coding"
"9896","RGS14","protein_coding"
"9897","SGCA","protein_coding"
"9898","IFNA17","protein_coding"
"9899","IFNA14","protein_coding"
"9900","ZNF574","protein_coding"
"9901","IFNA5","protein_coding"
"9902","IFNA2","protein_coding"
"9903","PNMA1","protein_coding"
"9904","PTGR2","protein_coding"
"9905","IFNA8","protein_coding"
"9906","PKD1L1","protein_coding"
"9907","DEDD2","protein_coding"
"9908","IFNA1","protein_coding"
"9909","IFNE","protein_coding"
"9910","BRD9","protein_coding"
"9911","ART5","protein_coding"
"9912","FOXP3","protein_coding"
"9913","APCS","protein_coding"
"9914","CCDC180","protein_coding"
"9915","OTOP1","protein_coding"
"9916","ITPRIPL2","protein_coding"
"9917","PRDM7","protein_coding"
"9918","CRP","protein_coding"
"9919","TMEM128","protein_coding"
"9920","ACY1","protein_coding"
"9921","SEC23IP","protein_coding"
"9922","GIPR","protein_coding"
"9923","ART1","protein_coding"
"9924","ZBTB49","protein_coding"
"9925","PLEKHG4","protein_coding"
"9926","DUSP23","protein_coding"
"9927","CHRNA10","protein_coding"
"9928","TMEM233","protein_coding"
"9929","EFCAB3","protein_coding"
"9930","PRKAB1","protein_coding"
"9931","ANKRD20A1","protein_coding"
"9932","FCRL6","protein_coding"
"9933","ZNF410","protein_coding"
"9934","STX18","protein_coding"
"9935","PGAP2","protein_coding"
"9936","METTL2A","protein_coding"
"9937","MLF2","protein_coding"
"9938","NCF1","protein_coding"
"9939","MRC2","protein_coding"
"9940","SLAMF8","protein_coding"
"9941","MTAP","protein_coding"
"9942","TRIP13","protein_coding"
"9943","VSIG8","protein_coding"
"9944","TIGD1","protein_coding"
"9945","CFAP36","protein_coding"
"9946","CFAP45","protein_coding"
"9947","C4A","protein_coding"
"9948","QPCTL","protein_coding"
"9949","ABCF2-H2BK1","protein_coding"
"9950","NSG1","protein_coding"
"9951","FBXO46","protein_coding"
"9952","PGK1","protein_coding"
"9953","ANK3","protein_coding"
"9954","ZNF121","protein_coding"
"9955","CLCN1","protein_coding"
"9956","KANK2","protein_coding"
"9957","RHOXF1P3","protein_coding"
"9958","RHOXF2B","protein_coding"
"9959","SLAMF9","protein_coding"
"9960","RHOXF1","protein_coding"
"9961","GNPTG","protein_coding"
"9962","TLK2","protein_coding"
"9963","RHOXF2","protein_coding"
"9964","ZBTB33","protein_coding"
"9965","CCDC150","protein_coding"
"9966","KIT","protein_coding"
"9967","PHB2","protein_coding"
"9968","TMEM255A","protein_coding"
"9969","CDKN2A","protein_coding"
"9970","SAMD15","protein_coding"
"9971","NOXRED1","protein_coding"
"9972","PRSS57","protein_coding"
"9973","STXBP6","protein_coding"
"9974","EIF3B","protein_coding"
"9975","ATP1A1","protein_coding"
"9976","NIBAN3","protein_coding"
"9977","UQCRQ","protein_coding"
"9978","CDKN2B","protein_coding"
"9979","FBXO33","protein_coding"
"9980","ACSM2B","protein_coding"
"9981","RUSC2","protein_coding"
"9982","NFYB","protein_coding"
"9983","LEAP2","protein_coding"
"9984","HECTD1","protein_coding"
"9985","PIN4","protein_coding"
"9986","CDX1","protein_coding"
"9987","EID3","protein_coding"
"9988","RNFT2","protein_coding"
"9989","FBXL17","protein_coding"
"9990","GTF3C3","protein_coding"
"9991","CIMIP2B","protein_coding"
"9992","MAN2B2","protein_coding"
"9993","ERCC6L","protein_coding"
"9994","RPS4X","protein_coding"
"9995","NQO2","protein_coding"
"9996","ZBTB41","protein_coding"
"9997","MRPS2","protein_coding"
"9998","ARL15","protein_coding"
"9999","HMGA2","protein_coding"
"10000","RHOG","protein_coding"
"10001","BRAT1","protein_coding"
"10002","RLN2","protein_coding"
"10003","CITED1","protein_coding"
"10004","EFNA4","protein_coding"
"10005","SYNGAP1","protein_coding"
"10006","DHX29","protein_coding"
"10007","RLN1","protein_coding"
"10008","BEND6","protein_coding"
"10009","RRM1","protein_coding"
"10010","PLGRKT","protein_coding"
"10011","VGF","protein_coding"
"10012","EFNA3","protein_coding"
"10013","THSD7A","protein_coding"
"10014","ZSCAN26","protein_coding"
"10015","C2orf66","protein_coding"
"10016","EFNA1","protein_coding"
"10017","CD274","protein_coding"
"10018","RPL29","protein_coding"
"10019","PGAP1","protein_coding"
"10020","HUWE1","protein_coding"
"10021","ECT2L","protein_coding"
"10022","ASB15","protein_coding"
"10023","S100P","protein_coding"
"10024","MRFAP1L1","protein_coding"
"10025","BLOC1S4","protein_coding"
"10026","KIAA0232","protein_coding"
"10027","CNOT2","protein_coding"
"10028","SLC50A1","protein_coding"
"10029","SP8","protein_coding"
"10030","REEP2","protein_coding"
"10031","ZNF800","protein_coding"
"10032","ACSM3","protein_coding"
"10033","PDCD1LG2","protein_coding"
"10034","NICOL1","protein_coding"
"10035","DUSP7","protein_coding"
"10036","MOB3B","protein_coding"
"10037","SYTL3","protein_coding"
"10038","NEK1","protein_coding"
"10039","IFNK","protein_coding"
"10040","POC1A","protein_coding"
"10041","EXOC3L2","protein_coding"
"10042","C9orf72","protein_coding"
"10043","THBS2","protein_coding"
"10044","PRMT1","protein_coding"
"10045","CLK4","protein_coding"
"10046","DOCK4","protein_coding"
"10047","TEAD1","protein_coding"
"10048","HPF1","protein_coding"
"10049","ALAS1","protein_coding"
"10050","SLC4A1","protein_coding"
"10051","IL1R1","protein_coding"
"10052","THUMPD1","protein_coding"
"10053","DDX60L","protein_coding"
"10054","KRTCAP2","protein_coding"
"10055","REXO5","protein_coding"
"10056","LINGO2","protein_coding"
"10057","ZBTB34","protein_coding"
"10058","SLC17A2","protein_coding"
"10059","S1PR3","protein_coding"
"10060","BAG5","protein_coding"
"10061","THBS3","protein_coding"
"10062","SHC3","protein_coding"
"10063","KLC1","protein_coding"
"10064","TWF2","protein_coding"
"10065","PPM1M","protein_coding"
"10066","CKS2","protein_coding"
"10067","ALG2","protein_coding"
"10068","HCRTR2","protein_coding"
"10069","SEC61B","protein_coding"
"10070","UGT2A2","protein_coding"
"10071","FAM120A","protein_coding"
"10072","CCDC158","protein_coding"
"10073","OOEP","protein_coding"
"10074","SDHA","protein_coding"
"10075","RUNDC3A","protein_coding"
"10076","GLYCTK","protein_coding"
"10077","PAFAH1B3","protein_coding"
"10078","PRP4K","protein_coding"
"10079","TIMM23B-AGAP6","protein_coding"
"10080","IL1RL2","protein_coding"
"10081","TIGD2","protein_coding"
"10082","AGAP6","protein_coding"
"10083","FAM181B","protein_coding"
"10084","RBPJ","protein_coding"
"10085","POU5F1","protein_coding"
"10086","ACSM1","protein_coding"
"10087","NPHS1","protein_coding"
"10088","BAP1","protein_coding"
"10089","SLC25A39","protein_coding"
"10090","PRCP","protein_coding"
"10091","IL1RL1","protein_coding"
"10092","VAMP1","protein_coding"
"10093","CCNJL","protein_coding"
"10094","VTI1A","protein_coding"
"10095","FAM217A","protein_coding"
"10096","ABAT","protein_coding"
"10097","OR13C3","protein_coding"
"10098","OR13D1","protein_coding"
"10099","CREM","protein_coding"
"10100","HSPA4","protein_coding"
"10101","RPL39L","protein_coding"
"10102","ECI2","protein_coding"
"10103","SLC9A4","protein_coding"
"10104","HNRNPA1","protein_coding"
"10105","ST6GAL1","protein_coding"
"10106","LIPT1","protein_coding"
"10107","ZNF146","protein_coding"
"10108","PTAR1","protein_coding"
"10109","OR4M2-OT1","protein_coding"
"10110","IL13","protein_coding"
"10111","PRKD2","protein_coding"
"10112","MITD1","protein_coding"
"10113","SLC44A1","protein_coding"
"10114","FAM171A2","protein_coding"
"10115","ZFYVE19","protein_coding"
"10116","MRPL30","protein_coding"
"10117","ITGA2B","protein_coding"
"10118","LYG1","protein_coding"
"10119","KLF15","protein_coding"
"10120","CFAP100","protein_coding"
"10121","TXNDC9","protein_coding"
"10122","C4orf3","protein_coding"
"10123","FABP2","protein_coding"
"10124","FER","protein_coding"
"10125","USP53","protein_coding"
"10126","ZXDC","protein_coding"
"10127","C2orf69","protein_coding"
"10128","CR1L","protein_coding"
"10129","TMEM186","protein_coding"
"10130","TYW5","protein_coding"
"10131","LVRN","protein_coding"
"10132","CARHSP1","protein_coding"
"10133","UROC1","protein_coding"
"10134","RNASET2","protein_coding"
"10135","DDIAS","protein_coding"
"10136","ZSCAN21","protein_coding"
"10137","CD34","protein_coding"
"10138","RFC1","protein_coding"
"10139","PTPA","protein_coding"
"10140","MTMR1","protein_coding"
"10141","FASTK","protein_coding"
"10142","TFCP2L1","protein_coding"
"10143","OR7A5","protein_coding"
"10144","CGB2","protein_coding"
"10145","NTN5","protein_coding"
"10146","C3orf22","protein_coding"
"10147","RAB30","protein_coding"
"10148","PGD","protein_coding"
"10149","MAP4K1","protein_coding"
"10150","NRROS","protein_coding"
"10151","DAXX","protein_coding"
"10152","SF3B1","protein_coding"
"10153","DPH6","protein_coding"
"10154","PAK2","protein_coding"
"10155","TYW1","protein_coding"
"10156","CENPS-CORT","protein_coding"
"10157","CEP19","protein_coding"
"10158","MRPL28","protein_coding"
"10159","C15orf62","protein_coding"
"10160","SPRED1","protein_coding"
"10161","DIAPH1","protein_coding"
"10162","CENPS","protein_coding"
"10163","CADM2","protein_coding"
"10164","DFFA","protein_coding"
"10165","ZBTB2","protein_coding"
"10166","COL25A1","protein_coding"
"10167","FMN1","protein_coding"
"10168","RMND1","protein_coding"
"10169","CUL1","protein_coding"
"10170","KICS2","protein_coding"
"10171","C12orf56","protein_coding"
"10172","PGAP6","protein_coding"
"10173","SNRPE","protein_coding"
"10174","COL13A1","protein_coding"
"10175","HSPE1","protein_coding"
"10176","SCGB1C1","protein_coding"
"10177","ARMT1","protein_coding"
"10178","HMGB3","protein_coding"
"10179","SIRT3","protein_coding"
"10180","CCDC170","protein_coding"
"10181","SMPDL3B","protein_coding"
"10182","HSPE1-MOB4","protein_coding"
"10183","GABRG3","protein_coding"
"10184","XPOT","protein_coding"
"10185","H4C3","protein_coding"
"10186","MOB4","protein_coding"
"10187","FAM162B","protein_coding"
"10188","HSP90AA1","protein_coding"
"10189","USP9X","protein_coding"
"10190","GPRC6A","protein_coding"
"10191","COPB2","protein_coding"
"10192","FNIP1","protein_coding"
"10193","RASGEF1B","protein_coding"
"10194","NME4","protein_coding"
"10195","NLRP6","protein_coding"
"10196","ORM1","protein_coding"
"10197","PRTG","protein_coding"
"10198","RFX6","protein_coding"
"10199","XKR8","protein_coding"
"10200","PGGHG","protein_coding"
"10201","ORM2","protein_coding"
"10202","FAM89A","protein_coding"
"10203","OR2A4","protein_coding"
"10204","RAD51","protein_coding"
"10205","CTAGE9","protein_coding"
"10206","AKNA","protein_coding"
"10207","C1orf131","protein_coding"
"10208","DCTN2","protein_coding"
"10209","CCN2","protein_coding"
"10210","PPP2R5C","protein_coding"
"10211","IFITM5","protein_coding"
"10212","B4GALNT4","protein_coding"
"10213","CFAP210","protein_coding"
"10214","RNF146","protein_coding"
"10215","ARAP2","protein_coding"
"10216","HRH2","protein_coding"
"10217","PHOSPHO2","protein_coding"
"10218","BTF3","protein_coding"
"10219","TOE1","protein_coding"
"10220","ANO9","protein_coding"
"10221","CRISP1","protein_coding"
"10222","QARS1","protein_coding"
"10223","KLHL23","protein_coding"
"10224","TESK2","protein_coding"
"10225","MAST4","protein_coding"
"10226","SSB","protein_coding"
"10227","CYP3A43","protein_coding"
"10228","DENND1A","protein_coding"
"10229","DEFB114","protein_coding"
"10230","CCDC163","protein_coding"
"10231","DEFB113","protein_coding"
"10232","P2RY2","protein_coding"
"10233","DEFB110","protein_coding"
"10234","DEFB112","protein_coding"
"10235","PTCHD4","protein_coding"
"10236","ZKSCAN8","protein_coding"
"10237","METTL5","protein_coding"
"10238","P2RY6","protein_coding"
"10239","GOLM2","protein_coding"
"10240","ERAL1","protein_coding"
"10241","CAPN12","protein_coding"
"10242","MMACHC","protein_coding"
"10243","USP5","protein_coding"
"10244","AMBN","protein_coding"
"10245","TOR1B","protein_coding"
"10246","MT1G","protein_coding"
"10247","GCSAML","protein_coding"
"10248","ADGRB3","protein_coding"
"10249","TOR1A","protein_coding"
"10250","TLE7","protein_coding"
"10251","C9orf78","protein_coding"
"10252","ZNF19","protein_coding"
"10253","DHRS13","protein_coding"
"10254","IFITM1","protein_coding"
"10255","SHC4","protein_coding"
"10256","GRIPAP1","protein_coding"
"10257","USP20","protein_coding"
"10258","SCN3B","protein_coding"
"10259","CNR1","protein_coding"
"10260","GRSF1","protein_coding"
"10261","HSPD1","protein_coding"
"10262","FOXA1","protein_coding"
"10263","PHF12","protein_coding"
"10264","PTPRB","protein_coding"
"10265","EML2","protein_coding"
"10266","CHST4","protein_coding"
"10267","TAT","protein_coding"
"10268","APH1B","protein_coding"
"10269","OR2G2","protein_coding"
"10270","OR2G3","protein_coding"
"10271","DBN1","protein_coding"
"10272","ZNF202","protein_coding"
"10273","TPK1","protein_coding"
"10274","CHRM3","protein_coding"
"10275","MARVELD3","protein_coding"
"10276","TBPL2","protein_coding"
"10277","PHLPP2","protein_coding"
"10278","EEIG2","protein_coding"
"10279","GSN","protein_coding"
"10280","FRMD5","protein_coding"
"10281","CLNK","protein_coding"
"10282","FDXR","protein_coding"
"10283","HENMT1","protein_coding"
"10284","TMEM126B","protein_coding"
"10285","SDK1","protein_coding"
"10286","PCDHGB6","protein_coding"
"10287","ANKRD17","protein_coding"
"10288","MCTP1","protein_coding"
"10289","AP1G1","protein_coding"
"10290","TMEM126A","protein_coding"
"10291","CTDSPL2","protein_coding"
"10292","BZW2","protein_coding"
"10293","PRPF38B","protein_coding"
"10294","CCDC89","protein_coding"
"10295","IFITM3","protein_coding"
"10296","UBR3","protein_coding"
"10297","ADAM2","protein_coding"
"10298","FNDC7","protein_coding"
"10299","WIZ","protein_coding"
"10300","KCTD14","protein_coding"
"10301","SLC25A21","protein_coding"
"10302","NDUFC2-KCTD14","protein_coding"
"10303","CCNB2","protein_coding"
"10304","STXBP3","protein_coding"
"10305","THRSP","protein_coding"
"10306","MIDEAS","protein_coding"
"10307","NDUFC2","protein_coding"
"10308","GCG","protein_coding"
"10309","RRP8","protein_coding"
"10310","NUP42","protein_coding"
"10311","IFT70B","protein_coding"
"10312","LDHAL6B","protein_coding"
"10313","IFT70A","protein_coding"
"10314","DPP4","protein_coding"
"10315","COPS2","protein_coding"
"10316","ILK","protein_coding"
"10317","SLC22A17","protein_coding"
"10318","TMEM167B","protein_coding"
"10319","PLK5","protein_coding"
"10320","AVL9","protein_coding"
"10321","CEBPE","protein_coding"
"10322","DAP3","protein_coding"
"10323","PLEKHG4B","protein_coding"
"10324","TTC6","protein_coding"
"10325","FADS6","protein_coding"
"10326","USH1G","protein_coding"
"10327","OTOP2","protein_coding"
"10328","PWWP3A","protein_coding"
"10329","TEX44","protein_coding"
"10330","OTOP3","protein_coding"
"10331","PDE6A","protein_coding"
"10332","HID1","protein_coding"
"10333","LFNG","protein_coding"
"10334","ADAM9","protein_coding"
"10335","DDX1","protein_coding"
"10336","ADAM32","protein_coding"
"10337","PRPF39","protein_coding"
"10338","CDR2L","protein_coding"
"10339","CYP3A4","protein_coding"
"10340","REEP6","protein_coding"
"10341","SMAD6","protein_coding"
"10342","SLC26A2","protein_coding"
"10343","MRPL58","protein_coding"
"10344","SLC22A5","protein_coding"
"10345","SLC6A2","protein_coding"
"10346","ATP5PD","protein_coding"
"10347","BRD4","protein_coding"
"10348","SLTM","protein_coding"
"10349","MAML3","protein_coding"
"10350","OR1D2","protein_coding"
"10351","ZCCHC4","protein_coding"
"10352","MRPL17","protein_coding"
"10353","NACA2","protein_coding"
"10354","FKBP3","protein_coding"
"10355","MTMR4","protein_coding"
"10356","DCHS1","protein_coding"
"10357","ZRANB1","protein_coding"
"10358","FUBP3","protein_coding"
"10359","GDF9","protein_coding"
"10360","NEUROG3","protein_coding"
"10361","WAC","protein_coding"
"10362","ZDHHC11","protein_coding"
"10363","MIS18BP1","protein_coding"
"10364","SYT11","protein_coding"
"10365","INTS12","protein_coding"
"10366","KHDC4","protein_coding"
"10367","TBL2","protein_coding"
"10368","ALG8","protein_coding"
"10369","PTPDC1","protein_coding"
"10370","CD27","protein_coding"
"10371","FANCM","protein_coding"
"10372","PIANP","protein_coding"
"10373","BRIP1","protein_coding"
"10374","ADAM18","protein_coding"
"10375","SMIM40","protein_coding"
"10376","SLC22A7","protein_coding"
"10377","STX10","protein_coding"
"10378","HERC6","protein_coding"
"10379","LRRC32","protein_coding"
"10380","FRS2","protein_coding"
"10381","TAF7","protein_coding"
"10382","SECISBP2L","protein_coding"
"10383","SLC25A2","protein_coding"
"10384","SSR2","protein_coding"
"10385","DLD","protein_coding"
"10386","DAB2IP","protein_coding"
"10387","TSKU","protein_coding"
"10388","CRIP3","protein_coding"
"10389","MYOT","protein_coding"
"10390","CLEC3A","protein_coding"
"10391","ACER3","protein_coding"
"10392","PHF24","protein_coding"
"10393","PRRT1B","protein_coding"
"10394","PALM2AKAP2","protein_coding"
"10395","CALR","protein_coding"
"10396","ENPP1","protein_coding"
"10397","ENOPH1","protein_coding"
"10398","ERCC4","protein_coding"
"10399","OR1E1","protein_coding"
"10400","PKD2L2","protein_coding"
"10401","OR1E2","protein_coding"
"10402","SPATA22","protein_coding"
"10403","LAMB2","protein_coding"
"10404","MRFAP1","protein_coding"
"10405","BST2","protein_coding"
"10406","HERC1","protein_coding"
"10407","UBQLN4","protein_coding"
"10408","CENPE","protein_coding"
"10409","RAB25","protein_coding"
"10410","B3GNT6","protein_coding"
"10411","IK","protein_coding"
"10412","RERGL","protein_coding"
"10413","PMF1-BGLAP","protein_coding"
"10414","CAPN5","protein_coding"
"10415","SPATA31A7","protein_coding"
"10416","TMEM221","protein_coding"
"10417","SLC2A14","protein_coding"
"10418","SUN3","protein_coding"
"10419","CCDC71","protein_coding"
"10420","NXNL1","protein_coding"
"10421","GPX5","protein_coding"
"10422","KLHDC8B","protein_coding"
"10423","RASIP1","protein_coding"
"10424","GPX6","protein_coding"
"10425","MAMDC2","protein_coding"
"10426","BGLAP","protein_coding"
"10427","ASPA","protein_coding"
"10428","C3orf84","protein_coding"
"10429","SPATA31A3","protein_coding"
"10430","CLRN1","protein_coding"
"10431","SMG5","protein_coding"
"10432","SKOR1","protein_coding"
"10433","FUT6","protein_coding"
"10434","IFNA13","protein_coding"
"10435","ALOX12","protein_coding"
"10436","PLAC9","protein_coding"
"10437","GOLGA2","protein_coding"
"10438","PPP1R3C","protein_coding"
"10439","CCDC71L","protein_coding"
"10440","FUT5","protein_coding"
"10441","ACAD11","protein_coding"
"10442","DCLRE1C","protein_coding"
"10443","THAP10","protein_coding"
"10444","GTF2IRD2B","protein_coding"
"10445","MADCAM1","protein_coding"
"10446","FOXB1","protein_coding"
"10447","RNASEK","protein_coding"
"10448","GCHFR","protein_coding"
"10449","RNASE12","protein_coding"
"10450","GARIN2","protein_coding"
"10451","LYAR","protein_coding"
"10452","CA12","protein_coding"
"10453","RNASEK-C17orf49","protein_coding"
"10454","TMEM79","protein_coding"
"10455","BSG","protein_coding"
"10456","UBE2NL","protein_coding"
"10457","TLR4","protein_coding"
"10458","C17orf49","protein_coding"
"10459","KBTBD2","protein_coding"
"10460","FAM163B","protein_coding"
"10461","HELT","protein_coding"
"10462","PPL","protein_coding"
"10463","DBH","protein_coding"
"10464","VWDE","protein_coding"
"10465","OMP","protein_coding"
"10466","MEPE","protein_coding"
"10467","CCT3","protein_coding"
"10468","NCL","protein_coding"
"10469","C2CD3","protein_coding"
"10470","GPM6A","protein_coding"
"10471","BCL6B","protein_coding"
"10472","CGRRF1","protein_coding"
"10473","MYMK","protein_coding"
"10474","NPHP3-ACAD11","protein_coding"
"10475","MYO1E","protein_coding"
"10476","ACKR4","protein_coding"
"10477","SLC16A13","protein_coding"
"10478","F2RL2","protein_coding"
"10479","HHIPL1","protein_coding"
"10480","F2R","protein_coding"
"10481","CLEC10A","protein_coding"
"10482","NRCAM","protein_coding"
"10483","F2RL1","protein_coding"
"10484","SEC14L5","protein_coding"
"10485","TMEM40","protein_coding"
"10486","DUSP1","protein_coding"
"10487","RPL26L1","protein_coding"
"10488","CYP46A1","protein_coding"
"10489","ALG1","protein_coding"
"10490","PITX2","protein_coding"
"10491","ATP6V0E1","protein_coding"
"10492","ASGR1","protein_coding"
"10493","BUB1B-PAK6","protein_coding"
"10494","BAZ2A","protein_coding"
"10495","RAB8B","protein_coding"
"10496","EML1","protein_coding"
"10497","COPS9","protein_coding"
"10498","CREBRF","protein_coding"
"10499","CCDC78","protein_coding"
"10500","OTOS","protein_coding"
"10501","PIM2","protein_coding"
"10502","GRIN2D","protein_coding"
"10503","OTUD5","protein_coding"
"10504","ARIH1","protein_coding"
"10505","CCDC82","protein_coding"
"10506","KCND1","protein_coding"
"10507","FAM83E","protein_coding"
"10508","LSM6","protein_coding"
"10509","BNIP1","protein_coding"
"10510","TBXA2R","protein_coding"
"10511","NDUFA10","protein_coding"
"10512","ACADVL","protein_coding"
"10513","SLC10A7","protein_coding"
"10514","CACTIN","protein_coding"
"10515","HLA-DRB4","protein_coding"
"10516","RHBG","protein_coding"
"10517","PLCB2","protein_coding"
"10518","WDR45","protein_coding"
"10519","CLEC4C","protein_coding"
"10520","RPL32","protein_coding"
"10521","SHISAL2B","protein_coding"
"10522","PF4V1","protein_coding"
"10523","SREK1IP1","protein_coding"
"10524","CXCL1","protein_coding"
"10525","PIP5K1C","protein_coding"
"10526","TMEM45B","protein_coding"
"10527","PF4","protein_coding"
"10528","ERGIC1","protein_coding"
"10529","ERN2","protein_coding"
"10530","CXCL5","protein_coding"
"10531","CXCL3","protein_coding"
"10532","MEX3A","protein_coding"
"10533","PPFIA2","protein_coding"
"10534","GSK3B","protein_coding"
"10535","CYP4X1","protein_coding"
"10536","PRDM10","protein_coding"
"10537","REELD1","protein_coding"
"10538","IDE","protein_coding"
"10539","CNOT6L","protein_coding"
"10540","PRAF2","protein_coding"
"10541","CYP4Z1","protein_coding"
"10542","BNC2","protein_coding"
"10543","PDZK1IP1","protein_coding"
"10544","HGFAC","protein_coding"
"10545","FOXE3","protein_coding"
"10546","VHLL","protein_coding"
"10547","LRRC52","protein_coding"
"10548","IGSF3","protein_coding"
"10549","TOMM7","protein_coding"
"10550","ESYT2","protein_coding"
"10551","CCDC120","protein_coding"
"10552","RD3L","protein_coding"
"10553","CHP2","protein_coding"
"10554","ASPG","protein_coding"
"10555","DOK7","protein_coding"
"10556","CWC27","protein_coding"
"10557","AKAP8","protein_coding"
"10558","PRKCB","protein_coding"
"10559","ANKRD18B","protein_coding"
"10560","NTMT2","protein_coding"
"10561","LRPAP1","protein_coding"
"10562","HOXA10","protein_coding"
"10563","KIF26A","protein_coding"
"10564","ELAVL4","protein_coding"
"10565","TMEM178B","protein_coding"
"10566","IFIT5","protein_coding"
"10567","RNF44","protein_coding"
"10568","BICD2","protein_coding"
"10569","ITGA11","protein_coding"
"10570","PCGF5","protein_coding"
"10571","DNAH11","protein_coding"
"10572","DVL2","protein_coding"
"10573","NUP43","protein_coding"
"10574","ZBTB25","protein_coding"
"10575","GRAMD1A","protein_coding"
"10576","C10orf90","protein_coding"
"10577","DIRAS2","protein_coding"
"10578","RGS12","protein_coding"
"10579","AKAP5","protein_coding"
"10580","RAB6B","protein_coding"
"10581","MTHFD1","protein_coding"
"10582","TDRD7","protein_coding"
"10583","CACNG3","protein_coding"
"10584","CDHR2","protein_coding"
"10585","RBBP6","protein_coding"
"10586","OIT3","protein_coding"
"10587","ANP32B","protein_coding"
"10588","PLA2G12B","protein_coding"
"10589","LRP11","protein_coding"
"10590","NANS","protein_coding"
"10591","HACD3","protein_coding"
"10592","RAET1G","protein_coding"
"10593","P4HA1","protein_coding"
"10594","C3orf62","protein_coding"
"10595","TRIM14","protein_coding"
"10596","PHF23","protein_coding"
"10597","ULBP2","protein_coding"
"10598","WIPF3","protein_coding"
"10599","USP4","protein_coding"
"10600","C7orf25","protein_coding"
"10601","RUNDC3B","protein_coding"
"10602","CORO2A","protein_coding"
"10603","TBC1D2","protein_coding"
"10604","COA6","protein_coding"
"10605","SNX14","protein_coding"
"10606","ADAMTS6","protein_coding"
"10607","CORT","protein_coding"
"10608","RFX2","protein_coding"
"10609","GABARAP","protein_coding"
"10610","AHCTF1","protein_coding"
"10611","PAX2","protein_coding"
"10612","ST14","protein_coding"
"10613","PIP5K1B","protein_coding"
"10614","CTDNEP1","protein_coding"
"10615","DICER1","protein_coding"
"10616","AHCYL2","protein_coding"
"10617","HAPSTR1","protein_coding"
"10618","REC114","protein_coding"
"10619","SPATA24","protein_coding"
"10620","PMM2","protein_coding"
"10621","TBC1D21","protein_coding"
"10622","CLP1","protein_coding"
"10623","ELF2","protein_coding"
"10624","AKIP1","protein_coding"
"10625","GAPT","protein_coding"
"10626","NPTN","protein_coding"
"10627","HTR7","protein_coding"
"10628","WNT8A","protein_coding"
"10629","PABIR1","protein_coding"
"10630","ASAH2B","protein_coding"
"10631","ACER1","protein_coding"
"10632","PRKRA","protein_coding"
"10633","SPATA31D4","protein_coding"
"10634","SPATA31D3","protein_coding"
"10635","SPATA31D1","protein_coding"
"10636","ALKBH7","protein_coding"
"10637","NME5","protein_coding"
"10638","NUDT21","protein_coding"
"10639","PILRB","protein_coding"
"10640","FNBP1","protein_coding"
"10641","A1CF","protein_coding"
"10642","TMEM44","protein_coding"
"10643","GTF2F1","protein_coding"
"10644","FRRS1","protein_coding"
"10645","FAM13B","protein_coding"
"10646","FEM1B","protein_coding"
"10647","CSN2","protein_coding"
"10648","C11orf16","protein_coding"
"10649","LRRC7","protein_coding"
"10650","PML","protein_coding"
"10651","BBS2","protein_coding"
"10652","ODAM","protein_coding"
"10653","TMEM9B","protein_coding"
"10654","ELN","protein_coding"
"10655","ZFYVE1","protein_coding"
"10656","PJVK","protein_coding"
"10657","SLC25A41","protein_coding"
"10658","C4B_2","protein_coding"
"10659","SCUBE2","protein_coding"
"10660","SLC25A23","protein_coding"
"10661","QRICH2","protein_coding"
"10662","PLEKHA3","protein_coding"
"10663","ECE2","protein_coding"
"10664","FDCSP","protein_coding"
"10665","SNRPG","protein_coding"
"10666","CFAP97","protein_coding"
"10667","PDSS1","protein_coding"
"10668","RASL10B","protein_coding"
"10669","LEPR","protein_coding"
"10670","NSA2","protein_coding"
"10671","GAS2L2","protein_coding"
"10672","SNX25","protein_coding"
"10673","TTC39B","protein_coding"
"10674","ABI1","protein_coding"
"10675","FAM169A","protein_coding"
"10676","FBN3","protein_coding"
"10677","PSMD1","protein_coding"
"10678","RBM25","protein_coding"
"10679","C17orf50","protein_coding"
"10680","ARL14EPL","protein_coding"
"10681","DENND5A","protein_coding"
"10682","CD74","protein_coding"
"10683","CYP4V2","protein_coding"
"10684","CTXN3","protein_coding"
"10685","MXD3","protein_coding"
"10686","OR13C7","protein_coding"
"10687","PCBP4","protein_coding"
"10688","PSMD4","protein_coding"
"10689","INSL6","protein_coding"
"10690","INSL4","protein_coding"
"10691","DEFB131A","protein_coding"
"10692","SMIM20","protein_coding"
"10693","RGS3","protein_coding"
"10694","FAM53A","protein_coding"
"10695","MRPL42","protein_coding"
"10696","LARP1","protein_coding"
"10697","GFAP","protein_coding"
"10698","MARCHF1","protein_coding"
"10699","TAGLN2","protein_coding"
"10700","GRIK2","protein_coding"
"10701","NEUROG2","protein_coding"
"10702","PAPLN","protein_coding"
"10703","H6PD","protein_coding"
"10704","ZGRF1","protein_coding"
"10705","PARPBP","protein_coding"
"10706","FOXD2","protein_coding"
"10707","DDOST","protein_coding"
"10708","ATXN1","protein_coding"
"10709","PRG4","protein_coding"
"10710","CDCA3","protein_coding"
"10711","SPINK6","protein_coding"
"10712","IQCH","protein_coding"
"10713","SNRNP48","protein_coding"
"10714","MARCOL","protein_coding"
"10715","LARP7","protein_coding"
"10716","SPSB2","protein_coding"
"10717","SPINK13","protein_coding"
"10718","CCND3","protein_coding"
"10719","CD163","protein_coding"
"10720","TRUB1","protein_coding"
"10721","SPINK14","protein_coding"
"10722","TSLP","protein_coding"
"10723","SAMD8","protein_coding"
"10724","ABHD15","protein_coding"
"10725","WDR36","protein_coding"
"10726","TP53I13","protein_coding"
"10727","VDAC2","protein_coding"
"10728","TMEM41B","protein_coding"
"10729","ATXN1L","protein_coding"
"10730","LCORL","protein_coding"
"10731","RIOX1","protein_coding"
"10732","ECT2","protein_coding"
"10733","NFKBIA","protein_coding"
"10734","IST1","protein_coding"
"10735","ALDH1A2","protein_coding"
"10736","SOD3","protein_coding"
"10737","MIPOL1","protein_coding"
"10738","CCDC149","protein_coding"
"10739","LMAN2","protein_coding"
"10740","GIT1","protein_coding"
"10741","IPO7","protein_coding"
"10742","HMMR","protein_coding"
"10743","AKAP8L","protein_coding"
"10744","ANKRD66","protein_coding"
"10745","SCARB2","protein_coding"
"10746","HS3ST5","protein_coding"
"10747","H4C8","protein_coding"
"10748","SLC7A7","protein_coding"
"10749","TBK1","protein_coding"
"10750","CD5","protein_coding"
"10751","VPS37C","protein_coding"
"10752","PNMA6E","protein_coding"
"10753","ATP2B3","protein_coding"
"10754","MUC22","protein_coding"
"10755","PGA3","protein_coding"
"10756","NEO1","protein_coding"
"10757","COMTD1","protein_coding"
"10758","SCAMP1","protein_coding"
"10759","CAMK2G","protein_coding"
"10760","PGA5","protein_coding"
"10761","ANKRD13B","protein_coding"
"10762","RAB14","protein_coding"
"10763","BBS5","protein_coding"
"10764","CFI","protein_coding"
"10765","TMEM271","protein_coding"
"10766","ST3GAL3","protein_coding"
"10767","PDE6B","protein_coding"
"10768","FAM170A","protein_coding"
"10769","CD14","protein_coding"
"10770","KLHL41","protein_coding"
"10771","FAM222B","protein_coding"
"10772","SPTAN1","protein_coding"
"10773","MAT2B","protein_coding"
"10774","FASTKD1","protein_coding"
"10775","DDB1","protein_coding"
"10776","DLG3","protein_coding"
"10777","PIPOX","protein_coding"
"10778","YJU2B","protein_coding"
"10779","ZNF821","protein_coding"
"10780","PPIG","protein_coding"
"10781","GNS","protein_coding"
"10782","XRN1","protein_coding"
"10783","MRI1","protein_coding"
"10784","ATP5ME","protein_coding"
"10785","MROH2B","protein_coding"
"10786","SEPTIN4","protein_coding"
"10787","C19orf53","protein_coding"
"10788","SLC49A3","protein_coding"
"10789","HMG20A","protein_coding"
"10790","CYP1A2","protein_coding"
"10791","BCL11B","protein_coding"
"10792","CPLX1","protein_coding"
"10793","SLC27A2","protein_coding"
"10794","CSTF2","protein_coding"
"10795","WIF1","protein_coding"
"10796","MYL5","protein_coding"
"10797","DAB2","protein_coding"
"10798","DHODH","protein_coding"
"10799","LEMD3","protein_coding"
"10800","CCL25","protein_coding"
"10801","RASSF6","protein_coding"
"10802","IREB2","protein_coding"
"10803","NOX1","protein_coding"
"10804","DHX38","protein_coding"
"10805","CUL2","protein_coding"
"10806","ACSBG2","protein_coding"
"10807","TAF1B","protein_coding"
"10808","SCARB1","protein_coding"
"10809","CXCL8","protein_coding"
"10810","POPDC2","protein_coding"
"10811","EVC","protein_coding"
"10812","C15orf61","protein_coding"
"10813","GRHL1","protein_coding"
"10814","HCN4","protein_coding"
"10815","COX17","protein_coding"
"10816","XKRX","protein_coding"
"10817","BGN","protein_coding"
"10818","EDC3","protein_coding"
"10819","ANKRD9","protein_coding"
"10820","TLR10","protein_coding"
"10821","ARIH2","protein_coding"
"10822","RCOR1","protein_coding"
"10823","CDH16","protein_coding"
"10824","FGF13","protein_coding"
"10825","TLR6","protein_coding"
"10826","FAM114A1","protein_coding"
"10827","AMN","protein_coding"
"10828","TENM2","protein_coding"
"10829","KLF11","protein_coding"
"10830","MXRA7","protein_coding"
"10831","RRM2","protein_coding"
"10832","TRAF3","protein_coding"
"10833","GLRA2","protein_coding"
"10834","IRF2","protein_coding"
"10835","MAP2K5","protein_coding"
"10836","SPINT2","protein_coding"
"10837","BAIAP2","protein_coding"
"10838","LAMP2","protein_coding"
"10839","LETMD1","protein_coding"
"10840","C9","protein_coding"
"10841","PPP1R14A","protein_coding"
"10842","NPAS3","protein_coding"
"10843","RTL5","protein_coding"
"10844","GPM6B","protein_coding"
"10845","HPCAL1","protein_coding"
"10846","YIF1B","protein_coding"
"10847","F12","protein_coding"
"10848","CIAO2B","protein_coding"
"10849","SPDL1","protein_coding"
"10850","SPEG","protein_coding"
"10851","ZCCHC12","protein_coding"
"10852","CES2","protein_coding"
"10853","SMS","protein_coding"
"10854","ANAPC13","protein_coding"
"10855","CSRNP2","protein_coding"
"10856","SEPHS1","protein_coding"
"10857","DCX","protein_coding"
"10858","MAB21L2","protein_coding"
"10859","TMEM253","protein_coding"
"10860","SFSWAP","protein_coding"
"10861","PSMA4","protein_coding"
"10862","LRBA","protein_coding"
"10863","AMOTL2","protein_coding"
"10864","OR12D1","protein_coding"
"10865","RPS29","protein_coding"
"10866","BEND7","protein_coding"
"10867","INSYN2B","protein_coding"
"10868","TKFC","protein_coding"
"10869","DOCK2","protein_coding"
"10870","LRR1","protein_coding"
"10871","CES3","protein_coding"
"10872","OBSL1","protein_coding"
"10873","ULK1","protein_coding"
"10874","RPL36AL","protein_coding"
"10875","KCNMA1","protein_coding"
"10876","MGAT2","protein_coding"
"10877","DNAAF2","protein_coding"
"10878","TMEM108","protein_coding"
"10879","POLE2","protein_coding"
"10880","CYB561A3","protein_coding"
"10881","CBFB","protein_coding"
"10882","C19orf33","protein_coding"
"10883","CDX4","protein_coding"
"10884","PUS1","protein_coding"
"10885","FUT1","protein_coding"
"10886","SLC12A8","protein_coding"
"10887","KCNJ16","protein_coding"
"10888","HSF4","protein_coding"
"10889","TRMT1","protein_coding"
"10890","SPDYE2B","protein_coding"
"10891","UTS2R","protein_coding"
"10892","TBC1D3E","protein_coding"
"10893","SPDYE5","protein_coding"
"10894","OR1A2","protein_coding"
"10895","TBC1D3C","protein_coding"
"10896","SPDYE9","protein_coding"
"10897","INHA","protein_coding"
"10898","SPDYE11","protein_coding"
"10899","KLHDC2","protein_coding"
"10900","MMP17","protein_coding"
"10901","SPDYE13","protein_coding"
"10902","SPDYE15","protein_coding"
"10903","STK11IP","protein_coding"
"10904","SPDYE17","protein_coding"
"10905","UBE2G1","protein_coding"
"10906","TMEM273","protein_coding"
"10907","SPDYE18","protein_coding"
"10908","SPDYE1","protein_coding"
"10909","LRCOL1","protein_coding"
"10910","P2RX2","protein_coding"
"10911","KCNAB3","protein_coding"
"10912","CPSF7","protein_coding"
"10913","TAF6","protein_coding"
"10914","CPLX3","protein_coding"
"10915","GOLGA6A","protein_coding"
"10916","SORBS1","protein_coding"
"10917","NAA38","protein_coding"
"10918","TBC1D3","protein_coding"
"10919","ULK3","protein_coding"
"10920","CLIP3","protein_coding"
"10921","PRKAA1","protein_coding"
"10922","NME3","protein_coding"
"10923","SLC4A3","protein_coding"
"10924","TRIM37","protein_coding"
"10925","OPA1","protein_coding"
"10926","PSEN1","protein_coding"
"10927","THAP8","protein_coding"
"10928","RPL37","protein_coding"
"10929","POLR2I","protein_coding"
"10930","CARD6","protein_coding"
"10931","SPMIP8","protein_coding"
"10932","TBCB","protein_coding"
"10933","MAP3K1","protein_coding"
"10934","ZCCHC13","protein_coding"
"10935","SOCS1","protein_coding"
"10936","H2BW2","protein_coding"
"10937","DNASE1","protein_coding"
"10938","GDPD1","protein_coding"
"10939","IL13RA1","protein_coding"
"10940","SDC1","protein_coding"
"10941","SETD9","protein_coding"
"10942","RHOB","protein_coding"
"10943","YPEL2","protein_coding"
"10944","OLA1","protein_coding"
"10945","CDKL3","protein_coding"
"10946","CAPNS1","protein_coding"
"10947","TNFSF13","protein_coding"
"10948","PXMP2","protein_coding"
"10949","PEBP4","protein_coding"
"10950","SAXO4","protein_coding"
"10951","PRR15","protein_coding"
"10952","ATXN2L","protein_coding"
"10953","ATP11C","protein_coding"
"10954","TBX20","protein_coding"
"10955","FBRSL1","protein_coding"
"10956","CSPG4","protein_coding"
"10957","SNCA","protein_coding"
"10958","GFRA2","protein_coding"
"10959","GTF2I","protein_coding"
"10960","UBE2B","protein_coding"
"10961","SP9","protein_coding"
"10962","LIPC","protein_coding"
"10963","CIR1","protein_coding"
"10964","ZSCAN31","protein_coding"
"10965","TSPAN19","protein_coding"
"10966","LRRC10B","protein_coding"
"10967","TUT1","protein_coding"
"10968","SCRN3","protein_coding"
"10969","CDKN2AIPNL","protein_coding"
"10970","HSP90B1","protein_coding"
"10971","SGCZ","protein_coding"
"10972","UBLCP1","protein_coding"
"10973","MTA2","protein_coding"
"10974","CNOT7","protein_coding"
"10975","RFNG","protein_coding"
"10976","METTL24","protein_coding"
"10977","IL12B","protein_coding"
"10978","STOML1","protein_coding"
"10979","ZNF468","protein_coding"
"10980","MAP7","protein_coding"
"10981","BCL2L2-PABPN1","protein_coding"
"10982","CDC42BPB","protein_coding"
"10983","SLC30A5","protein_coding"
"10984","WDR62","protein_coding"
"10985","DUS1L","protein_coding"
"10986","EML3","protein_coding"
"10987","GIGYF2","protein_coding"
"10988","EGR3","protein_coding"
"10989","IQSEC2","protein_coding"
"10990","TRMT5","protein_coding"
"10991","EBF2","protein_coding"
"10992","SLC38A6","protein_coding"
"10993","MMRN1","protein_coding"
"10994","AP4E1","protein_coding"
"10995","CCNB1","protein_coding"
"10996","MTHFD2L","protein_coding"
"10997","TDG","protein_coding"
"10998","VPS37A","protein_coding"
"10999","EREG","protein_coding"
"11000","TIMD4","protein_coding"
"11001","FASN","protein_coding"
"11002","AREG","protein_coding"
"11003","MSMO1","protein_coding"
"11004","MED7","protein_coding"
"11005","PAK3","protein_coding"
"11006","LRRK2","protein_coding"
"11007","GARIN3","protein_coding"
"11008","EME2","protein_coding"
"11009","CSNK1G3","protein_coding"
"11010","IL20RA","protein_coding"
"11011","STC1","protein_coding"
"11012","CPE","protein_coding"
"11013","TMEM30B","protein_coding"
"11014","ATP8B4","protein_coding"
"11015","FAM177A1","protein_coding"
"11016","TRIM35","protein_coding"
"11017","SPATA33","protein_coding"
"11018","ALPK1","protein_coding"
"11019","KCNG4","protein_coding"
"11020","NGDN","protein_coding"
"11021","USP31","protein_coding"
"11022","MAK16","protein_coding"
"11023","ROM1","protein_coding"
"11024","B3GAT3","protein_coding"
"11025","C16orf96","protein_coding"
"11026","GPR65","protein_coding"
"11027","KCNK10","protein_coding"
"11028","SLC6A15","protein_coding"
"11029","PKD1L3","protein_coding"
"11030","HMBOX1","protein_coding"
"11031","MANEA","protein_coding"
"11032","IL32","protein_coding"
"11033","POTEM","protein_coding"
"11034","NT5E","protein_coding"
"11035","GANAB","protein_coding"
"11036","LOXL1","protein_coding"
"11037","USP46","protein_coding"
"11038","ITK","protein_coding"
"11039","IGDCC4","protein_coding"
"11040","NMBR","protein_coding"
"11041","SLC25A29","protein_coding"
"11042","PGBD1","protein_coding"
"11043","PIK3R5","protein_coding"
"11044","THOC3","protein_coding"
"11045","LMAN1L","protein_coding"
"11046","FUT10","protein_coding"
"11047","TMEM192","protein_coding"
"11048","SLC25A47","protein_coding"
"11049","FAT1","protein_coding"
"11050","UNC5D","protein_coding"
"11051","WARS1","protein_coding"
"11052","MNS1","protein_coding"
"11053","SIMC1","protein_coding"
"11054","OR1A1","protein_coding"
"11055","GALK2","protein_coding"
"11056","CORO6","protein_coding"
"11057","AK9","protein_coding"
"11058","CLRN2","protein_coding"
"11059","PTPRQ","protein_coding"
"11060","LAP3","protein_coding"
"11061","KIAA1191","protein_coding"
"11062","TAFAZZIN","protein_coding"
"11063","OTOGL","protein_coding"
"11064","H3C6","protein_coding"
"11065","TAAR1","protein_coding"
"11066","POLN","protein_coding"
"11067","MSR1","protein_coding"
"11068","GTF2IRD2","protein_coding"
"11069","TIAM2","protein_coding"
"11070","OR4D1","protein_coding"
"11071","ATG9B","protein_coding"
"11072","TRIM16","protein_coding"
"11073","OAS1","protein_coding"
"11074","MXD4","protein_coding"
"11075","GBX1","protein_coding"
"11076","FOXL3","protein_coding"
"11077","ZFYVE28","protein_coding"
"11078","SEM1","protein_coding"
"11079","ARL10","protein_coding"
"11080","NOP16","protein_coding"
"11081","CLRN3","protein_coding"
"11082","PTPRE","protein_coding"
"11083","DPYSL2","protein_coding"
"11084","DPY19L1","protein_coding"
"11085","HIGD2A","protein_coding"
"11086","CHRNA3","protein_coding"
"11087","CLTB","protein_coding"
"11088","YY1","protein_coding"
"11089","INTS5","protein_coding"
"11090","C11orf98","protein_coding"
"11091","GRID2","protein_coding"
"11092","WNT2","protein_coding"
"11093","ZNF286A","protein_coding"
"11094","FAF2","protein_coding"
"11095","HOMEZ","protein_coding"
"11096","CSKMT","protein_coding"
"11097","SMARCA2","protein_coding"
"11098","PELI2","protein_coding"
"11099","UQCC3","protein_coding"
"11100","ASZ1","protein_coding"
"11101","GPR156","protein_coding"
"11102","MKI67","protein_coding"
"11103","UBXN1","protein_coding"
"11104","SLC10A1","protein_coding"
"11105","DNAAF4","protein_coding"
"11106","UNC5A","protein_coding"
"11107","OAS3","protein_coding"
"11108","CGGBP1","protein_coding"
"11109","ATOH1","protein_coding"
"11110","SLC25A37","protein_coding"
"11111","SMARCAD1","protein_coding"
"11112","SMOC1","protein_coding"
"11113","ZNF654","protein_coding"
"11114","HK3","protein_coding"
"11115","DIP2C","protein_coding"
"11116","MBOAT4","protein_coding"
"11117","RMDN3","protein_coding"
"11118","CTTNBP2","protein_coding"
"11119","DOCK5","protein_coding"
"11120","TP63","protein_coding"
"11121","SLC8A3","protein_coding"
"11122","CC2D2B","protein_coding"
"11123","UIMC1","protein_coding"
"11124","GPR6","protein_coding"
"11125","UFL1","protein_coding"
"11126","CHRNA5","protein_coding"
"11127","ZNF286A-TBC1D26","protein_coding"
"11128","FHL5","protein_coding"
"11129","MID1","protein_coding"
"11130","SERAC1","protein_coding"
"11131","UBTD1","protein_coding"
"11132","OAS2","protein_coding"
"11133","ANKRD2","protein_coding"
"11134","IGDCC3","protein_coding"
"11135","KCNJ13","protein_coding"
"11136","TBC1D26","protein_coding"
"11137","LRRN4CL","protein_coding"
"11138","CHPF2","protein_coding"
"11139","HNRNPUL2-BSCL2","protein_coding"
"11140","HOGA1","protein_coding"
"11141","LEPROTL1","protein_coding"
"11142","GNG3","protein_coding"
"11143","NGEF","protein_coding"
"11144","ZNF346","protein_coding"
"11145","HNRNPUL2","protein_coding"
"11146","C10orf62","protein_coding"
"11147","CRABP1","protein_coding"
"11148","MORN4","protein_coding"
"11149","ORAI2","protein_coding"
"11150","HPGDS","protein_coding"
"11151","C12orf43","protein_coding"
"11152","SLFN14","protein_coding"
"11153","CHRM1","protein_coding"
"11154","PI4K2A","protein_coding"
"11155","UACA","protein_coding"
"11156","SPDYE10","protein_coding"
"11157","ADRA1A","protein_coding"
"11158","PHOX2B","protein_coding"
"11159","STEAP1","protein_coding"
"11160","IFTAP","protein_coding"
"11161","AVPI1","protein_coding"
"11162","DCAF4L1","protein_coding"
"11163","STEAP2","protein_coding"
"11164","MARVELD1","protein_coding"
"11165","NEU2","protein_coding"
"11166","TMED9","protein_coding"
"11167","SLC30A9","protein_coding"
"11168","ZFYVE27","protein_coding"
"11169","CHRNA1","protein_coding"
"11170","ZFP36L1","protein_coding"
"11171","DUSP26","protein_coding"
"11172","EVL","protein_coding"
"11173","ABCA9","protein_coding"
"11174","NKX3-1","protein_coding"
"11175","GTF2H5","protein_coding"
"11176","B4GALT7","protein_coding"
"11177","ARHGEF18","protein_coding"
"11178","KCNQ5","protein_coding"
"11179","LOXL2","protein_coding"
"11180","CYP2A7","protein_coding"
"11181","ANO6","protein_coding"
"11182","ZNF777","protein_coding"
"11183","N4BP3","protein_coding"
"11184","BEND4","protein_coding"
"11185","ZNF746","protein_coding"
"11186","ARL5A","protein_coding"
"11187","RMND5B","protein_coding"
"11188","SHISA3","protein_coding"
"11189","PIH1D2","protein_coding"
"11190","ZDHHC2","protein_coding"
"11191","ABCA6","protein_coding"
"11192","MARCHF2","protein_coding"
"11193","GARIN1B","protein_coding"
"11194","GRXCR1","protein_coding"
"11195","SFRP5","protein_coding"
"11196","CCSER1","protein_coding"
"11197","TP53AIP1","protein_coding"
"11198","GOLGA7B","protein_coding"
"11199","DHX57","protein_coding"
"11200","CRTAC1","protein_coding"
"11201","ZNF573","protein_coding"
"11202","WDR74","protein_coding"
"11203","SCAMP2","protein_coding"
"11204","ABCA10","protein_coding"
"11205","PDK4","protein_coding"
"11206","TRIM39-RPP21","protein_coding"
"11207","PCMTD1","protein_coding"
"11208","H2AC14","protein_coding"
"11209","H2BC14","protein_coding"
"11210","H4C11","protein_coding"
"11211","EGF","protein_coding"
"11212","LY86","protein_coding"
"11213","DYNC1I1","protein_coding"
"11214","H3C10","protein_coding"
"11215","TCEANC","protein_coding"
"11216","GMCL2","protein_coding"
"11217","BNIP3L","protein_coding"
"11218","HNRNPAB","protein_coding"
"11219","IL25","protein_coding"
"11220","ALG13","protein_coding"
"11221","BOLA3","protein_coding"
"11222","R3HCC1L","protein_coding"
"11223","MOB1A","protein_coding"
"11224","DEUP1","protein_coding"
"11225","MKNK2","protein_coding"
"11226","SNUPN","protein_coding"
"11227","MTHFD2","protein_coding"
"11228","HPSE2","protein_coding"
"11229","FBLN5","protein_coding"
"11230","KIF13B","protein_coding"
"11231","PHYKPL","protein_coding"
"11232","MRGPRX3","protein_coding"
"11233","OR5AN1","protein_coding"
"11234","ABCC2","protein_coding"
"11235","OR51L1","protein_coding"
"11236","OR8D4","protein_coding"
"11237","TCTN2","protein_coding"
"11238","RTBDN","protein_coding"
"11239","OR4S2","protein_coding"
"11240","OR4C6","protein_coding"
"11241","OR8H2","protein_coding"
"11242","ENPEP","protein_coding"
"11243","OR4D9","protein_coding"
"11244","PSMC3","protein_coding"
"11245","WDR72","protein_coding"
"11246","KIF25","protein_coding"
"11247","SLFN13","protein_coding"
"11248","USP37","protein_coding"
"11249","ARHGAP18","protein_coding"
"11250","DNMBP","protein_coding"
"11251","ARPC3","protein_coding"
"11252","DCTN6","protein_coding"
"11253","HPN","protein_coding"
"11254","NIN","protein_coding"
"11255","TF","protein_coding"
"11256","NHP2","protein_coding"
"11257","SLFN11","protein_coding"
"11258","SCAPER","protein_coding"
"11259","PDE10A","protein_coding"
"11260","HAVCR2","protein_coding"
"11261","CPN1","protein_coding"
"11262","PPP2R2A","protein_coding"
"11263","GPN3","protein_coding"
"11264","ERLIN1","protein_coding"
"11265","PRR19","protein_coding"
"11266","TRIM75","protein_coding"
"11267","PIK3R1","protein_coding"
"11268","GAK","protein_coding"
"11269","SMIM47","protein_coding"
"11270","ZNF559","protein_coding"
"11271","SLCO2A1","protein_coding"
"11272","KRT38","protein_coding"
"11273","SPDYE6","protein_coding"
"11274","CHUK","protein_coding"
"11275","KRT32","protein_coding"
"11276","KRT36","protein_coding"
"11277","LAMTOR4","protein_coding"
"11278","KRT13","protein_coding"
"11279","FAM216A","protein_coding"
"11280","MDFIC","protein_coding"
"11281","TKTL1","protein_coding"
"11282","MDFIC2","protein_coding"
"11283","CPB1","protein_coding"
"11284","CWF19L1","protein_coding"
"11285","ZNF692","protein_coding"
"11286","KCP","protein_coding"
"11287","OR52N5","protein_coding"
"11288","VPS29","protein_coding"
"11289","OR56A4","protein_coding"
"11290","KRT15","protein_coding"
"11291","OR52A5","protein_coding"
"11292","OR8D1","protein_coding"
"11293","SNRPD2","protein_coding"
"11294","OR5B3","protein_coding"
"11295","MAP6","protein_coding"
"11296","BLOC1S2","protein_coding"
"11297","OR10H2","protein_coding"
"11298","GFY","protein_coding"
"11299","OR52A1","protein_coding"
"11300","DAND5","protein_coding"
"11301","RAD9B","protein_coding"
"11302","OR5A2","protein_coding"
"11303","KRT19","protein_coding"
"11304","OR10H3","protein_coding"
"11305","OR7E24","protein_coding"
"11306","HYKK","protein_coding"
"11307","OR10G7","protein_coding"
"11308","OR1I1","protein_coding"
"11309","OR52N1","protein_coding"
"11310","PLCD4","protein_coding"
"11311","OR5B2","protein_coding"
"11312","SPDYE8","protein_coding"
"11313","OR8B8","protein_coding"
"11314","STRA8","protein_coding"
"11315","ARHGAP45","protein_coding"
"11316","CASP4","protein_coding"
"11317","KRT9","protein_coding"
"11318","NHSL2","protein_coding"
"11319","DNAJC17","protein_coding"
"11320","GRIFIN","protein_coding"
"11321","ENTPD4","protein_coding"
"11322","POLR2J","protein_coding"
"11323","PKD2L1","protein_coding"
"11324","KRT14","protein_coding"
"11325","PLXNA4","protein_coding"
"11326","IL1RAPL1","protein_coding"
"11327","AGTR1","protein_coding"
"11328","KRT16","protein_coding"
"11329","LAMA2","protein_coding"
"11330","PCDH19","protein_coding"
"11331","TMEM175","protein_coding"
"11332","DNASE1L3","protein_coding"
"11333","EIF1","protein_coding"
"11334","SCD","protein_coding"
"11335","CASP5","protein_coding"
"11336","CDC14C","protein_coding"
"11337","MAFK","protein_coding"
"11338","FGGY","protein_coding"
"11339","TSPAN6","protein_coding"
"11340","KRT35","protein_coding"
"11341","ZNF503","protein_coding"
"11342","TMEM184A","protein_coding"
"11343","USP3","protein_coding"
"11344","CCDC92B","protein_coding"
"11345","RPL38","protein_coding"
"11346","LRMDA","protein_coding"
"11347","PPTC7","protein_coding"
"11348","ABHD6","protein_coding"
"11349","BCS1L","protein_coding"
"11350","HVCN1","protein_coding"
"11351","ADO","protein_coding"
"11352","ARL3","protein_coding"
"11353","SPIDR","protein_coding"
"11354","SFXN2","protein_coding"
"11355","TTYH2","protein_coding"
"11356","PSMG3","protein_coding"
"11357","RPP14","protein_coding"
"11358","BEX1","protein_coding"
"11359","ELFN1","protein_coding"
"11360","NXF3","protein_coding"
"11361","LRRC17","protein_coding"
"11362","PPP1CC","protein_coding"
"11363","OR10H1","protein_coding"
"11364","FAM185A","protein_coding"
"11365","OR7A10","protein_coding"
"11366","TNKS2","protein_coding"
"11367","ZNF267","protein_coding"
"11368","PXK","protein_coding"
"11369","NYAP1","protein_coding"
"11370","DNAI2","protein_coding"
"11371","CIMAP1D","protein_coding"
"11372","AGFG2","protein_coding"
"11373","IL1RAPL2","protein_coding"
"11374","DGKQ","protein_coding"
"11375","NECTIN2","protein_coding"
"11376","TCTN1","protein_coding"
"11377","TEX13A","protein_coding"
"11378","NRK","protein_coding"
"11379","PRSS33","protein_coding"
"11380","FGFBP3","protein_coding"
"11381","MYO6","protein_coding"
"11382","FHIP2A","protein_coding"
"11383","RNF25","protein_coding"
"11384","CPLX2","protein_coding"
"11385","KIF19","protein_coding"
"11386","TOMM40","protein_coding"
"11387","SAP25","protein_coding"
"11388","PLA2G2F","protein_coding"
"11389","OLFM3","protein_coding"
"11390","FBXO24","protein_coding"
"11391","SERPINA7","protein_coding"
"11392","CHD9","protein_coding"
"11393","GYG2","protein_coding"
"11394","STK36","protein_coding"
"11395","SORCS1","protein_coding"
"11396","PWWP2A","protein_coding"
"11397","SLC26A1","protein_coding"
"11398","BTBD17","protein_coding"
"11399","IDUA","protein_coding"
"11400","PTCD2","protein_coding"
"11401","LGALS3BP","protein_coding"
"11402","APOE","protein_coding"
"11403","FAM237B","protein_coding"
"11404","FGFR2","protein_coding"
"11405","C2CD2L","protein_coding"
"11406","ARPC1A","protein_coding"
"11407","APOC1","protein_coding"
"11408","DPM3","protein_coding"
"11409","RXFP4","protein_coding"
"11410","APOC4","protein_coding"
"11411","NPPB","protein_coding"
"11412","ARPC1B","protein_coding"
"11413","APOC4-APOC2","protein_coding"
"11414","FGFRL1","protein_coding"
"11415","ABHD17C","protein_coding"
"11416","APOC2","protein_coding"
"11417","PLOD1","protein_coding"
"11418","CLPTM1","protein_coding"
"11419","CEMIP","protein_coding"
"11420","SH2D4A","protein_coding"
"11421","LRRC9","protein_coding"
"11422","CANT1","protein_coding"
"11423","TTLL4","protein_coding"
"11424","GLA","protein_coding"
"11425","FAM193A","protein_coding"
"11426","HINFP","protein_coding"
"11427","C1QTNF1","protein_coding"
"11428","DEGS2","protein_coding"
"11429","EIF5","protein_coding"
"11430","PNMA2","protein_coding"
"11431","PDAP1","protein_coding"
"11432","ABCG4","protein_coding"
"11433","ENGASE","protein_coding"
"11434","BUD31","protein_coding"
"11435","UXT","protein_coding"
"11436","LYN","protein_coding"
"11437","ZNF366","protein_coding"
"11438","CYP27A1","protein_coding"
"11439","MIIP","protein_coding"
"11440","GPX3","protein_coding"
"11441","RBFOX3","protein_coding"
"11442","SPDYE21","protein_coding"
"11443","CCDC69","protein_coding"
"11444","TSC22D4","protein_coding"
"11445","CHST5","protein_coding"
"11446","NFU1","protein_coding"
"11447","ZNF563","protein_coding"
"11448","SEZ6L2","protein_coding"
"11449","ZNF442","protein_coding"
"11450","TNFRSF8","protein_coding"
"11451","TRIM73","protein_coding"
"11452","NHERF4","protein_coding"
"11453","GM2A","protein_coding"
"11454","TROAP","protein_coding"
"11455","HOMER2","protein_coding"
"11456","ZNF799","protein_coding"
"11457","GRID2IP","protein_coding"
"11458","SLC36A3","protein_coding"
"11459","SNTG1","protein_coding"
"11460","ZNF443","protein_coding"
"11461","ENPP7","protein_coding"
"11462","ZNF709","protein_coding"
"11463","CBX2","protein_coding"
"11464","SYCE2","protein_coding"
"11465","SLC36A2","protein_coding"
"11466","MYH10","protein_coding"
"11467","DACT1","protein_coding"
"11468","ZNF142","protein_coding"
"11469","PRKCG","protein_coding"
"11470","PDE8A","protein_coding"
"11471","ZDHHC4","protein_coding"
"11472","TMEM198","protein_coding"
"11473","RBBP4","protein_coding"
"11474","DIO3","protein_coding"
"11475","CA5B","protein_coding"
"11476","VRK1","protein_coding"
"11477","PDLIM7","protein_coding"
"11478","MCAM","protein_coding"
"11479","POTEJ","protein_coding"
"11480","XAGE5","protein_coding"
"11481","TBC1D8","protein_coding"
"11482","SAGE1","protein_coding"
"11483","CD99L2","protein_coding"
"11484","HNRNPK","protein_coding"
"11485","TEDC1","protein_coding"
"11486","ATP5MC3","protein_coding"
"11487","CACNG7","protein_coding"
"11488","INTS15","protein_coding"
"11489","C1QL4","protein_coding"
"11490","DNAJC22","protein_coding"
"11491","PTMA","protein_coding"
"11492","CACNG8","protein_coding"
"11493","PLBD2","protein_coding"
"11494","ZNF735","protein_coding"
"11495","SLC22A31","protein_coding"
"11496","IL6","protein_coding"
"11497","PDHB","protein_coding"
"11498","CACNG6","protein_coding"
"11499","NPIPB8","protein_coding"
"11500","GRK2","protein_coding"
"11501","GABRA3","protein_coding"
"11502","SDS","protein_coding"
"11503","MYL11","protein_coding"
"11504","TNIP2","protein_coding"
"11505","UFSP1","protein_coding"
"11506","OR9A1P","protein_coding"
"11507","SDSL","protein_coding"
"11508","COA1","protein_coding"
"11509","AR","protein_coding"
"11510","SARAF","protein_coding"
"11511","ADD1","protein_coding"
"11512","MINAR1","protein_coding"
"11513","LHX5","protein_coding"
"11514","ZNF23","protein_coding"
"11515","SP140L","protein_coding"
"11516","PEX5L","protein_coding"
"11517","MRPS11","protein_coding"
"11518","SLC8B1","protein_coding"
"11519","ARRDC2","protein_coding"
"11520","SYNC","protein_coding"
"11521","UPP1","protein_coding"
"11522","CYP7B1","protein_coding"
"11523","RAD1","protein_coding"
"11524","NHSL3","protein_coding"
"11525","LARP6","protein_coding"
"11526","OR4E1","protein_coding"
"11527","ANKRD13D","protein_coding"
"11528","ADSS1","protein_coding"
"11529","CA8","protein_coding"
"11530","C16orf54","protein_coding"
"11531","KDM6A","protein_coding"
"11532","ZG16","protein_coding"
"11533","RORA","protein_coding"
"11534","BRIX1","protein_coding"
"11535","RNF122","protein_coding"
"11536","PRRT2","protein_coding"
"11537","S100PBP","protein_coding"
"11538","FZR1","protein_coding"
"11539","C2orf15","protein_coding"
"11540","ZMAT4","protein_coding"
"11541","GPR155","protein_coding"
"11542","CENPH","protein_coding"
"11543","PAGR1","protein_coding"
"11544","HPCA","protein_coding"
"11545","RAB5B","protein_coding"
"11546","MDGA2","protein_coding"
"11547","CRISPLD1","protein_coding"
"11548","MVP","protein_coding"
"11549","SSH3","protein_coding"
"11550","STAG2","protein_coding"
"11551","TMEM54","protein_coding"
"11552","BMPER","protein_coding"
"11553","GCNT4","protein_coding"
"11554","ANKRD31","protein_coding"
"11555","OR11H2","protein_coding"
"11556","UFC1","protein_coding"
"11557","SUOX","protein_coding"
"11558","KIF22","protein_coding"
"11559","POC5","protein_coding"
"11560","SASH1","protein_coding"
"11561","PPOX","protein_coding"
"11562","C1D","protein_coding"
"11563","DPP8","protein_coding"
"11564","PXT1","protein_coding"
"11565","R3HCC1","protein_coding"
"11566","RAD9A","protein_coding"
"11567","RCAN2","protein_coding"
"11568","RREB1","protein_coding"
"11569","IKZF4","protein_coding"
"11570","HMG20B","protein_coding"
"11571","COL1A2","protein_coding"
"11572","ADRA2C","protein_coding"
"11573","SMIM43","protein_coding"
"11574","NEFM","protein_coding"
"11575","CDK2AP2","protein_coding"
"11576","EVI2A","protein_coding"
"11577","RPS26","protein_coding"
"11578","RAB11FIP4","protein_coding"
"11579","PEX2","protein_coding"
"11580","SV2C","protein_coding"
"11581","NFKB1","protein_coding"
"11582","GIPC3","protein_coding"
"11583","AJUBA","protein_coding"
"11584","CABP2","protein_coding"
"11585","B4GALT3","protein_coding"
"11586","PA2G4","protein_coding"
"11587","CCDC124","protein_coding"
"11588","PXDNL","protein_coding"
"11589","MAPK8IP3","protein_coding"
"11590","GSTP1","protein_coding"
"11591","TEKTIP1","protein_coding"
"11592","GNPNAT1","protein_coding"
"11593","FKBP8","protein_coding"
"11594","NDUFB5","protein_coding"
"11595","ZFHX4","protein_coding"
"11596","IQGAP2","protein_coding"
"11597","FN1","protein_coding"
"11598","FERMT2","protein_coding"
"11599","ADAMTS4","protein_coding"
"11600","NDUFV1","protein_coding"
"11601","FCER1G","protein_coding"
"11602","RPL41","protein_coding"
"11603","MFSD11","protein_coding"
"11604","CASD1","protein_coding"
"11605","CCN6","protein_coding"
"11606","ESYT1","protein_coding"
"11607","TOMM40L","protein_coding"
"11608","CLVS1","protein_coding"
"11609","DCK","protein_coding"
"11610","EID1","protein_coding"
"11611","ARMC1","protein_coding"
"11612","TMEM248","protein_coding"
"11613","PRL","protein_coding"
"11614","JAZF1","protein_coding"
"11615","GC","protein_coding"
"11616","USP13","protein_coding"
"11617","KXD1","protein_coding"
"11618","SBDS","protein_coding"
"11619","ZC3H10","protein_coding"
"11620","DDHD1","protein_coding"
"11621","MYL6","protein_coding"
"11622","MGAT5B","protein_coding"
"11623","CRISPLD2","protein_coding"
"11624","NUDT8","protein_coding"
"11625","SPDYE2","protein_coding"
"11626","XKR9","protein_coding"
"11627","ACY3","protein_coding"
"11628","SPDYE12","protein_coding"
"11629","HDC","protein_coding"
"11630","SNX10","protein_coding"
"11631","NR1I3","protein_coding"
"11632","CXXC4","protein_coding"
"11633","SLC22A6","protein_coding"
"11634","ANKRD37","protein_coding"
"11635","PAG1","protein_coding"
"11636","ZDHHC7","protein_coding"
"11637","UBA52","protein_coding"
"11638","CHCT1","protein_coding"
"11639","UFSP2","protein_coding"
"11640","APPBP2","protein_coding"
"11641","AEN","protein_coding"
"11642","GMFB","protein_coding"
"11643","SULF1","protein_coding"
"11644","KIAA0513","protein_coding"
"11645","STARD3NL","protein_coding"
"11646","ADAM10","protein_coding"
"11647","PIGL","protein_coding"
"11648","CFAP96","protein_coding"
"11649","SLC22A8","protein_coding"
"11650","MAPK1IP1L","protein_coding"
"11651","MME","protein_coding"
"11652","S100Z","protein_coding"
"11653","CDR2","protein_coding"
"11654","CRHBP","protein_coding"
"11655","CCDC110","protein_coding"
"11656","ERI2","protein_coding"
"11657","CENPV","protein_coding"
"11658","SMARCC2","protein_coding"
"11659","CRLF1","protein_coding"
"11660","AGGF1","protein_coding"
"11661","TMEM121","protein_coding"
"11662","WNK3","protein_coding"
"11663","UBB","protein_coding"
"11664","SLC22A9","protein_coding"
"11665","ITPRID1","protein_coding"
"11666","MAX","protein_coding"
"11667","MRPL46","protein_coding"
"11668","REX1BD","protein_coding"
"11669","TRPV2","protein_coding"
"11670","TRIM5","protein_coding"
"11671","ZBED3","protein_coding"
"11672","PCDH7","protein_coding"
"11673","IGF1R","protein_coding"
"11674","TMEM59L","protein_coding"
"11675","PDE8B","protein_coding"
"11676","DCUN1D3","protein_coding"
"11677","TLR3","protein_coding"
"11678","LYRM1","protein_coding"
"11679","XRCC2","protein_coding"
"11680","PGM2","protein_coding"
"11681","ECHDC3","protein_coding"
"11682","DDC","protein_coding"
"11683","KLHL10","protein_coding"
"11684","TSR2","protein_coding"
"11685","PROSER2","protein_coding"
"11686","KLHL11","protein_coding"
"11687","PRMT7","protein_coding"
"11688","FGD1","protein_coding"
"11689","ZNF69","protein_coding"
"11690","UPF2","protein_coding"
"11691","ACLY","protein_coding"
"11692","ZNF700","protein_coding"
"11693","ZNF763","protein_coding"
"11694","MYH6","protein_coding"
"11695","PTTG2","protein_coding"
"11696","TEC","protein_coding"
"11697","TENM1","protein_coding"
"11698","MINDY2","protein_coding"
"11699","ZNF20","protein_coding"
"11700","ARFIP2","protein_coding"
"11701","RAD51B","protein_coding"
"11702","DHTKD1","protein_coding"
"11703","ZNF625-ZNF20","protein_coding"
"11704","HTD2","protein_coding"
"11705","ZNF625","protein_coding"
"11706","STIM2","protein_coding"
"11707","KLC3","protein_coding"
"11708","NR2F2","protein_coding"
"11709","CRYGS","protein_coding"
"11710","FAM78A","protein_coding"
"11711","ABCC11","protein_coding"
"11712","SEC61A2","protein_coding"
"11713","TBCCD1","protein_coding"
"11714","ABL1","protein_coding"
"11715","OTC","protein_coding"
"11716","CEP152","protein_coding"
"11717","TIMM10B","protein_coding"
"11718","TSPAN7","protein_coding"
"11719","RNF41","protein_coding"
"11720","TUNAR","protein_coding"
"11721","AHSG","protein_coding"
"11722","RNASE9","protein_coding"
"11723","TNFSF8","protein_coding"
"11724","PPP1R13L","protein_coding"
"11725","TNC","protein_coding"
"11726","FETUB","protein_coding"
"11727","TPP1","protein_coding"
"11728","MECP2","protein_coding"
"11729","ODAD4","protein_coding"
"11730","IKZF1","protein_coding"
"11731","NUDT5","protein_coding"
"11732","CNP","protein_coding"
"11733","C8orf34","protein_coding"
"11734","NABP2","protein_coding"
"11735","MTSS2","protein_coding"
"11736","POLR1G","protein_coding"
"11737","DNAJC7","protein_coding"
"11738","RBM41","protein_coding"
"11739","EXOC5","protein_coding"
"11740","HRG","protein_coding"
"11741","ERCC2","protein_coding"
"11742","ZSCAN32","protein_coding"
"11743","FAM81A","protein_coding"
"11744","SLC39A5","protein_coding"
"11745","WDR41","protein_coding"
"11746","CDC123","protein_coding"
"11747","ENOX2","protein_coding"
"11748","CA3","protein_coding"
"11749","IL5RA","protein_coding"
"11750","TBC1D1","protein_coding"
"11751","HNF4G","protein_coding"
"11752","FOXG1","protein_coding"
"11753","MYH7","protein_coding"
"11754","ANKRD52","protein_coding"
"11755","APOBR","protein_coding"
"11756","BPNT2","protein_coding"
"11757","TBX6","protein_coding"
"11758","ZNF592","protein_coding"
"11759","RSU1","protein_coding"
"11760","COQ10A","protein_coding"
"11761","SNX20","protein_coding"
"11762","CARD11","protein_coding"
"11763","PAGE4","protein_coding"
"11764","STAU2","protein_coding"
"11765","TYW1B","protein_coding"
"11766","ATP6V0D1","protein_coding"
"11767","USP27X","protein_coding"
"11768","CXCL12","protein_coding"
"11769","CS","protein_coding"
"11770","LEO1","protein_coding"
"11771","TAF1","protein_coding"
"11772","SLC26A4","protein_coding"
"11773","C10orf53","protein_coding"
"11774","RUFY2","protein_coding"
"11775","TMOD3","protein_coding"
"11776","CKMT1B","protein_coding"
"11777","PJA1","protein_coding"
"11778","CBLL1","protein_coding"
"11779","STRC","protein_coding"
"11780","DDX3X","protein_coding"
"11781","DNA2","protein_coding"
"11782","HPR","protein_coding"
"11783","AP4S1","protein_coding"
"11784","SLC26A3","protein_coding"
"11785","OTP","protein_coding"
"11786","CFAP263","protein_coding"
"11787","TBCA","protein_coding"
"11788","NUP54","protein_coding"
"11789","ZNF649","protein_coding"
"11790","SMOC2","protein_coding"
"11791","SMG1","protein_coding"
"11792","ZNF613","protein_coding"
"11793","OR10A4","protein_coding"
"11794","DCUN1D4","protein_coding"
"11795","SPINK5","protein_coding"
"11796","FADS2","protein_coding"
"11797","RHOA","protein_coding"
"11798","ZNF350","protein_coding"
"11799","RHAG","protein_coding"
"11800","SLC25A16","protein_coding"
"11801","SH2B2","protein_coding"
"11802","ATL1","protein_coding"
"11803","TET1","protein_coding"
"11804","OR1M1","protein_coding"
"11805","POLD2","protein_coding"
"11806","OR7G1","protein_coding"
"11807","OR7G3","protein_coding"
"11808","ZNF317","protein_coding"
"11809","ANGEL1","protein_coding"
"11810","CYSRT1","protein_coding"
"11811","ACAD9","protein_coding"
"11812","SAR1A","protein_coding"
"11813","DNM1","protein_coding"
"11814","AKT1","protein_coding"
"11815","OR7D2","protein_coding"
"11816","CKMT1A","protein_coding"
"11817","OR7D4","protein_coding"
"11818","PCP4L1","protein_coding"
"11819","CHST3","protein_coding"
"11820","CNPY3","protein_coding"
"11821","CIC","protein_coding"
"11822","CFAP126","protein_coding"
"11823","KLHDC3","protein_coding"
"11824","SPOCK2","protein_coding"
"11825","OR4D10","protein_coding"
"11826","NCR3LG1","protein_coding"
"11827","NKIRAS2","protein_coding"
"11828","GJA5","protein_coding"
"11829","GJA8","protein_coding"
"11830","ZBTB16","protein_coding"
"11831","GPR89B","protein_coding"
"11832","ASCC1","protein_coding"
"11833","ELL3","protein_coding"
"11834","EZR","protein_coding"
"11835","CNPY2","protein_coding"
"11836","LRGUK","protein_coding"
"11837","USH1C","protein_coding"
"11838","ESR1","protein_coding"
"11839","DHX58","protein_coding"
"11840","MFAP1","protein_coding"
"11841","SLC35B4","protein_coding"
"11842","IL23A","protein_coding"
"11843","APOF","protein_coding"
"11844","SLC24A1","protein_coding"
"11845","LRRC66","protein_coding"
"11846","SLCO1B1","protein_coding"
"11847","ZNF786","protein_coding"
"11848","SGCB","protein_coding"
"11849","KAT2A","protein_coding"
"11850","ZNF425","protein_coding"
"11851","SPATA18","protein_coding"
"11852","PDIA4","protein_coding"
"11853","IAPP","protein_coding"
"11854","GEM","protein_coding"
"11855","PYROXD1","protein_coding"
"11856","PLEKHF1","protein_coding"
"11857","PLAGL1","protein_coding"
"11858","OR7A17","protein_coding"
"11859","PTN","protein_coding"
"11860","DMPK","protein_coding"
"11861","NSUN7","protein_coding"
"11862","MMP16","protein_coding"
"11863","PIK3CG","protein_coding"
"11864","HSPB9","protein_coding"
"11865","PITX3","protein_coding"
"11866","PPM1D","protein_coding"
"11867","NANOS1","protein_coding"
"11868","CEP170B","protein_coding"
"11869","EIF3A","protein_coding"
"11870","RECQL","protein_coding"
"11871","HP","protein_coding"
"11872","DENND4A","protein_coding"
"11873","CXXC5","protein_coding"
"11874","UCHL1","protein_coding"
"11875","MFN2","protein_coding"
"11876","PSKH2","protein_coding"
"11877","AIMP2","protein_coding"
"11878","TEX2","protein_coding"
"11879","SIN3B","protein_coding"
"11880","GP9","protein_coding"
"11881","PRDM14","protein_coding"
"11882","RAB43","protein_coding"
"11883","RNASE11","protein_coding"
"11884","OTOG","protein_coding"
"11885","MED20","protein_coding"
"11886","GOLT1B","protein_coding"
"11887","UBE2D2","protein_coding"
"11888","FABP5","protein_coding"
"11889","OR4Q3","protein_coding"
"11890","RIN3","protein_coding"
"11891","ANKRD61","protein_coding"
"11892","NHSL1","protein_coding"
"11893","CFTR","protein_coding"
"11894","DENND10","protein_coding"
"11895","ISY1-RAB43","protein_coding"
"11896","PDP1","protein_coding"
"11897","SPX","protein_coding"
"11898","MRPS27","protein_coding"
"11899","ISY1","protein_coding"
"11900","C6orf141","protein_coding"
"11901","TRPA1","protein_coding"
"11902","C14orf28","protein_coding"
"11903","OLFML1","protein_coding"
"11904","YARS2","protein_coding"
"11905","H2AC13","protein_coding"
"11906","H2BC8","protein_coding"
"11907","H2BC13","protein_coding"
"11908","H2BC15","protein_coding"
"11909","H2BC7","protein_coding"
"11910","H2BC9","protein_coding"
"11911","H3C8","protein_coding"
"11912","H4C5","protein_coding"
"11913","TAAR5","protein_coding"
"11914","H2BC5","protein_coding"
"11915","KLHL28","protein_coding"
"11916","RAB11A","protein_coding"
"11917","MYCT1","protein_coding"
"11918","CACNB3","protein_coding"
"11919","USP49","protein_coding"
"11920","TOGARAM1","protein_coding"
"11921","ZNF165","protein_coding"
"11922","SFXN4","protein_coding"
"11923","PPFIBP2","protein_coding"
"11924","KRT17","protein_coding"
"11925","CUL7","protein_coding"
"11926","GOLGA8O","protein_coding"
"11927","GP1BA","protein_coding"
"11928","TRAF4","protein_coding"
"11929","CXCR6","protein_coding"
"11930","F2RL3","protein_coding"
"11931","CPAMD8","protein_coding"
"11932","CDH17","protein_coding"
"11933","NOVA1","protein_coding"
"11934","PROS1","protein_coding"
"11935","CIB2","protein_coding"
"11936","ADGRF4","protein_coding"
"11937","PRDX3","protein_coding"
"11938","SAMD9","protein_coding"
"11939","HEPACAM2","protein_coding"
"11940","CSHL1","protein_coding"
"11941","WDR1","protein_coding"
"11942","ZSCAN16","protein_coding"
"11943","ZKSCAN8P1","protein_coding"
"11944","ZSCAN9","protein_coding"
"11945","HAUS8","protein_coding"
"11946","GRK5","protein_coding"
"11947","RND1","protein_coding"
"11948","IDH3A","protein_coding"
"11949","ABCA8","protein_coding"
"11950","ADCY6","protein_coding"
"11951","SALL1","protein_coding"
"11952","ZKSCAN4","protein_coding"
"11953","PANK1","protein_coding"
"11954","SAMD9L","protein_coding"
"11955","SEPTIN1","protein_coding"
"11956","NKAPL","protein_coding"
"11957","H2AC12","protein_coding"
"11958","MPHOSPH9","protein_coding"
"11959","PRSS16","protein_coding"
"11960","DTD2","protein_coding"
"11961","GPR33","protein_coding"
"11962","ZNF487","protein_coding"
"11963","MTDH","protein_coding"
"11964","SEMA3E","protein_coding"
"11965","FSCB","protein_coding"
"11966","WDR20","protein_coding"
"11967","TMCO2","protein_coding"
"11968","MRFAP1L2","protein_coding"
"11969","IL34","protein_coding"
"11970","POP1","protein_coding"
"11971","DMBT1","protein_coding"
"11972","ZMPSTE24","protein_coding"
"11973","PCGF3","protein_coding"
"11974","ATP5F1D","protein_coding"
"11975","NECAB2","protein_coding"
"11976","TLCD3B","protein_coding"
"11977","RSPH10B2","protein_coding"
"11978","STX19","protein_coding"
"11979","DHFR2","protein_coding"
"11980","ZNF839","protein_coding"
"11981","NSUN3","protein_coding"
"11982","COL9A2","protein_coding"
"11983","WDR76","protein_coding"
"11984","MBTPS1","protein_coding"
"11985","CDK2AP1","protein_coding"
"11986","SCN1B","protein_coding"
"11987","ARL13B","protein_coding"
"11988","ERICH5","protein_coding"
"11989","POM121L2","protein_coding"
"11990","MRPS28","protein_coding"
"11991","ZNF391","protein_coding"
"11992","ZNF184","protein_coding"
"11993","CINP","protein_coding"
"11994","DCAF4L2","protein_coding"
"11995","FAM81B","protein_coding"
"11996","TAF8","protein_coding"
"11997","PDGFA","protein_coding"
"11998","SLCO5A1","protein_coding"
"11999","BUB1B","protein_coding"
"12000","SBNO1","protein_coding"
"12001","CSN3","protein_coding"
"12002","CYB5R2","protein_coding"
"12003","TECPR2","protein_coding"
"12004","OCM2","protein_coding"
"12005","ARSK","protein_coding"
"12006","SLC16A6","protein_coding"
"12007","SHISA7","protein_coding"
"12008","FAM90A26","protein_coding"
"12009","PSMD7","protein_coding"
"12010","CCDC201","protein_coding"
"12011","AUTS2","protein_coding"
"12012","GK3","protein_coding"
"12013","PNMA8C","protein_coding"
"12014","FXYD3","protein_coding"
"12015","RHOH","protein_coding"
"12016","ARHGAP44","protein_coding"
"12017","GPR150","protein_coding"
"12018","OTULINL","protein_coding"
"12019","ZNF706","protein_coding"
"12020","MTRFR","protein_coding"
"12021","CLEC18B","protein_coding"
"12022","ZFP69B","protein_coding"
"12023","DHX37","protein_coding"
"12024","DDX4","protein_coding"
"12025","RNF38","protein_coding"
"12026","PPP1R13B","protein_coding"
"12027","NPIPB15","protein_coding"
"12028","CASP3","protein_coding"
"12029","ABCC12","protein_coding"
"12030","MTFR1L","protein_coding"
"12031","YWHAZ","protein_coding"
"12032","TAF11","protein_coding"
"12033","BRI3BP","protein_coding"
"12034","CSAG2","protein_coding"
"12035","BUD13","protein_coding"
"12036","SEMA6D","protein_coding"
"12037","SMIM8","protein_coding"
"12038","CSAG3","protein_coding"
"12039","AACS","protein_coding"
"12040","DDX53","protein_coding"
"12041","VIPR1","protein_coding"
"12042","C6orf163","protein_coding"
"12043","ZNF75D","protein_coding"
"12044","TMEM231","protein_coding"
"12045","ZPR1","protein_coding"
"12046","CFAP206","protein_coding"
"12047","EGFR","protein_coding"
"12048","ATP5MJ","protein_coding"
"12049","SMIM10L2B-AS1","protein_coding"
"12050","INTS6L","protein_coding"
"12051","FREM3","protein_coding"
"12052","TDRD9","protein_coding"
"12053","ELOB","protein_coding"
"12054","PITPNA","protein_coding"
"12055","SLC35A1","protein_coding"
"12056","GYPE","protein_coding"
"12057","CLTA","protein_coding"
"12058","PPP4R3C","protein_coding"
"12059","BMP15","protein_coding"
"12060","GYPA","protein_coding"
"12061","AUNIP","protein_coding"
"12062","SPIN3","protein_coding"
"12063","PAQR7","protein_coding"
"12064","HAS3","protein_coding"
"12065","LLPH","protein_coding"
"12066","TMEM53","protein_coding"
"12067","C19orf85","protein_coding"
"12068","IL6ST","protein_coding"
"12069","SHC2","protein_coding"
"12070","RARS2","protein_coding"
"12071","IRAK3","protein_coding"
"12072","CHTF8","protein_coding"
"12073","COL5A1","protein_coding"
"12074","ARMH1","protein_coding"
"12075","THSD8","protein_coding"
"12076","CEP95","protein_coding"
"12077","MEX3D","protein_coding"
"12078","CERS1","protein_coding"
"12079","DERPC","protein_coding"
"12080","HELB","protein_coding"
"12081","APOA5","protein_coding"
"12082","CIPC","protein_coding"
"12083","APOA4","protein_coding"
"12084","APOC3","protein_coding"
"12085","CGB8","protein_coding"
"12086","SEZ6","protein_coding"
"12087","SHPRH","protein_coding"
"12088","SLC11A2","protein_coding"
"12089","SEC22C","protein_coding"
"12090","FAAH2","protein_coding"
"12091","TMEM63C","protein_coding"
"12092","ZNF415","protein_coding"
"12093","APOA1","protein_coding"
"12094","WRN","protein_coding"
"12095","KIF2C","protein_coding"
"12096","ZXDB","protein_coding"
"12097","RAB40AL","protein_coding"
"12098","TCEAL7","protein_coding"
"12099","TCEAL9","protein_coding"
"12100","BEX3","protein_coding"
"12101","KCNA7","protein_coding"
"12102","GALC","protein_coding"
"12103","SIK3","protein_coding"
"12104","RAB40A","protein_coding"
"12105","CYP4F11","protein_coding"
"12106","SPAG9","protein_coding"
"12107","RPL30","protein_coding"
"12108","SS18L2","protein_coding"
"12109","LMTK3","protein_coding"
"12110","KLHL40","protein_coding"
"12111","RAET1E","protein_coding"
"12112","SLC7A13","protein_coding"
"12113","HHIP","protein_coding"
"12114","DOCK11","protein_coding"
"12115","HHATL","protein_coding"
"12116","IRF5","protein_coding"
"12117","CA13","protein_coding"
"12118","CAP2","protein_coding"
"12119","CGB3","protein_coding"
"12120","ZNF266","protein_coding"
"12121","FSBP","protein_coding"
"12122","AKAP13","protein_coding"
"12123","NIPAL2","protein_coding"
"12124","FCN2","protein_coding"
"12125","ANAPC10","protein_coding"
"12126","RPS8","protein_coding"
"12127","AGXT2","protein_coding"
"12128","FCN1","protein_coding"
"12129","SYNE3","protein_coding"
"12130","EIF2B3","protein_coding"
"12131","SLC1A6","protein_coding"
"12132","CA2","protein_coding"
"12133","TLE4","protein_coding"
"12134","CCDC13","protein_coding"
"12135","SPADH","protein_coding"
"12136","DUSP13B","protein_coding"
"12137","GLRX5","protein_coding"
"12138","RIDA","protein_coding"
"12139","NUDCD3","protein_coding"
"12140","OR56A3","protein_coding"
"12141","HECTD3","protein_coding"
"12142","RDH16","protein_coding"
"12143","OR51M1","protein_coding"
"12144","DUSP13A","protein_coding"
"12145","HIGD1A","protein_coding"
"12146","DNAJC14","protein_coding"
"12147","OR51I2","protein_coding"
"12148","BSCL2","protein_coding"
"12149","MYO9B","protein_coding"
"12150","DNAJC21","protein_coding"
"12151","CLIP1","protein_coding"
"12152","POLR2K","protein_coding"
"12153","C10orf120","protein_coding"
"12154","FAM8A1","protein_coding"
"12155","ACKR2","protein_coding"
"12156","RBBP8P1","protein_coding"
"12157","PHACTR1","protein_coding"
"12158","CDK13","protein_coding"
"12159","KDM5C","protein_coding"
"12160","WWP1","protein_coding"
"12161","CUZD1","protein_coding"
"12162","CYP8B1","protein_coding"
"12163","UROD","protein_coding"
"12164","ZBTB47","protein_coding"
"12165","TCL1B","protein_coding"
"12166","ABCE1","protein_coding"
"12167","FAM24B","protein_coding"
"12168","IQCF1","protein_coding"
"12169","IQCF2","protein_coding"
"12170","BUB1","protein_coding"
"12171","FAM24A","protein_coding"
"12172","C10orf88","protein_coding"
"12173","IQCF5","protein_coding"
"12174","PARP3","protein_coding"
"12175","OR52K2","protein_coding"
"12176","MDFI","protein_coding"
"12177","FOS","protein_coding"
"12178","OR52K1","protein_coding"
"12179","CCDC87","protein_coding"
"12180","CCS","protein_coding"
"12181","PSTK","protein_coding"
"12182","ZNF474","protein_coding"
"12183","MPP2","protein_coding"
"12184","JDP2","protein_coding"
"12185","ZNF475","protein_coding"
"12186","IKZF5","protein_coding"
"12187","TRIQK","protein_coding"
"12188","MACIR","protein_coding"
"12189","ENO4","protein_coding"
"12190","ACTN1","protein_coding"
"12191","PPIP5K2","protein_coding"
"12192","ACTA2","protein_coding"
"12193","RBM14","protein_coding"
"12194","KMT2E","protein_coding"
"12195","ZSCAN5A","protein_coding"
"12196","NHERF2","protein_coding"
"12197","RBM14-RBM4","protein_coding"
"12198","NOL9","protein_coding"
"12199","PPP1R14D","protein_coding"
"12200","RBM4","protein_coding"
"12201","SNX33","protein_coding"
"12202","CATSPER2","protein_coding"
"12203","KCTD15","protein_coding"
"12204","TAS1R1","protein_coding"
"12205","OTUD4","protein_coding"
"12206","RBM4B","protein_coding"
"12207","ZBTB48","protein_coding"
"12208","BMPR1A","protein_coding"
"12209","ARHGAP32","protein_coding"
"12210","ZNF439","protein_coding"
"12211","UQCC4","protein_coding"
"12212","RALYL","protein_coding"
"12213","LRRC8C","protein_coding"
"12214","PERCC1","protein_coding"
"12215","TNPO2","protein_coding"
"12216","CCDC154","protein_coding"
"12217","EPHA8","protein_coding"
"12218","TCF12","protein_coding"
"12219","ZNF140","protein_coding"
"12220","DNLZ","protein_coding"
"12221","SCN10A","protein_coding"
"12222","UBAC1","protein_coding"
"12223","ART3","protein_coding"
"12224","HEATR1","protein_coding"
"12225","NUAK1","protein_coding"
"12226","NACC2","protein_coding"
"12227","WDR35","protein_coding"
"12228","KCNV1","protein_coding"
"12229","SEPTIN14","protein_coding"
"12230","TBC1D15","protein_coding"
"12231","RIPPLY2","protein_coding"
"12232","UQCRB","protein_coding"
"12233","TMEM250","protein_coding"
"12234","COBL","protein_coding"
"12235","LHX3","protein_coding"
"12236","MCUR1","protein_coding"
"12237","CAPN7","protein_coding"
"12238","PHACTR2","protein_coding"
"12239","QSOX2","protein_coding"
"12240","PSME3","protein_coding"
"12241","BMS1","protein_coding"
"12242","CCDC187","protein_coding"
"12243","LAPTM4B","protein_coding"
"12244","ELK1","protein_coding"
"12245","OTOF","protein_coding"
"12246","RET","protein_coding"
"12247","ANO5","protein_coding"
"12248","CYB5B","protein_coding"
"12249","PRRC2B","protein_coding"
"12250","CHRNB3","protein_coding"
"12251","MT1HL1","protein_coding"
"12252","LONRF3","protein_coding"
"12253","STX12","protein_coding"
"12254","CLXN","protein_coding"
"12255","ATP8A1","protein_coding"
"12256","SH3BP5","protein_coding"
"12257","CYP3A7-CYP3A51P","protein_coding"
"12258","PPP1R8","protein_coding"
"12259","ZDHHC17","protein_coding"
"12260","CATSPER3","protein_coding"
"12261","TSPYL5","protein_coding"
"12262","INIP","protein_coding"
"12263","DUS4L-BCAP29","protein_coding"
"12264","CBLL2","protein_coding"
"12265","KCNS2","protein_coding"
"12266","PITX1","protein_coding"
"12267","PBDC1","protein_coding"
"12268","GATAD2A","protein_coding"
"12269","MAT1A","protein_coding"
"12270","RAD54B","protein_coding"
"12271","SNX30","protein_coding"
"12272","SLC25A48","protein_coding"
"12273","DYDC1","protein_coding"
"12274","THEMIS2","protein_coding"
"12275","ZNF761","protein_coding"
"12276","ZNF883","protein_coding"
"12277","ZNF383","protein_coding"
"12278","RAPGEF1","protein_coding"
"12279","NARF","protein_coding"
"12280","DYDC2","protein_coding"
"12281","OR2AP1","protein_coding"
"12282","OR6C2","protein_coding"
"12283","GLT8D2","protein_coding"
"12284","NEUROG1","protein_coding"
"12285","OR52M1","protein_coding"
"12286","CXCL14","protein_coding"
"12287","OR5M1","protein_coding"
"12288","METTL6","protein_coding"
"12289","ZNF551","protein_coding"
"12290","OR51F2","protein_coding"
"12291","PRXL2A","protein_coding"
"12292","OR8B3","protein_coding"
"12293","OR8B2","protein_coding"
"12294","OR10A2","protein_coding"
"12295","OR5A1","protein_coding"
"12296","RPA2","protein_coding"
"12297","OR51G2","protein_coding"
"12298","OR51A7","protein_coding"
"12299","ZNF154","protein_coding"
"12300","LIN7A","protein_coding"
"12301","SLC6A7","protein_coding"
"12302","OR52E4","protein_coding"
"12303","ZNF671","protein_coding"
"12304","KCNJ11","protein_coding"
"12305","EAF1","protein_coding"
"12306","UBR5","protein_coding"
"12307","OR6A2","protein_coding"
"12308","ZNF776","protein_coding"
"12309","ZNF747","protein_coding"
"12310","OR51D1","protein_coding"
"12311","GPR141","protein_coding"
"12312","C12orf71","protein_coding"
"12313","FIGNL2","protein_coding"
"12314","ZNF891","protein_coding"
"12315","OR51E1","protein_coding"
"12316","WNK1","protein_coding"
"12317","POLR3K","protein_coding"
"12318","OR2AG2","protein_coding"
"12319","EPDR1","protein_coding"
"12320","OR10G8","protein_coding"
"12321","TSPAN14","protein_coding"
"12322","AIP","protein_coding"
"12323","MPG","protein_coding"
"12324","COLQ","protein_coding"
"12325","OR51A4","protein_coding"
"12326","CAMK2A","protein_coding"
"12327","NADSYN1","protein_coding"
"12328","NME8","protein_coding"
"12329","PRKCH","protein_coding"
"12330","BMP10","protein_coding"
"12331","TMEM219","protein_coding"
"12332","GKN2","protein_coding"
"12333","MFAP2","protein_coding"
"12334","JAKMIP1","protein_coding"
"12335","GKN1","protein_coding"
"12336","GRIN1","protein_coding"
"12337","ZNF816-ZNF321P","protein_coding"
"12338","PILRA","protein_coding"
"12339","ZNF816","protein_coding"
"12340","ANTXR1","protein_coding"
"12341","ATP13A2","protein_coding"
"12342","DPEP1","protein_coding"
"12343","ZNF347","protein_coding"
"12344","PTGDR","protein_coding"
"12345","PTCD1","protein_coding"
"12346","PTGER2","protein_coding"
"12347","ZNF665","protein_coding"
"12348","ZNF677","protein_coding"
"12349","ATP5MF-PTCD1","protein_coding"
"12350","B9D1","protein_coding"
"12351","VN1R2","protein_coding"
"12352","ATF7IP2","protein_coding"
"12353","KRTAP5-7","protein_coding"
"12354","ZNF160","protein_coding"
"12355","KRTAP5-8","protein_coding"
"12356","SH2D4B","protein_coding"
"12357","DNAAF5","protein_coding"
"12358","KRTAP5-9","protein_coding"
"12359","KRTAP5-10","protein_coding"
"12360","HACL1","protein_coding"
"12361","TEX36","protein_coding"
"12362","PRKAR1B","protein_coding"
"12363","OR8J3","protein_coding"
"12364","THAP12","protein_coding"
"12365","EDRF1","protein_coding"
"12366","ZNF223","protein_coding"
"12367","IPCEF1","protein_coding"
"12368","ZNF284","protein_coding"
"12369","GVQW3","protein_coding"
"12370","ZNF224","protein_coding"
"12371","TBC1D30","protein_coding"
"12372","ZNF225","protein_coding"
"12373","NLRC5","protein_coding"
"12374","ZNF234","protein_coding"
"12375","NR2C1","protein_coding"
"12376","FOXP2","protein_coding"
"12377","REG3A","protein_coding"
"12378","NKX3-2","protein_coding"
"12379","ZNF226","protein_coding"
"12380","BOD1L1","protein_coding"
"12381","CYFIP2","protein_coding"
"12382","SSTR2","protein_coding"
"12383","COG1","protein_coding"
"12384","CTNND1","protein_coding"
"12385","MMP21","protein_coding"
"12386","LRRTM1","protein_coding"
"12387","EMC7","protein_coding"
"12388","UROS","protein_coding"
"12389","CTNNA2","protein_coding"
"12390","PGBD4","protein_coding"
"12391","KATNBL1","protein_coding"
"12392","MTNAP1","protein_coding"
"12393","CCN1","protein_coding"
"12394","NDUFA12","protein_coding"
"12395","MTNR1A","protein_coding"
"12396","TBC1D9","protein_coding"
"12397","CPSF4L","protein_coding"
"12398","RNF10","protein_coding"
"12399","HHIPL2","protein_coding"
"12400","RNF4","protein_coding"
"12401","CDC42EP4","protein_coding"
"12402","EMC4","protein_coding"
"12403","ZNF227","protein_coding"
"12404","VCF1","protein_coding"
"12405","GCA","protein_coding"
"12406","TAF1A","protein_coding"
"12407","SEMA3B","protein_coding"
"12408","AFMID","protein_coding"
"12409","SNAP91","protein_coding"
"12410","ABHD2","protein_coding"
"12411","HSD17B3","protein_coding"
"12412","ZNF233","protein_coding"
"12413","KLK9","protein_coding"
"12414","EIF2AK2","protein_coding"
"12415","KLK10","protein_coding"
"12416","RNF222","protein_coding"
"12417","C17orf99","protein_coding"
"12418","MIA3","protein_coding"
"12419","GSG1L2","protein_coding"
"12420","GLOD4","protein_coding"
"12421","KLK11","protein_coding"
"12422","SLC25A3","protein_coding"
"12423","RLBP1","protein_coding"
"12424","EYA1","protein_coding"
"12425","SCFD2","protein_coding"
"12426","SLC35D2","protein_coding"
"12427","LNX1","protein_coding"
"12428","LSMEM2","protein_coding"
"12429","BCCIP","protein_coding"
"12430","HYAL3","protein_coding"
"12431","HEATR3","protein_coding"
"12432","DNAH2","protein_coding"
"12433","SLC12A6","protein_coding"
"12434","ZNF367","protein_coding"
"12435","KLK12","protein_coding"
"12436","HABP4","protein_coding"
"12437","NAA80","protein_coding"
"12438","TMEM114","protein_coding"
"12439","FIP1L1","protein_coding"
"12440","DHX32","protein_coding"
"12441","CDC14B","protein_coding"
"12442","AIDA","protein_coding"
"12443","CREBL2","protein_coding"
"12444","NDRG4","protein_coding"
"12445","KLK13","protein_coding"
"12446","GPR19","protein_coding"
"12447","DNAJB11","protein_coding"
"12448","APOLD1","protein_coding"
"12449","FANK1","protein_coding"
"12450","DDX47","protein_coding"
"12451","BROX","protein_coding"
"12452","TSEN2","protein_coding"
"12453","ABRAXAS2","protein_coding"
"12454","DNAJC10","protein_coding"
"12455","KLK14","protein_coding"
"12456","CTBP2","protein_coding"
"12457","SPDYE4","protein_coding"
"12458","CTU1","protein_coding"
"12459","USP36","protein_coding"
"12460","SIGLEC9","protein_coding"
"12461","ATP2A2","protein_coding"
"12462","SIGLEC7","protein_coding"
"12463","ERMAP","protein_coding"
"12464","SPATA31C1","protein_coding"
"12465","RSAD2","protein_coding"
"12466","PLXNB1","protein_coding"
"12467","ZNF454","protein_coding"
"12468","SPINK4","protein_coding"
"12469","GIMAP5","protein_coding"
"12470","BAG1","protein_coding"
"12471","LSM8","protein_coding"
"12472","RNF144A","protein_coding"
"12473","GRM6","protein_coding"
"12474","RNLS","protein_coding"
"12475","ZNF879","protein_coding"
"12476","CNPY1","protein_coding"
"12477","CD33","protein_coding"
"12478","SANBR","protein_coding"
"12479","ZNF354C","protein_coding"
"12480","ZNF691","protein_coding"
"12481","TTYH3","protein_coding"
"12482","CCNY","protein_coding"
"12483","ADAMTS2","protein_coding"
"12484","CHMP5","protein_coding"
"12485","IGLON5","protein_coding"
"12486","PYM1","protein_coding"
"12487","DISP1","protein_coding"
"12488","TLN1","protein_coding"
"12489","VSIG10L","protein_coding"
"12490","PVRIG","protein_coding"
"12491","PMEL","protein_coding"
"12492","ETFB","protein_coding"
"12493","SMIM10L3","protein_coding"
"12494","RAC1","protein_coding"
"12495","NMI","protein_coding"
"12496","FAM193B","protein_coding"
"12497","CLDND2","protein_coding"
"12498","HSD3B1","protein_coding"
"12499","NKG7","protein_coding"
"12500","DNAJC5B","protein_coding"
"12501","TNFAIP6","protein_coding"
"12502","GJD4","protein_coding"
"12503","LIM2","protein_coding"
"12504","FZD8","protein_coding"
"12505","ZNF697","protein_coding"
"12506","PRKCQ","protein_coding"
"12507","MLXIPL","protein_coding"
"12508","HMGCS2","protein_coding"
"12509","C19orf84","protein_coding"
"12510","PTDSS1","protein_coding"
"12511","RIF1","protein_coding"
"12512","SIGLEC10","protein_coding"
"12513","ASGR2","protein_coding"
"12514","REG4","protein_coding"
"12515","ERBIN","protein_coding"
"12516","ADGRD2","protein_coding"
"12517","ADAM30","protein_coding"
"12518","CDK2","protein_coding"
"12519","PYY","protein_coding"
"12520","CCDC51","protein_coding"
"12521","ADIRF","protein_coding"
"12522","ODF2","protein_coding"
"12523","PHGDH","protein_coding"
"12524","TNFRSF11B","protein_coding"
"12525","TMA7","protein_coding"
"12526","TREX1","protein_coding"
"12527","SNAI2","protein_coding"
"12528","PFKFB4","protein_coding"
"12529","TMEM106B","protein_coding"
"12530","GLIPR1L1","protein_coding"
"12531","MTBP","protein_coding"
"12532","EEF1AKMT2","protein_coding"
"12533","GLIPR1L2","protein_coding"
"12534","SGPL1","protein_coding"
"12535","GLIPR1","protein_coding"
"12536","NRF1","protein_coding"
"12537","KRR1","protein_coding"
"12538","TMEM72","protein_coding"
"12539","MTERF3","protein_coding"
"12540","FBXW7","protein_coding"
"12541","RASSF4","protein_coding"
"12542","SIGLECL1","protein_coding"
"12543","OR6C4","protein_coding"
"12544","CYRIA","protein_coding"
"12545","DEPP1","protein_coding"
"12546","KCNH6","protein_coding"
"12547","ZNF22","protein_coding"
"12548","MRPL13","protein_coding"
"12549","ERBB3","protein_coding"
"12550","UBE2H","protein_coding"
"12551","CCN3","protein_coding"
"12552","TMEM74","protein_coding"
"12553","FBXO32","protein_coding"
"12554","KANSL3","protein_coding"
"12555","TIGD4","protein_coding"
"12556","SLC10A4","protein_coding"
"12557","ZAR1","protein_coding"
"12558","TRRAP","protein_coding"
"12559","DCAF7","protein_coding"
"12560","NFATC2IP","protein_coding"
"12561","INSRR","protein_coding"
"12562","FRYL","protein_coding"
"12563","KIF20B","protein_coding"
"12564","CDH13","protein_coding"
"12565","MATN2","protein_coding"
"12566","LRRC47","protein_coding"
"12567","UCN2","protein_coding"
"12568","TACO1","protein_coding"
"12569","TMEM89","protein_coding"
"12570","ATXN7L3","protein_coding"
"12571","SLC26A6","protein_coding"
"12572","TRHDE","protein_coding"
"12573","HSBP1","protein_coding"
"12574","RBM20","protein_coding"
"12575","KNOP1","protein_coding"
"12576","HEXIM2","protein_coding"
"12577","OR6C75","protein_coding"
"12578","CCP110","protein_coding"
"12579","TBCE","protein_coding"
"12580","OR6C76","protein_coding"
"12581","OR6C6","protein_coding"
"12582","SLC16A11","protein_coding"
"12583","ANP32D","protein_coding"
"12584","C12orf54","protein_coding"
"12585","TRIM8","protein_coding"
"12586","DCAKD","protein_coding"
"12587","LALBA","protein_coding"
"12588","NEUROD4","protein_coding"
"12589","OR9K2","protein_coding"
"12590","FER1L5","protein_coding"
"12591","PMPCA","protein_coding"
"12592","FBXO43","protein_coding"
"12593","RAB18","protein_coding"
"12594","HEBP1","protein_coding"
"12595","SLC28A2","protein_coding"
"12596","LMAN2L","protein_coding"
"12597","GARIN6","protein_coding"
"12598","PRKAG1","protein_coding"
"12599","GPRC5B","protein_coding"
"12600","PTK2B","protein_coding"
"12601","GALNT7","protein_coding"
"12602","FBF1","protein_coding"
"12603","IQCK","protein_coding"
"12604","GATM","protein_coding"
"12605","CNNM4","protein_coding"
"12606","METTL14","protein_coding"
"12607","WNT8B","protein_coding"
"12608","CNNM3","protein_coding"
"12609","NDUFB8","protein_coding"
"12610","ZNF8","protein_coding"
"12611","PARD6A","protein_coding"
"12612","ZNF544","protein_coding"
"12613","SPECC1","protein_coding"
"12614","GLRB","protein_coding"
"12615","ANKRD23","protein_coding"
"12616","ENKD1","protein_coding"
"12617","CELSR3","protein_coding"
"12618","GAD2","protein_coding"
"12619","AFG2B","protein_coding"
"12620","CDKN1B","protein_coding"
"12621","C16orf86","protein_coding"
"12622","ERP29","protein_coding"
"12623","ANKRD39","protein_coding"
"12624","SLC30A4","protein_coding"
"12625","GFOD2","protein_coding"
"12626","CDK3","protein_coding"
"12627","PDE5A","protein_coding"
"12628","SEMA4C","protein_coding"
"12629","KCNC3","protein_coding"
"12630","BLOC1S6","protein_coding"
"12631","GPR142","protein_coding"
"12632","EPN2","protein_coding"
"12633","NPIPB6","protein_coding"
"12634","NAA25","protein_coding"
"12635","NCKIPSD","protein_coding"
"12636","NR1H2","protein_coding"
"12637","CIITA","protein_coding"
"12638","POLR2J3","protein_coding"
"12639","YME1L1","protein_coding"
"12640","RAMP1","protein_coding"
"12641","PCSK5","protein_coding"
"12642","MOGAT1","protein_coding"
"12643","SQOR","protein_coding"
"12644","ACSL3","protein_coding"
"12645","UPK3BL2","protein_coding"
"12646","TRAFD1","protein_coding"
"12647","IP6K2","protein_coding"
"12648","POLR2J2","protein_coding"
"12649","ADCYAP1R1","protein_coding"
"12650","ITGB1","protein_coding"
"12651","SLC35G3","protein_coding"
"12652","RUNDC1","protein_coding"
"12653","RFK","protein_coding"
"12654","EFCAB5","protein_coding"
"12655","HAUS3","protein_coding"
"12656","HECTD4","protein_coding"
"12657","SLC1A1","protein_coding"
"12658","USP8","protein_coding"
"12659","ZNF518B","protein_coding"
"12660","FRMD1","protein_coding"
"12661","CRACD","protein_coding"
"12662","ATP6V1C1","protein_coding"
"12663","SPIB","protein_coding"
"12664","COL7A1","protein_coding"
"12665","PTER","protein_coding"
"12666","PLPP6","protein_coding"
"12667","TNS3","protein_coding"
"12668","TANC2","protein_coding"
"12669","CDC37L1","protein_coding"
"12670","C1QL3","protein_coding"
"12671","DENND4B","protein_coding"
"12672","MYBPC2","protein_coding"
"12673","SRGN","protein_coding"
"12674","AK3","protein_coding"
"12675","SRP72","protein_coding"
"12676","RIPOR1","protein_coding"
"12677","NCALD","protein_coding"
"12678","LOXL3","protein_coding"
"12679","CCDC57","protein_coding"
"12680","GARIN5A","protein_coding"
"12681","FGF6","protein_coding"
"12682","DDIT3","protein_coding"
"12683","CCR6","protein_coding"
"12684","CRTC2","protein_coding"
"12685","C5","protein_coding"
"12686","EMC10","protein_coding"
"12687","RAB44","protein_coding"
"12688","ANAPC7","protein_coding"
"12689","SEPTIN7","protein_coding"
"12690","PPIL1","protein_coding"
"12691","SLC25A11","protein_coding"
"12692","C6orf89","protein_coding"
"12693","ANXA13","protein_coding"
"12694","ZSCAN1","protein_coding"
"12695","USP50","protein_coding"
"12696","RNF167","protein_coding"
"12697","ZNF135","protein_coding"
"12698","PI16","protein_coding"
"12699","SREK1","protein_coding"
"12700","TRPM7","protein_coding"
"12701","TMEM132C","protein_coding"
"12702","RB1CC1","protein_coding"
"12703","CREB3L4","protein_coding"
"12704","ATG101","protein_coding"
"12705","MTCH1","protein_coding"
"12706","HNRNPD","protein_coding"
"12707","ZSCAN18","protein_coding"
"12708","CLEC12B","protein_coding"
"12709","DCTN1","protein_coding"
"12710","TAFA2","protein_coding"
"12711","PFN1","protein_coding"
"12712","ZNF329","protein_coding"
"12713","KIF2A","protein_coding"
"12714","ENO3","protein_coding"
"12715","B3GNT8","protein_coding"
"12716","SLCO1A2","protein_coding"
"12717","RPL36","protein_coding"
"12718","MKRN2","protein_coding"
"12719","CPA6","protein_coding"
"12720","CTCF","protein_coding"
"12721","PIM1","protein_coding"
"12722","NFIB","protein_coding"
"12723","ZMAT3","protein_coding"
"12724","MESD","protein_coding"
"12725","JTB","protein_coding"
"12726","TMEM217","protein_coding"
"12727","MICOS13","protein_coding"
"12728","ODF1","protein_coding"
"12729","CFAP161","protein_coding"
"12730","BACH2","protein_coding"
"12731","MED30","protein_coding"
"12732","PIK3CA","protein_coding"
"12733","HSD11B1L","protein_coding"
"12734","SLC28A1","protein_coding"
"12735","PLEKHG7","protein_coding"
"12736","RAB13","protein_coding"
"12737","RDH10","protein_coding"
"12738","PITPNM2","protein_coding"
"12739","SPAG7","protein_coding"
"12740","TRERF1","protein_coding"
"12741","RNF19A","protein_coding"
"12742","RPS27","protein_coding"
"12743","HNRNPDL","protein_coding"
"12744","CAMTA2","protein_coding"
"12745","C1orf52","protein_coding"
"12746","VNN1","protein_coding"
"12747","TMEM52B","protein_coding"
"12748","RANBP10","protein_coding"
"12749","VNN2","protein_coding"
"12750","RAB2A","protein_coding"
"12751","PLEKHG6","protein_coding"
"12752","ARPC4","protein_coding"
"12753","CEP104","protein_coding"
"12754","UBE3A","protein_coding"
"12755","HAVCR1","protein_coding"
"12756","PIGX","protein_coding"
"12757","STK3","protein_coding"
"12758","TSNAXIP1","protein_coding"
"12759","SLC41A2","protein_coding"
"12760","PUS7","protein_coding"
"12761","PWP1","protein_coding"
"12762","TXNRD3","protein_coding"
"12763","TTC23L","protein_coding"
"12764","KIF1C","protein_coding"
"12765","KLKB1","protein_coding"
"12766","BRAF","protein_coding"
"12767","C6orf132","protein_coding"
"12768","ATP6V0D2","protein_coding"
"12769","PRDM4","protein_coding"
"12770","HTR1F","protein_coding"
"12771","TOX","protein_coding"
"12772","SLC52A1","protein_coding"
"12773","ABHD14B","protein_coding"
"12774","SLC25A31","protein_coding"
"12775","ASAP1","protein_coding"
"12776","ASCL4","protein_coding"
"12777","TMEM132B","protein_coding"
"12778","ZFP3","protein_coding"
"12779","SKIC3","protein_coding"
"12780","USP6","protein_coding"
"12781","HSPA4L","protein_coding"
"12782","ANKS6","protein_coding"
"12783","PCBP2","protein_coding"
"12784","TLR9","protein_coding"
"12785","RFC4","protein_coding"
"12786","DFFB","protein_coding"
"12787","LONP1","protein_coding"
"12788","GALNT12","protein_coding"
"12789","PLEKHG1","protein_coding"
"12790","C3orf80","protein_coding"
"12791","OR5K1","protein_coding"
"12792","STAC","protein_coding"
"12793","ACP6","protein_coding"
"12794","OR1N1","protein_coding"
"12795","OR1N2","protein_coding"
"12796","PLK4","protein_coding"
"12797","OR1L4","protein_coding"
"12798","OR1L6","protein_coding"
"12799","OR5C1","protein_coding"
"12800","INCA1","protein_coding"
"12801","BHLHE22","protein_coding"
"12802","MAL2","protein_coding"
"12803","CACNA2D1","protein_coding"
"12804","CENPT","protein_coding"
"12805","KCNB2","protein_coding"
"12806","ADAMTSL2","protein_coding"
"12807","TTC21B","protein_coding"
"12808","FAM91A1","protein_coding"
"12809","ENDOV","protein_coding"
"12810","TMEM207","protein_coding"
"12811","ALPK3","protein_coding"
"12812","PLSCR5","protein_coding"
"12813","C1orf21","protein_coding"
"12814","CATSPERD","protein_coding"
"12815","AVEN","protein_coding"
"12816","NR1I2","protein_coding"
"12817","HSPA6","protein_coding"
"12818","CHRM5","protein_coding"
"12819","PRR22","protein_coding"
"12820","MFSD8","protein_coding"
"12821","PROK1","protein_coding"
"12822","DUS3L","protein_coding"
"12823","FAM227B","protein_coding"
"12824","SARDH","protein_coding"
"12825","KCNA10","protein_coding"
"12826","KCNA2","protein_coding"
"12827","SLA","protein_coding"
"12828","CALD1","protein_coding"
"12829","KNG1","protein_coding"
"12830","DTWD1","protein_coding"
"12831","MAP3K12","protein_coding"
"12832","NRTN","protein_coding"
"12833","NPTX1","protein_coding"
"12834","SEMA3G","protein_coding"
"12835","FDPS","protein_coding"
"12836","ATCAY","protein_coding"
"12837","TNNC1","protein_coding"
"12838","ATF7-NPFF","protein_coding"
"12839","ATF7","protein_coding"
"12840","SNX1","protein_coding"
"12841","NISCH","protein_coding"
"12842","THAP11","protein_coding"
"12843","FLACC1","protein_coding"
"12844","EDC4","protein_coding"
"12845","POU5F2","protein_coding"
"12846","NR2F1","protein_coding"
"12847","DAPK3","protein_coding"
"12848","ZNF354A","protein_coding"
"12849","CCL7","protein_coding"
"12850","TRAK2","protein_coding"
"12851","VAV2","protein_coding"
"12852","CCL11","protein_coding"
"12853","ATP5MC2","protein_coding"
"12854","CCL8","protein_coding"
"12855","ZNF354B","protein_coding"
"12856","CCL13","protein_coding"
"12857","PREX2","protein_coding"
"12858","EEF2","protein_coding"
"12859","SNX22","protein_coding"
"12860","CCL1","protein_coding"
"12861","DNAH1","protein_coding"
"12862","AMACR","protein_coding"
"12863","CCL2","protein_coding"
"12864","RASSF9","protein_coding"
"12865","TSPAN10","protein_coding"
"12866","NTS","protein_coding"
"12867","GPSM2","protein_coding"
"12868","STRADB","protein_coding"
"12869","TBC1D28","protein_coding"
"12870","CSNK1G1","protein_coding"
"12871","MGAT4C","protein_coding"
"12872","NRN1L","protein_coding"
"12873","PSKH1","protein_coding"
"12874","PIAS4","protein_coding"
"12875","PHB1","protein_coding"
"12876","CTRL","protein_coding"
"12877","FGD4","protein_coding"
"12878","CALU","protein_coding"
"12879","FOXO4","protein_coding"
"12880","C2CD6","protein_coding"
"12881","WDR5","protein_coding"
"12882","ANXA6","protein_coding"
"12883","COLEC10","protein_coding"
"12884","SERINC1","protein_coding"
"12885","ZBTB7A","protein_coding"
"12886","PSMB10","protein_coding"
"12887","PKIB","protein_coding"
"12888","OR51E2","protein_coding"
"12889","MAP2K2","protein_coding"
"12890","NUDT10","protein_coding"
"12891","OR10G4","protein_coding"
"12892","TBC1D31","protein_coding"
"12893","TSG101","protein_coding"
"12894","PTPN23","protein_coding"
"12895","EZHIP","protein_coding"
"12896","NUDT11","protein_coding"
"12897","IPPK","protein_coding"
"12898","CREB3L3","protein_coding"
"12899","G6PC3","protein_coding"
"12900","CENPVL3","protein_coding"
"12901","CENPVL2","protein_coding"
"12902","CENPVL1","protein_coding"
"12903","MAGED1","protein_coding"
"12904","ARMC12","protein_coding"
"12905","MPP4","protein_coding"
"12906","LCAT","protein_coding"
"12907","TESK1","protein_coding"
"12908","HTR5A","protein_coding"
"12909","DPP6","protein_coding"
"12910","ZNF594","protein_coding"
"12911","SCIMP","protein_coding"
"12912","CLPSL2","protein_coding"
"12913","DPEP3","protein_coding"
"12914","CLPSL1","protein_coding"
"12915","ELP6","protein_coding"
"12916","UEVLD","protein_coding"
"12917","CLPS","protein_coding"
"12918","WDR31","protein_coding"
"12919","TNRC6C","protein_coding"
"12920","SIRT6","protein_coding"
"12921","LHFPL5","protein_coding"
"12922","DPEP2","protein_coding"
"12923","DYNLT4","protein_coding"
"12924","SRPK1","protein_coding"
"12925","GPR107","protein_coding"
"12926","KCNK2","protein_coding"
"12927","ZNF232","protein_coding"
"12928","CSPG5","protein_coding"
"12929","IRAG2","protein_coding"
"12930","TEX14","protein_coding"
"12931","DUS2","protein_coding"
"12932","PCLAF","protein_coding"
"12933","SLC6A19","protein_coding"
"12934","RSRC1","protein_coding"
"12935","TRIP4","protein_coding"
"12936","SLC6A18","protein_coding"
"12937","SPTY2D1","protein_coding"
"12938","PGRMC2","protein_coding"
"12939","TERT","protein_coding"
"12940","ZFPM2","protein_coding"
"12941","RO60","protein_coding"
"12942","TTF1","protein_coding"
"12943","LARP1B","protein_coding"
"12944","CDK15","protein_coding"
"12945","ZKSCAN3","protein_coding"
"12946","MIDN","protein_coding"
"12947","ALKBH3","protein_coding"
"12948","LRCH4","protein_coding"
"12949","DUSP22","protein_coding"
"12950","CFAP77","protein_coding"
"12951","CIRBP","protein_coding"
"12952","SDC2","protein_coding"
"12953","BARHL1","protein_coding"
"12954","UBR1","protein_coding"
"12955","CRYBA1","protein_coding"
"12956","AGPAT2","protein_coding"
"12957","NPHP3","protein_coding"
"12958","NUFIP2","protein_coding"
"12959","ACCSL","protein_coding"
"12960","MYL4","protein_coding"
"12961","SRPK2","protein_coding"
"12962","TMEM245","protein_coding"
"12963","NPFF","protein_coding"
"12964","CFAP73","protein_coding"
"12965","ACCS","protein_coding"
"12966","DDX54","protein_coding"
"12967","DPEP2NB","protein_coding"
"12968","ITGB3","protein_coding"
"12969","PKHD1L1","protein_coding"
"12970","NPIPA2","protein_coding"
"12971","ALS2","protein_coding"
"12972","SYT6","protein_coding"
"12973","EPB41L4B","protein_coding"
"12974","DHX30","protein_coding"
"12975","IRF4","protein_coding"
"12976","TMEM62","protein_coding"
"12977","SYPL1","protein_coding"
"12978","NUMB","protein_coding"
"12979","ALX4","protein_coding"
"12980","EFCAB13","protein_coding"
"12981","EXT2","protein_coding"
"12982","RITA1","protein_coding"
"12983","IFNGR1","protein_coding"
"12984","TSACC","protein_coding"
"12985","ANKRD18A","protein_coding"
"12986","IQCD","protein_coding"
"12987","CCNDBP1","protein_coding"
"12988","PMPCB","protein_coding"
"12989","DTX1","protein_coding"
"12990","CBR4","protein_coding"
"12991","TFCP2","protein_coding"
"12992","GRHL2","protein_coding"
"12993","CFAP57","protein_coding"
"12994","ZFPM1","protein_coding"
"12995","PTCH1","protein_coding"
"12996","SEBOX","protein_coding"
"12997","CDC25A","protein_coding"
"12998","POR","protein_coding"
"12999","RSKR","protein_coding"
"13000","PALLD","protein_coding"
"13001","RIMS1","protein_coding"
"13002","ZC3H18","protein_coding"
"13003","LACTB2","protein_coding"
"13004","CCDC91","protein_coding"
"13005","LGALS9","protein_coding"
"13006","TRAM1","protein_coding"
"13007","EBNA1BP2","protein_coding"
"13008","IL17C","protein_coding"
"13009","CYBA","protein_coding"
"13010","WARS2","protein_coding"
"13011","CAMP","protein_coding"
"13012","ZNF589","protein_coding"
"13013","TGM7","protein_coding"
"13014","LY6D","protein_coding"
"13015","PACC1","protein_coding"
"13016","OR6C3","protein_coding"
"13017","KRT3","protein_coding"
"13018","LCMT2","protein_coding"
"13019","NCOA2","protein_coding"
"13020","KRT4","protein_coding"
"13021","PDLIM3","protein_coding"
"13022","DMXL2","protein_coding"
"13023","HEATR4","protein_coding"
"13024","FAM76A","protein_coding"
"13025","NME6","protein_coding"
"13026","KRT79","protein_coding"
"13027","MVD","protein_coding"
"13028","FAM111A","protein_coding"
"13029","KRT78","protein_coding"
"13030","KRT18","protein_coding"
"13031","RPL27A","protein_coding"
"13032","TXNDC16","protein_coding"
"13033","TG","protein_coding"
"13034","KRT8","protein_coding"
"13035","SNAI3","protein_coding"
"13036","GLRX2","protein_coding"
"13037","RNF166","protein_coding"
"13038","SLC4A4","protein_coding"
"13039","MMP3","protein_coding"
"13040","FBXW12","protein_coding"
"13041","LYRM9","protein_coding"
"13042","CTU2","protein_coding"
"13043","GPR137C","protein_coding"
"13044","MMP12","protein_coding"
"13045","NOS2","protein_coding"
"13046","DCUN1D5","protein_coding"
"13047","ERO1A","protein_coding"
"13048","TNFRSF25","protein_coding"
"13049","ATRIP","protein_coding"
"13050","PRKAR2B","protein_coding"
"13051","OR6C74","protein_coding"
"13052","ABCC9","protein_coding"
"13053","TMEM164","protein_coding"
"13054","SPDYE14","protein_coding"
"13055","PHTF2","protein_coding"
"13056","PSMC6","protein_coding"
"13057","DYNC2H1","protein_coding"
"13058","GEMIN8","protein_coding"
"13059","PRRG1","protein_coding"
"13060","SCG3","protein_coding"
"13061","SBSPON","protein_coding"
"13062","GML","protein_coding"
"13063","LANCL3","protein_coding"
"13064","LYSMD2","protein_coding"
"13065","LYPD2","protein_coding"
"13066","SLURP2","protein_coding"
"13067","PLXNA1","protein_coding"
"13068","FBXL22","protein_coding"
"13069","CYP11B2","protein_coding"
"13070","PIAS1","protein_coding"
"13071","RSPO2","protein_coding"
"13072","AOPEP","protein_coding"
"13073","SLURP1","protein_coding"
"13074","TCHP","protein_coding"
"13075","PLS1","protein_coding"
"13076","ADCY8","protein_coding"
"13077","CARMIL2","protein_coding"
"13078","ZCCHC9","protein_coding"
"13079","PARP16","protein_coding"
"13080","ANKRD13A","protein_coding"
"13081","DET1","protein_coding"
"13082","SPATA6L","protein_coding"
"13083","RAPGEF2","protein_coding"
"13084","LYNX1","protein_coding"
"13085","RNF111","protein_coding"
"13086","CORO1A","protein_coding"
"13087","ACOT12","protein_coding"
"13088","GRM8","protein_coding"
"13089","LYNX1-SLURP2","protein_coding"
"13090","ZHX2","protein_coding"
"13091","PCOLCE2","protein_coding"
"13092","IFT81","protein_coding"
"13093","FAM174C","protein_coding"
"13094","RPL7","protein_coding"
"13095","KLF1","protein_coding"
"13096","SSBP2","protein_coding"
"13097","NFIX","protein_coding"
"13098","LRRC37B","protein_coding"
"13099","RCOR3","protein_coding"
"13100","FBXL13","protein_coding"
"13101","CPQ","protein_coding"
"13102","LRRC49","protein_coding"
"13103","PAQR9","protein_coding"
"13104","UBA5","protein_coding"
"13105","TMEM154","protein_coding"
"13106","PHF2","protein_coding"
"13107","PRRT4","protein_coding"
"13108","DERL1","protein_coding"
"13109","CHN2","protein_coding"
"13110","GUCY2C","protein_coding"
"13111","COL15A1","protein_coding"
"13112","ZNF276","protein_coding"
"13113","OR1G1","protein_coding"
"13114","TRPV1","protein_coding"
"13115","CFAP276","protein_coding"
"13116","OR5H8","protein_coding"
"13117","OR11H12","protein_coding"
"13118","MTMR14","protein_coding"
"13119","H2AJ","protein_coding"
"13120","ANK2","protein_coding"
"13121","WBP11","protein_coding"
"13122","APIP","protein_coding"
"13123","POGK","protein_coding"
"13124","C9orf152","protein_coding"
"13125","TXN","protein_coding"
"13126","MTFR1","protein_coding"
"13127","AGPS","protein_coding"
"13128","CDT1","protein_coding"
"13129","C12orf60","protein_coding"
"13130","SMCO3","protein_coding"
"13131","MGP","protein_coding"
"13132","TXNDC8","protein_coding"
"13133","PAQR6","protein_coding"
"13134","ERP27","protein_coding"
"13135","DGKI","protein_coding"
"13136","PDHX","protein_coding"
"13137","ARHGDIB","protein_coding"
"13138","APRT","protein_coding"
"13139","RANBP6","protein_coding"
"13140","OR1B1","protein_coding"
"13141","STXBP1","protein_coding"
"13142","PLIN1","protein_coding"
"13143","PDE6H","protein_coding"
"13144","GALNS","protein_coding"
"13145","OR10P1","protein_coding"
"13146","ATF7IP","protein_coding"
"13147","ZC3H11C","protein_coding"
"13148","CSMD3","protein_coding"
"13149","GCLC","protein_coding"
"13150","ZNF681","protein_coding"
"13151","PEX11A","protein_coding"
"13152","SYT13","protein_coding"
"13153","CREB3L2","protein_coding"
"13154","CENPO","protein_coding"
"13155","TNFAIP2","protein_coding"
"13156","PIDD1","protein_coding"
"13157","ZBTB32","protein_coding"
"13158","JMJD7","protein_coding"
"13159","PEG3","protein_coding"
"13160","DNAJC27","protein_coding"
"13161","JMJD7-PLA2G4B","protein_coding"
"13162","RGL1","protein_coding"
"13163","MYL10","protein_coding"
"13164","OR5H1","protein_coding"
"13165","OR5H14","protein_coding"
"13166","CBFA2T3","protein_coding"
"13167","OR5H6","protein_coding"
"13168","POLR1F","protein_coding"
"13169","TMEM196","protein_coding"
"13170","ADCY3","protein_coding"
"13171","BRPF1","protein_coding"
"13172","BUD23","protein_coding"
"13173","PLBD1","protein_coding"
"13174","BACE1","protein_coding"
"13175","CTNS","protein_coding"
"13176","SPTBN5","protein_coding"
"13177","ACADS","protein_coding"
"13178","SKP1","protein_coding"
"13179","CPA1","protein_coding"
"13180","KLHL31","protein_coding"
"13181","TRAPPC2L","protein_coding"
"13182","KCNC4","protein_coding"
"13183","SPPL3","protein_coding"
"13184","SFT2D3","protein_coding"
"13185","CNOT4","protein_coding"
"13186","POLR2D","protein_coding"
"13187","SHPK","protein_coding"
"13188","TAX1BP3","protein_coding"
"13189","MEAF6","protein_coding"
"13190","CABP1","protein_coding"
"13191","SAP130","protein_coding"
"13192","P2RX5-TAX1BP3","protein_coding"
"13193","CALHM5","protein_coding"
"13194","CALHM4","protein_coding"
"13195","EIF3J","protein_coding"
"13196","EMC6","protein_coding"
"13197","P2RX5","protein_coding"
"13198","RWDD1","protein_coding"
"13199","FANCA","protein_coding"
"13200","NPC1L1","protein_coding"
"13201","KMT2D","protein_coding"
"13202","ZDHHC11B","protein_coding"
"13203","CD276","protein_coding"
"13204","LARS2","protein_coding"
"13205","SCGB3A1","protein_coding"
"13206","THEM6","protein_coding"
"13207","PPT1","protein_coding"
"13208","PSD4","protein_coding"
"13209","FLT4","protein_coding"
"13210","BAALC","protein_coding"
"13211","RSPH4A","protein_coding"
"13212","SNTB1","protein_coding"
"13213","ZUP1","protein_coding"
"13214","KPNA5","protein_coding"
"13215","DDX56","protein_coding"
"13216","ICE2","protein_coding"
"13217","ATP6V1H","protein_coding"
"13218","RPS27A","protein_coding"
"13219","ZNF567","protein_coding"
"13220","ITGAE","protein_coding"
"13221","KMT2B","protein_coding"
"13222","SULT1C2","protein_coding"
"13223","GTF3C1","protein_coding"
"13224","RPL6","protein_coding"
"13225","RSF1","protein_coding"
"13226","WDR93","protein_coding"
"13227","HASPIN","protein_coding"
"13228","SOCS3","protein_coding"
"13229","LIMD1","protein_coding"
"13230","PGS1","protein_coding"
"13231","OGDH","protein_coding"
"13232","CCR1","protein_coding"
"13233","ADAMTS15","protein_coding"
"13234","MESP2","protein_coding"
"13235","CCR2","protein_coding"
"13236","ANPEP","protein_coding"
"13237","CCRL2","protein_coding"
"13238","PLEKHG5","protein_coding"
"13239","OVCH2","protein_coding"
"13240","SULT1C4","protein_coding"
"13241","FAM240A","protein_coding"
"13242","TMEM80","protein_coding"
"13243","TMEM235","protein_coding"
"13244","CCR3","protein_coding"
"13245","REV1","protein_coding"
"13246","OR10A5","protein_coding"
"13247","OR4D5","protein_coding"
"13248","OR5D18","protein_coding"
"13249","PTPN11","protein_coding"
"13250","CCDC144A","protein_coding"
"13251","OR8I2","protein_coding"
"13252","OR2D3","protein_coding"
"13253","LTF","protein_coding"
"13254","OR5AR1","protein_coding"
"13255","PENK","protein_coding"
"13256","OR4A16","protein_coding"
"13257","HTR3A","protein_coding"
"13258","C12orf76","protein_coding"
"13259","SLF1","protein_coding"
"13260","WNT1","protein_coding"
"13261","CEP83","protein_coding"
"13262","AP3S2","protein_coding"
"13263","ZMIZ2","protein_coding"
"13264","ZNF136","protein_coding"
"13265","KIAA0825","protein_coding"
"13266","KATNIP","protein_coding"
"13267","ARHGAP33","protein_coding"
"13268","MACROH2A1","protein_coding"
"13269","POTEF","protein_coding"
"13270","ARPIN-AP3S2","protein_coding"
"13271","TMT1B","protein_coding"
"13272","OR8G5","protein_coding"
"13273","GOSR2","protein_coding"
"13274","ADAMTS20","protein_coding"
"13275","PGA4","protein_coding"
"13276","RBM44","protein_coding"
"13277","ARPIN","protein_coding"
"13278","NTAQ1","protein_coding"
"13279","NABP1","protein_coding"
"13280","OR9Q2","protein_coding"
"13281","OR5AS1","protein_coding"
"13282","OR2AG1","protein_coding"
"13283","OR52N4","protein_coding"
"13284","OR8G1","protein_coding"
"13285","OR4C15","protein_coding"
"13286","OR51T1","protein_coding"
"13287","OR2D2","protein_coding"
"13288","EMC8","protein_coding"
"13289","OR8D2","protein_coding"
"13290","OR5M10","protein_coding"
"13291","OR6T1","protein_coding"
"13292","ANXA2","protein_coding"
"13293","OR6X1","protein_coding"
"13294","OR8B12","protein_coding"
"13295","TUBA1C","protein_coding"
"13296","OR8B4","protein_coding"
"13297","IRGQ","protein_coding"
"13298","SEC63","protein_coding"
"13299","OR5M11","protein_coding"
"13300","OR6M1","protein_coding"
"13301","OR4C11","protein_coding"
"13302","OR9I1","protein_coding"
"13303","ZNF576","protein_coding"
"13304","TBX10","protein_coding"
"13305","OR56A1","protein_coding"
"13306","NOS1","protein_coding"
"13307","HDAC9","protein_coding"
"13308","OR5B21","protein_coding"
"13309","RTP3","protein_coding"
"13310","OR10AG1","protein_coding"
"13311","SFRP1","protein_coding"
"13312","COX4I1","protein_coding"
"13313","OR51I1","protein_coding"
"13314","SRRM5","protein_coding"
"13315","LRRC2","protein_coding"
"13316","OR51B2","protein_coding"
"13317","OR52H1","protein_coding"
"13318","CAVIN2","protein_coding"
"13319","POLD1","protein_coding"
"13320","CCDC73","protein_coding"
"13321","TRIM55","protein_coding"
"13322","ACTG2","protein_coding"
"13323","OR5AP2","protein_coding"
"13324","OR4D6","protein_coding"
"13325","RIC8A","protein_coding"
"13326","MMS22L","protein_coding"
"13327","CRELD1","protein_coding"
"13328","IRF8","protein_coding"
"13329","DGUOK","protein_coding"
"13330","ENG","protein_coding"
"13331","UBC","protein_coding"
"13332","DPAGT1","protein_coding"
"13333","CRH","protein_coding"
"13334","LAT","protein_coding"
"13335","GIT2","protein_coding"
"13336","HAS2","protein_coding"
"13337","GFPT1","protein_coding"
"13338","ATAD2","protein_coding"
"13339","RPRML","protein_coding"
"13340","CDC27","protein_coding"
"13341","LGALS8","protein_coding"
"13342","SF3B5","protein_coding"
"13343","STX11","protein_coding"
"13344","DOP1A","protein_coding"
"13345","CHRM4","protein_coding"
"13346","ARHGAP20","protein_coding"
"13347","TRIO","protein_coding"
"13348","KRTAP4-3","protein_coding"
"13349","KRTAP4-1","protein_coding"
"13350","PPM1E","protein_coding"
"13351","MEFV","protein_coding"
"13352","RAD51C","protein_coding"
"13353","ATF5","protein_coding"
"13354","RWDD2A","protein_coding"
"13355","NPBWR1","protein_coding"
"13356","LYPD6B","protein_coding"
"13357","DHPS","protein_coding"
"13358","TBXAS1","protein_coding"
"13359","PLPP5","protein_coding"
"13360","DCDC1","protein_coding"
"13361","STRADA","protein_coding"
"13362","LYPD6","protein_coding"
"13363","ABCB9","protein_coding"
"13364","MMADHC","protein_coding"
"13365","CD164","protein_coding"
"13366","ATPSCKMT","protein_coding"
"13367","NSMCE1","protein_coding"
"13368","NTM","protein_coding"
"13369","NSD3","protein_coding"
"13370","CCT5","protein_coding"
"13371","DOT1L","protein_coding"
"13372","MRPL20","protein_coding"
"13373","MTLN","protein_coding"
"13374","CCL21","protein_coding"
"13375","RASA4B","protein_coding"
"13376","THNSL2","protein_coding"
"13377","VWA1","protein_coding"
"13378","PLEKHJ1","protein_coding"
"13379","TGFBR1","protein_coding"
"13380","ATAD3C","protein_coding"
"13381","IL4R","protein_coding"
"13382","PPARG","protein_coding"
"13383","PPIL6","protein_coding"
"13384","ABCB10","protein_coding"
"13385","NFRKB","protein_coding"
"13386","LRRTM4","protein_coding"
"13387","WIPI2","protein_coding"
"13388","RND3","protein_coding"
"13389","CSAD","protein_coding"
"13390","SF3A2","protein_coding"
"13391","TSC1","protein_coding"
"13392","URB2","protein_coding"
"13393","CMBL","protein_coding"
"13394","RNF186","protein_coding"
"13395","OTUD3","protein_coding"
"13396","FZD7","protein_coding"
"13397","PLA2G2E","protein_coding"
"13398","OR2M7","protein_coding"
"13399","OR14C36","protein_coding"
"13400","THADA","protein_coding"
"13401","AMH","protein_coding"
"13402","SMPD2","protein_coding"
"13403","KNCN","protein_coding"
"13404","IL21R","protein_coding"
"13405","MICAL1","protein_coding"
"13406","SLC29A4","protein_coding"
"13407","MKNK1","protein_coding"
"13408","CCN4","protein_coding"
"13409","CAMK2B","protein_coding"
"13410","NPIPB3","protein_coding"
"13411","CYP11B1","protein_coding"
"13412","GABBR2","protein_coding"
"13413","GDPD4","protein_coding"
"13414","LMO3","protein_coding"
"13415","ZNF844","protein_coding"
"13416","MCRIP2","protein_coding"
"13417","MAU2","protein_coding"
"13418","C5orf15","protein_coding"
"13419","AMBRA1","protein_coding"
"13420","TTI2","protein_coding"
"13421","VDAC1","protein_coding"
"13422","WDR90","protein_coding"
"13423","ZNF878","protein_coding"
"13424","TCF7","protein_coding"
"13425","MBD3L5","protein_coding"
"13426","PDE7A","protein_coding"
"13427","MBD3L4","protein_coding"
"13428","MBD3L2","protein_coding"
"13429","TMBIM4","protein_coding"
"13430","ZNF557","protein_coding"
"13431","RIGI","protein_coding"
"13432","ZBTB24","protein_coding"
"13433","GNG8","protein_coding"
"13434","ZNF429","protein_coding"
"13435","PGM3","protein_coding"
"13436","ARTN","protein_coding"
"13437","ZNF208","protein_coding"
"13438","TBCEL","protein_coding"
"13439","S1PR5","protein_coding"
"13440","KLK3","protein_coding"
"13441","IPO13","protein_coding"
"13442","LARP4","protein_coding"
"13443","MTHFS","protein_coding"
"13444","SPAG1","protein_coding"
"13445","ST20-MTHFS","protein_coding"
"13446","BCL2A1","protein_coding"
"13447","ATP6V0B","protein_coding"
"13448","IL18R1","protein_coding"
"13449","SPG21","protein_coding"
"13450","DKK3","protein_coding"
"13451","DCP1A","protein_coding"
"13452","FAM237A","protein_coding"
"13453","STMN2","protein_coding"
"13454","ANKRD30BL","protein_coding"
"13455","RHBDL1","protein_coding"
"13456","IL33","protein_coding"
"13457","PTRHD1","protein_coding"
"13458","SELENOW","protein_coding"
"13459","MEMO1","protein_coding"
"13460","TSSK1B","protein_coding"
"13461","YTHDC2","protein_coding"
"13462","STUB1","protein_coding"
"13463","GLDC","protein_coding"
"13464","ZNF793","protein_coding"
"13465","CYP26B1","protein_coding"
"13466","CCDC24","protein_coding"
"13467","MTFMT","protein_coding"
"13468","CHDH","protein_coding"
"13469","CCDC47","protein_coding"
"13470","CMPK2","protein_coding"
"13471","HNRNPUL1","protein_coding"
"13472","IL17RB","protein_coding"
"13473","SLC51B","protein_coding"
"13474","RASL12","protein_coding"
"13475","MCC","protein_coding"
"13476","GRM5","protein_coding"
"13477","ORC2","protein_coding"
"13478","DDX42","protein_coding"
"13479","PDCD7","protein_coding"
"13480","SLC6A9","protein_coding"
"13481","CLPX","protein_coding"
"13482","ACTR8","protein_coding"
"13483","JPH1","protein_coding"
"13484","JMJD8","protein_coding"
"13485","MS4A6E","protein_coding"
"13486","VEZT","protein_coding"
"13487","FANCD2","protein_coding"
"13488","TMEM218","protein_coding"
"13489","RGMB","protein_coding"
"13490","FGL1","protein_coding"
"13491","CILP","protein_coding"
"13492","COX7A2","protein_coding"
"13493","FRAT1","protein_coding"
"13494","FRAT2","protein_coding"
"13495","NDUFB3","protein_coding"
"13496","FTSJ3","protein_coding"
"13497","RRP12","protein_coding"
"13498","CHD1","protein_coding"
"13499","PAQR5","protein_coding"
"13500","PLEKHH2","protein_coding"
"13501","KDM4C","protein_coding"
"13502","RPLP1","protein_coding"
"13503","WDR24","protein_coding"
"13504","CSH2","protein_coding"
"13505","CSNK1A1","protein_coding"
"13506","KIF23","protein_coding"
"13507","RHOT2","protein_coding"
"13508","SOX6","protein_coding"
"13509","DYNC2LI1","protein_coding"
"13510","ZNF701","protein_coding"
"13511","GH2","protein_coding"
"13512","LCE3B","protein_coding"
"13513","ASAH1","protein_coding"
"13514","GCC1","protein_coding"
"13515","LCE3A","protein_coding"
"13516","LCE2D","protein_coding"
"13517","LCE2B","protein_coding"
"13518","ARF5","protein_coding"
"13519","LCE2A","protein_coding"
"13520","ZNF667","protein_coding"
"13521","PRAMEF15","protein_coding"
"13522","PRAMEF14","protein_coding"
"13523","DMAC1","protein_coding"
"13524","PRAMEF17","protein_coding"
"13525","ELSPBP1","protein_coding"
"13526","ZNF385C","protein_coding"
"13527","EPHX4","protein_coding"
"13528","CACNA1B","protein_coding"
"13529","SMARCD2","protein_coding"
"13530","PRR12","protein_coding"
"13531","UMPS","protein_coding"
"13532","FNDC10","protein_coding"
"13533","FSCN3","protein_coding"
"13534","DAP","protein_coding"
"13535","ABCG5","protein_coding"
"13536","MMP23B","protein_coding"
"13537","PAX4","protein_coding"
"13538","ZNF772","protein_coding"
"13539","CTNND2","protein_coding"
"13540","MYLK4","protein_coding"
"13541","ABCG8","protein_coding"
"13542","MDM2","protein_coding"
"13543","SNRPC","protein_coding"
"13544","ZNF57","protein_coding"
"13545","SLC35E2B","protein_coding"
"13546","IMPDH1","protein_coding"
"13547","C1GALT1C1L","protein_coding"
"13548","BLTP3A","protein_coding"
"13549","SIX5","protein_coding"
"13550","OR52N2","protein_coding"
"13551","CARF","protein_coding"
"13552","PGAM1","protein_coding"
"13553","SLCO2B1","protein_coding"
"13554","ZNF382","protein_coding"
"13555","ANKS1A","protein_coding"
"13556","CDK11A","protein_coding"
"13557","EXOSC1","protein_coding"
"13558","ITGB5","protein_coding"
"13559","NPIPB13","protein_coding"
"13560","MARK4","protein_coding"
"13561","CCNYL1B","protein_coding"
"13562","ZDHHC16","protein_coding"
"13563","TCP11","protein_coding"
"13564","MYO5C","protein_coding"
"13565","MUC13","protein_coding"
"13566","CFAP95","protein_coding"
"13567","KANK3","protein_coding"
"13568","FLNB","protein_coding"
"13569","TPBGL","protein_coding"
"13570","ARRB1","protein_coding"
"13571","TRPM3","protein_coding"
"13572","ACTR3C","protein_coding"
"13573","ZNF814","protein_coding"
"13574","GALNT17","protein_coding"
"13575","ARPP19","protein_coding"
"13576","LRPPRC","protein_coding"
"13577","CLEC11A","protein_coding"
"13578","DNAJB6","protein_coding"
"13579","SPTBN4","protein_coding"
"13580","NADK","protein_coding"
"13581","KBTBD13","protein_coding"
"13582","CHSY1","protein_coding"
"13583","TM2D3","protein_coding"
"13584","KLHL35","protein_coding"
"13585","TMEM52","protein_coding"
"13586","CDON","protein_coding"
"13587","CD1A","protein_coding"
"13588","TARS3","protein_coding"
"13589","CD1C","protein_coding"
"13590","CD1B","protein_coding"
"13591","TMC8","protein_coding"
"13592","FUOM","protein_coding"
"13593","HBEGF","protein_coding"
"13594","SPARC","protein_coding"
"13595","CD1E","protein_coding"
"13596","OR6C1","protein_coding"
"13597","SDR42E1","protein_coding"
"13598","AKR1C3","protein_coding"
"13599","ACSM4","protein_coding"
"13600","ZNF419","protein_coding"
"13601","CAPZA2","protein_coding"
"13602","ACACB","protein_coding"
"13603","HSD17B2","protein_coding"
"13604","PCSK6","protein_coding"
"13605","CSH1","protein_coding"
"13606","MPHOSPH6","protein_coding"
"13607","AKR1C8","protein_coding"
"13608","AKR1C4","protein_coding"
"13609","ZNF726","protein_coding"
"13610","CD79B","protein_coding"
"13611","POLR1A","protein_coding"
"13612","RPS13","protein_coding"
"13613","TMEM14A","protein_coding"
"13614","ZNF626","protein_coding"
"13615","C6","protein_coding"
"13616","GSTA2","protein_coding"
"13617","IQCN","protein_coding"
"13618","MAGI2","protein_coding"
"13619","MAP3K5","protein_coding"
"13620","SLC13A2","protein_coding"
"13621","PIK3C2A","protein_coding"
"13622","ZNF99","protein_coding"
"13623","NDUFS7","protein_coding"
"13624","UCN3","protein_coding"
"13625","TUBAL3","protein_coding"
"13626","OR10T2","protein_coding"
"13627","DR1","protein_coding"
"13628","APBB1IP","protein_coding"
"13629","CEMIP2","protein_coding"
"13630","KCTD13","protein_coding"
"13631","MAPKAPK2","protein_coding"
"13632","DEF6","protein_coding"
"13633","FOXN1","protein_coding"
"13634","WRAP53","protein_coding"
"13635","FANCE","protein_coding"
"13636","ANTXRL","protein_coding"
"13637","C7","protein_coding"
"13638","DNAJC4","protein_coding"
"13639","SLX4","protein_coding"
"13640","ITGA4","protein_coding"
"13641","FBN2","protein_coding"
"13642","NR2E1","protein_coding"
"13643","IL24","protein_coding"
"13644","ABLIM1","protein_coding"
"13645","RSL1D1","protein_coding"
"13646","POU6F1","protein_coding"
"13647","MED19","protein_coding"
"13648","SNX3","protein_coding"
"13649","TTC36","protein_coding"
"13650","ABHD17B","protein_coding"
"13651","BAX","protein_coding"
"13652","BLOC1S1","protein_coding"
"13653","TMEM25","protein_coding"
"13654","FCMR","protein_coding"
"13655","C9orf85","protein_coding"
"13656","OSTM1","protein_coding"
"13657","CLEC1B","protein_coding"
"13658","FOXI3","protein_coding"
"13659","TMC6","protein_coding"
"13660","C9orf57","protein_coding"
"13661","SPMIP9","protein_coding"
"13662","H4C16","protein_coding"
"13663","RPIA","protein_coding"
"13664","C12orf42","protein_coding"
"13665","IGFL4","protein_coding"
"13666","STAG3","protein_coding"
"13667","IGFL1","protein_coding"
"13668","PIGR","protein_coding"
"13669","ERCC6L2","protein_coding"
"13670","PIGBOS1","protein_coding"
"13671","MBD3L3","protein_coding"
"13672","ADM5","protein_coding"
"13673","PIGB","protein_coding"
"13674","SHANK1","protein_coding"
"13675","GMCL1","protein_coding"
"13676","GSPT1","protein_coding"
"13677","FCAMR","protein_coding"
"13678","RSL24D1","protein_coding"
"13679","SNRNP27","protein_coding"
"13680","GRIA1","protein_coding"
"13681","MXD1","protein_coding"
"13682","C1orf116","protein_coding"
"13683","OR2Z1","protein_coding"
"13684","OR7G2","protein_coding"
"13685","OR4F17","protein_coding"
"13686","PRMT6","protein_coding"
"13687","IGFL2","protein_coding"
"13688","SH3BGRL3","protein_coding"
"13689","CD52","protein_coding"
"13690","GRIK5","protein_coding"
"13691","PCBP1","protein_coding"
"13692","ZNF683","protein_coding"
"13693","CHP1","protein_coding"
"13694","C2orf42","protein_coding"
"13695","STAT5B","protein_coding"
"13696","TNFRSF17","protein_coding"
"13697","RAN","protein_coding"
"13698","IQCE","protein_coding"
"13699","DNAH3","protein_coding"
"13700","TINAGL1","protein_coding"
"13701","DCAF17","protein_coding"
"13702","OIP5","protein_coding"
"13703","KALRN","protein_coding"
"13704","RPTOR","protein_coding"
"13705","NUSAP1","protein_coding"
"13706","RORB","protein_coding"
"13707","IFT46","protein_coding"
"13708","PEF1","protein_coding"
"13709","CYBRD1","protein_coding"
"13710","TRPM6","protein_coding"
"13711","C2orf74","protein_coding"
"13712","ORC1","protein_coding"
"13713","RXYLT1","protein_coding"
"13714","MMP15","protein_coding"
"13715","STAMBP","protein_coding"
"13716","NDUFAF1","protein_coding"
"13717","POU1F1","protein_coding"
"13718","SDE2","protein_coding"
"13719","MORN3","protein_coding"
"13720","ITPKA","protein_coding"
"13721","ERVV-1","protein_coding"
"13722","NMRK2","protein_coding"
"13723","SPINK7","protein_coding"
"13724","TMEM120B","protein_coding"
"13725","USB1","protein_coding"
"13726","LTK","protein_coding"
"13727","H3-3A","protein_coding"
"13728","ROPN1B","protein_coding"
"13729","SPINK9","protein_coding"
"13730","SLC22A24","protein_coding"
"13731","NLRP13","protein_coding"
"13732","FBXO38","protein_coding"
"13733","CD3E","protein_coding"
"13734","RHOF","protein_coding"
"13735","CLEC4G","protein_coding"
"13736","LPO","protein_coding"
"13737","ACBD3","protein_coding"
"13738","POLQ","protein_coding"
"13739","TTPA","protein_coding"
"13740","DPF1","protein_coding"
"13741","PHF21A","protein_coding"
"13742","MIXL1","protein_coding"
"13743","YTHDF3","protein_coding"
"13744","RPAP1","protein_coding"
"13745","ARGFX","protein_coding"
"13746","FBXO40","protein_coding"
"13747","ACD","protein_coding"
"13748","AGAP2","protein_coding"
"13749","FBXL18","protein_coding"
"13750","THUMPD3","protein_coding"
"13751","MPO","protein_coding"
"13752","CYTH3","protein_coding"
"13753","NVL","protein_coding"
"13754","TRAF3IP2","protein_coding"
"13755","TSPOAP1","protein_coding"
"13756","ETV1","protein_coding"
"13757","BICDL1","protein_coding"
"13758","TYRO3","protein_coding"
"13759","PI15","protein_coding"
"13760","LHFPL4","protein_coding"
"13761","C9orf40","protein_coding"
"13762","CARNMT1","protein_coding"
"13763","RASSF1","protein_coding"
"13764","RAB35","protein_coding"
"13765","GDAP1","protein_coding"
"13766","NOD2","protein_coding"
"13767","GCN1","protein_coding"
"13768","PUM3","protein_coding"
"13769","SMTNL1","protein_coding"
"13770","MMP26","protein_coding"
"13771","CGA","protein_coding"
"13772","NEFL","protein_coding"
"13773","HTR4","protein_coding"
"13774","RASGRF1","protein_coding"
"13775","PHKB","protein_coding"
"13776","SCX","protein_coding"
"13777","OR51S1","protein_coding"
"13778","GLYATL2","protein_coding"
"13779","IL17A","protein_coding"
"13780","KCNK6","protein_coding"
"13781","MCM3","protein_coding"
"13782","ZNRD2","protein_coding"
"13783","SUPT4H1","protein_coding"
"13784","MCF2L2","protein_coding"
"13785","RPLP0","protein_coding"
"13786","RNF43","protein_coding"
"13787","FAM89B","protein_coding"
"13788","ATP8B3","protein_coding"
"13789","EHBP1L1","protein_coding"
"13790","NTMT1","protein_coding"
"13791","C5orf58","protein_coding"
"13792","IL17F","protein_coding"
"13793","UNC13D","protein_coding"
"13794","RAPGEF5","protein_coding"
"13795","CTSH","protein_coding"
"13796","CNIH4","protein_coding"
"13797","C6orf120","protein_coding"
"13798","GJE1","protein_coding"
"13799","KCNK7","protein_coding"
"13800","CCDC192","protein_coding"
"13801","KCNN2","protein_coding"
"13802","C9orf50","protein_coding"
"13803","MAP3K11","protein_coding"
"13804","ASB6","protein_coding"
"13805","C19orf12","protein_coding"
"13806","BMP8A","protein_coding"
"13807","HOXA4","protein_coding"
"13808","PRRX2","protein_coding"
"13809","HEYL","protein_coding"
"13810","EEPD1","protein_coding"
"13811","POLK","protein_coding"
"13812","IFRD2","protein_coding"
"13813","SMIM7","protein_coding"
"13814","HPCAL4","protein_coding"
"13815","FOXD4L6","protein_coding"
"13816","TAAR8","protein_coding"
"13817","TAAR9","protein_coding"
"13818","FIGNL1","protein_coding"
"13819","ZNG1F","protein_coding"
"13820","PABPC4","protein_coding"
"13821","PCNX3","protein_coding"
"13822","CYP3A5","protein_coding"
"13823","PTX4","protein_coding"
"13824","BRD3OS","protein_coding"
"13825","TELO2","protein_coding"
"13826","CTC1","protein_coding"
"13827","BRD3","protein_coding"
"13828","PXN","protein_coding"
"13829","SIPA1","protein_coding"
"13830","MBNL1","protein_coding"
"13831","PLD5P1","protein_coding"
"13832","ACVR1C","protein_coding"
"13833","PIGO","protein_coding"
"13834","ZKSCAN1","protein_coding"
"13835","ECM1","protein_coding"
"13836","CLCN7","protein_coding"
"13837","ZNF3","protein_coding"
"13838","MS4A4E","protein_coding"
"13839","MKRN3","protein_coding"
"13840","FGF7","protein_coding"
"13841","ACVR1","protein_coding"
"13842","TMEM38A","protein_coding"
"13843","LTBP3","protein_coding"
"13844","RFESD","protein_coding"
"13845","ENSA","protein_coding"
"13846","PYGO1","protein_coding"
"13847","HCN2","protein_coding"
"13848","GNB5","protein_coding"
"13849","POLRMT","protein_coding"
"13850","SPATA9","protein_coding"
"13851","NSMF","protein_coding"
"13852","NLRP1","protein_coding"
"13853","RHOBTB3","protein_coding"
"13854","TMEM217B","protein_coding"
"13855","LRRC73","protein_coding"
"13856","SLC26A5","protein_coding"
"13857","GOLPH3L","protein_coding"
"13858","WNT5B","protein_coding"
"13859","OR2I1P","protein_coding"
"13860","ZNF292","protein_coding"
"13861","GLRX","protein_coding"
"13862","HORMAD1","protein_coding"
"13863","FGF22","protein_coding"
"13864","FBXL14","protein_coding"
"13865","GABPB1","protein_coding"
"13866","RNF126","protein_coding"
"13867","ERC1","protein_coding"
"13868","IRAK1BP1","protein_coding"
"13869","CHD9NB","protein_coding"
"13870","CES4A","protein_coding"
"13871","AFDN","protein_coding"
"13872","MEF2C","protein_coding"
"13873","RETNLB","protein_coding"
"13874","FSTL3","protein_coding"
"13875","SLC22A14","protein_coding"
"13876","HOXD13","protein_coding"
"13877","HOXD12","protein_coding"
"13878","HOXD11","protein_coding"
"13879","HOXD10","protein_coding"
"13880","HOXD9","protein_coding"
"13881","HOXD8","protein_coding"
"13882","TSPAN16","protein_coding"
"13883","HOXD4","protein_coding"
"13884","ZPLD1","protein_coding"
"13885","HOXD1","protein_coding"
"13886","MCL1","protein_coding"
"13887","HOXD3","protein_coding"
"13888","FAHD1","protein_coding"
"13889","WHRN","protein_coding"
"13890","NUDT16L1","protein_coding"
"13891","AFF3","protein_coding"
"13892","BHLHE41","protein_coding"
"13893","RAB3D","protein_coding"
"13894","FADD","protein_coding"
"13895","LINGO1","protein_coding"
"13896","WNT3A","protein_coding"
"13897","MKRN2OS","protein_coding"
"13898","PHIP","protein_coding"
"13899","PRSS41","protein_coding"
"13900","VSIG10L2","protein_coding"
"13901","TP53TG3D","protein_coding"
"13902","C1orf35","protein_coding"
"13903","TADA3","protein_coding"
"13904","EBI3","protein_coding"
"13905","RASSF8","protein_coding"
"13906","ANO1","protein_coding"
"13907","HAPLN3","protein_coding"
"13908","PRSS53","protein_coding"
"13909","GDI2","protein_coding"
"13910","ANKRD24","protein_coding"
"13911","PABPN1L","protein_coding"
"13912","ACAN","protein_coding"
"13913","GADL1","protein_coding"
"13914","LRFN2","protein_coding"
"13915","DNAJA1","protein_coding"
"13916","MUC19","protein_coding"
"13917","TP53TG3","protein_coding"
"13918","LYRM2","protein_coding"
"13919","MRPL55","protein_coding"
"13920","FRG2C","protein_coding"
"13921","CPHXL2","protein_coding"
"13922","SMU1","protein_coding"
"13923","DOK4","protein_coding"
"13924","AVIL","protein_coding"
"13925","RPSA2","protein_coding"
"13926","LONRF2","protein_coding"
"13927","IGBP1C","protein_coding"
"13928","OR1R1P","protein_coding"
"13929","TMEM238L","protein_coding"
"13930","CARMIL1","protein_coding"
"13931","KRT26","protein_coding"
"13932","ITPR1","protein_coding"
"13933","B4GALT1","protein_coding"
"13934","BOP1","protein_coding"
"13935","TBC1D3D","protein_coding"
"13936","COLGALT1","protein_coding"
"13937","FOLR3","protein_coding"
"13938","CHST10","protein_coding"
"13939","ZNF484","protein_coding"
"13940","CLEC2D","protein_coding"
"13941","AAGAB","protein_coding"
"13942","DPP7","protein_coding"
"13943","PCSK7","protein_coding"
"13944","PSPN","protein_coding"
"13945","TNFSF12","protein_coding"
"13946","KHSRP","protein_coding"
"13947","TNFSF12-TNFSF13","protein_coding"
"13948","PLPPR2","protein_coding"
"13949","VAT1","protein_coding"
"13950","TUBA4A","protein_coding"
"13951","NPIPB2","protein_coding"
"13952","GIMAP7","protein_coding"
"13953","NFIL3","protein_coding"
"13954","CD69","protein_coding"
"13955","MDN1","protein_coding"
"13956","GIMAP4","protein_coding"
"13957","IFNA6","protein_coding"
"13958","IFNA4","protein_coding"
"13959","NQO1","protein_coding"
"13960","IFNA7","protein_coding"
"13961","IFNA10","protein_coding"
"13962","NBR1","protein_coding"
"13963","IFNA16","protein_coding"
"13964","KLHL9","protein_coding"
"13965","DNAJB2","protein_coding"
"13966","GIMAP6","protein_coding"
"13967","ALDH1A1","protein_coding"
"13968","KLRF1","protein_coding"
"13969","TMEM176B","protein_coding"
"13970","TRIM28","protein_coding"
"13971","NAT1","protein_coding"
"13972","CLEC2B","protein_coding"
"13973","AGAP3","protein_coding"
"13974","CPNE5","protein_coding"
"13975","SLC45A4","protein_coding"
"13976","ANXA1","protein_coding"
"13977","KLRF2","protein_coding"
"13978","NOB1","protein_coding"
"13979","CLEC2A","protein_coding"
"13980","CLEC12A","protein_coding"
"13981","ASNSD1","protein_coding"
"13982","TMEM106A","protein_coding"
"13983","ARCN1","protein_coding"
"13984","ASDURF","protein_coding"
"13985","OSGEPL1","protein_coding"
"13986","GJC2","protein_coding"
"13987","IBA57","protein_coding"
"13988","SUMO4","protein_coding"
"13989","ZC3H12D","protein_coding"
"13990","NFAT5","protein_coding"
"13991","MOS","protein_coding"
"13992","CCDC200","protein_coding"
"13993","PLAG1","protein_coding"
"13994","XPA","protein_coding"
"13995","CHFR","protein_coding"
"13996","ANKAR","protein_coding"
"13997","TAB2","protein_coding"
"13998","CHCHD7","protein_coding"
"13999","UBE2M","protein_coding"
"14000","TRIM11","protein_coding"
"14001","HIKESHI","protein_coding"
"14002","ECHDC1","protein_coding"
"14003","FOXE1","protein_coding"
"14004","TRMO","protein_coding"
"14005","ADAMTS17","protein_coding"
"14006","TRIM17","protein_coding"
"14007","CHMP2A","protein_coding"
"14008","UBXN4","protein_coding"
"14009","HEMGN","protein_coding"
"14010","VWCE","protein_coding"
"14011","IDNK","protein_coding"
"14012","ACSF2","protein_coding"
"14013","LCT","protein_coding"
"14014","LINS1","protein_coding"
"14015","PLIN4","protein_coding"
"14016","GALNTL5","protein_coding"
"14017","UBQLN1","protein_coding"
"14018","BICRA","protein_coding"
"14019","NDRG1","protein_coding"
"14020","IRS1","protein_coding"
"14021","RHBDD1","protein_coding"
"14022","LRFN3","protein_coding"
"14023","PPIH","protein_coding"
"14024","ASB7","protein_coding"
"14025","SDHAF1","protein_coding"
"14026","NUMA1","protein_coding"
"14027","COL4A3","protein_coding"
"14028","SYNE4","protein_coding"
"14029","ZNF169","protein_coding"
"14030","CERS3","protein_coding"
"14031","PAXIP1","protein_coding"
"14032","POU2F2","protein_coding"
"14033","ZNF605","protein_coding"
"14034","ZNF26","protein_coding"
"14035","ZNF84","protein_coding"
"14036","GUCA1ANB-GUCA1A","protein_coding"
"14037","UBE3C","protein_coding"
"14038","GUCA1A","protein_coding"
"14039","TM4SF20","protein_coding"
"14040","ELOVL2","protein_coding"
"14041","SCGN","protein_coding"
"14042","AGFG1","protein_coding"
"14043","FES","protein_coding"
"14044","CHAD","protein_coding"
"14045","DENND5B","protein_coding"
"14046","H2AC1","protein_coding"
"14047","H2BC1","protein_coding"
"14048","GLP1R","protein_coding"
"14049","SSU72L6","protein_coding"
"14050","RSAD1","protein_coding"
"14051","MCM7","protein_coding"
"14052","CA5A","protein_coding"
"14053","SAYSD1","protein_coding"
"14054","YBX1","protein_coding"
"14055","KCNK5","protein_coding"
"14056","MLN","protein_coding"
"14057","EPN3","protein_coding"
"14058","BANP","protein_coding"
"14059","TCERG1","protein_coding"
"14060","KIF3C","protein_coding"
"14061","GOLGA3","protein_coding"
"14062","KIAA0408","protein_coding"
"14063","TSGA13","protein_coding"
"14064","CLDN19","protein_coding"
"14065","ANKFN1","protein_coding"
"14066","KLF14","protein_coding"
"14067","P3H1","protein_coding"
"14068","MET","protein_coding"
"14069","C6orf58","protein_coding"
"14070","RAB10","protein_coding"
"14071","GRM4","protein_coding"
"14072","NOG","protein_coding"
"14073","GAREM2","protein_coding"
"14074","KCNJ12","protein_coding"
"14075","BLM","protein_coding"
"14076","CALN1","protein_coding"
"14077","KCNJ18","protein_coding"
"14078","ARMC9","protein_coding"
"14079","LRRC4","protein_coding"
"14080","CACNA1G","protein_coding"
"14081","LEP","protein_coding"
"14082","LINC02218","protein_coding"
"14083","H3Y2","protein_coding"
"14084","STPG1","protein_coding"
"14085","H3Y1","protein_coding"
"14086","SPOCK1","protein_coding"
"14087","TRPS1","protein_coding"
"14088","BEAN1","protein_coding"
"14089","TSPAN13","protein_coding"
"14090","KLHL3","protein_coding"
"14091","AGR2","protein_coding"
"14092","ALKBH6","protein_coding"
"14093","USP7","protein_coding"
"14094","RCAN3","protein_coding"
"14095","AGR3","protein_coding"
"14096","SMIM29","protein_coding"
"14097","PPP3CC","protein_coding"
"14098","MARCHF6","protein_coding"
"14099","NCMAP","protein_coding"
"14100","NUDT3","protein_coding"
"14101","FURIN","protein_coding"
"14102","HMGA1","protein_coding"
"14103","KRBA1","protein_coding"
"14104","ASH1L","protein_coding"
"14105","ECSIT","protein_coding"
"14106","MTCL3","protein_coding"
"14107","TTBK1","protein_coding"
"14108","FNTA","protein_coding"
"14109","RASAL1","protein_coding"
"14110","ISG20","protein_coding"
"14111","HIVEP2","protein_coding"
"14112","ZNF467","protein_coding"
"14113","AP3B2","protein_coding"
"14114","BOLA2","protein_coding"
"14115","ANKRD33B","protein_coding"
"14116","BOLA2-SMG1P6","protein_coding"
"14117","ZNF862","protein_coding"
"14118","NUTF2","protein_coding"
"14119","SLIT3","protein_coding"
"14120","EXOSC5","protein_coding"
"14121","HGSNAT","protein_coding"
"14122","RPS10-NUDT3","protein_coding"
"14123","KCNH2","protein_coding"
"14124","MCEMP1","protein_coding"
"14125","COG4","protein_coding"
"14126","RPS10","protein_coding"
"14127","EVI5L","protein_coding"
"14128","PGR","protein_coding"
"14129","POMC","protein_coding"
"14130","TXLNA","protein_coding"
"14131","R3HDM2","protein_coding"
"14132","COL4A4","protein_coding"
"14133","POTEA","protein_coding"
"14134","PACSIN1","protein_coding"
"14135","RSPH10B","protein_coding"
"14136","ELAVL1","protein_coding"
"14137","SMIM23","protein_coding"
"14138","SELENOP","protein_coding"
"14139","PPDPFL","protein_coding"
"14140","IQCC","protein_coding"
"14141","UNC13A","protein_coding"
"14142","SPDEF","protein_coding"
"14143","FAM167B","protein_coding"
"14144","MARCKSL1","protein_coding"
"14145","TSSK3","protein_coding"
"14146","ILRUN","protein_coding"
"14147","GRAMD1B","protein_coding"
"14148","PMS2","protein_coding"
"14149","NDUFA4L2","protein_coding"
"14150","FOXP4","protein_coding"
"14151","EPHB1","protein_coding"
"14152","SLC16A4","protein_coding"
"14153","SNRPF","protein_coding"
"14154","PAN2","protein_coding"
"14155","FAM240C","protein_coding"
"14156","POMK","protein_coding"
"14157","MAP1S","protein_coding"
"14158","COL6A3","protein_coding"
"14159","FAM241A","protein_coding"
"14160","NKX6-1","protein_coding"
"14161","CLEC16A","protein_coding"
"14162","EFCC1","protein_coding"
"14163","CDS1","protein_coding"
"14164","WDFY3","protein_coding"
"14165","ARPP21","protein_coding"
"14166","LAMTOR5","protein_coding"
"14167","SOD2","protein_coding"
"14168","PHF20L1","protein_coding"
"14169","YTHDF2","protein_coding"
"14170","FBXO31","protein_coding"
"14171","B3GNT3","protein_coding"
"14172","MAP1LC3B","protein_coding"
"14173","LIMA1","protein_coding"
"14174","TMEM200B","protein_coding"
"14175","INSL3","protein_coding"
"14176","CAMK2D","protein_coding"
"14177","MECR","protein_coding"
"14178","GDF15","protein_coding"
"14179","LCMT1","protein_coding"
"14180","ELL","protein_coding"
"14181","ENPP2","protein_coding"
"14182","KCNN1","protein_coding"
"14183","GPRC5D","protein_coding"
"14184","INHBE","protein_coding"
"14185","MMP13","protein_coding"
"14186","AQP8","protein_coding"
"14187","HLX","protein_coding"
"14188","CAPRIN2","protein_coding"
"14189","ZKSCAN2","protein_coding"
"14190","MARK1","protein_coding"
"14191","SLX1B","protein_coding"
"14192","FSD2","protein_coding"
"14193","DES","protein_coding"
"14194","ZNF530","protein_coding"
"14195","EPS8L2","protein_coding"
"14196","ZNF606","protein_coding"
"14197","WHAMM","protein_coding"
"14198","SENP8","protein_coding"
"14199","HNRNPA1L3","protein_coding"
"14200","SCN2A","protein_coding"
"14201","PKD1","protein_coding"
"14202","EIF2AK1","protein_coding"
"14203","GRAMD2A","protein_coding"
"14204","ZNF566","protein_coding"
"14205","ZNF433","protein_coding"
"14206","PARP6","protein_coding"
"14207","USP42","protein_coding"
"14208","C1orf115","protein_coding"
"14209","LETM2","protein_coding"
"14210","TEX101","protein_coding"
"14211","DARS2","protein_coding"
"14212","LYPD3","protein_coding"
"14213","AP4M1","protein_coding"
"14214","ETHE1","protein_coding"
"14215","KRTAP5-11","protein_coding"
"14216","CIMAP1A","protein_coding"
"14217","ZNF575","protein_coding"
"14218","KCNK12","protein_coding"
"14219","ZNF541","protein_coding"
"14220","INKA2","protein_coding"
"14221","FBXO11","protein_coding"
"14222","PSMD13","protein_coding"
"14223","RAB7B","protein_coding"
"14224","GGN","protein_coding"
"14225","FER1L6","protein_coding"
"14226","SPRED3","protein_coding"
"14227","ZBTB38","protein_coding"
"14228","TCF24","protein_coding"
"14229","TSTD1","protein_coding"
"14230","COPS5","protein_coding"
"14231","ZNF600","protein_coding"
"14232","ZNF320","protein_coding"
"14233","USF1","protein_coding"
"14234","EIF2AK3","protein_coding"
"14235","NFILZ","protein_coding"
"14236","NKPD1","protein_coding"
"14237","TASOR","protein_coding"
"14238","CELF6","protein_coding"
"14239","LDHAL6A","protein_coding"
"14240","KLK5","protein_coding"
"14241","RAB26","protein_coding"
"14242","ARFGEF1","protein_coding"
"14243","RAD51AP1","protein_coding"
"14244","TRIM3","protein_coding"
"14245","ARHGAP30","protein_coding"
"14246","ARID3B","protein_coding"
"14247","KLK6","protein_coding"
"14248","TRAF7","protein_coding"
"14249","AGBL1","protein_coding"
"14250","CRYGN","protein_coding"
"14251","SELENOH","protein_coding"
"14252","RHEB","protein_coding"
"14253","GRK7","protein_coding"
"14254","MDK","protein_coding"
"14255","NECTIN4","protein_coding"
"14256","TMOD2","protein_coding"
"14257","CERKL","protein_coding"
"14258","SLC6A6","protein_coding"
"14259","KLK7","protein_coding"
"14260","KLHDC9","protein_coding"
"14261","CEP43","protein_coding"
"14262","PRKAG2","protein_coding"
"14263","DYRK4","protein_coding"
"14264","PFDN2","protein_coding"
"14265","CLN6","protein_coding"
"14266","NIT1","protein_coding"
"14267","SAMD4B","protein_coding"
"14268","EBF1","protein_coding"
"14269","AKAP3","protein_coding"
"14270","CASKIN1","protein_coding"
"14271","SCYL1","protein_coding"
"14272","UTRN","protein_coding"
"14273","GPR108","protein_coding"
"14274","OSTN","protein_coding"
"14275","NEUROD1","protein_coding"
"14276","NDUFA9","protein_coding"
"14277","GMPPA","protein_coding"
"14278","FILIP1L","protein_coding"
"14279","MLST8","protein_coding"
"14280","DEDD","protein_coding"
"14281","TERB2","protein_coding"
"14282","COPG1","protein_coding"
"14283","KCNIP1","protein_coding"
"14284","INSYN1","protein_coding"
"14285","EXD1","protein_coding"
"14286","GALNT8","protein_coding"
"14287","PLA2G4B","protein_coding"
"14288","STMP1","protein_coding"
"14289","KCNA6","protein_coding"
"14290","KCNA1","protein_coding"
"14291","ZNF280D","protein_coding"
"14292","CTSE","protein_coding"
"14293","HMCES","protein_coding"
"14294","SLC13A4","protein_coding"
"14295","DPY19L2","protein_coding"
"14296","GABRP","protein_coding"
"14297","COQ8A","protein_coding"
"14298","SP3","protein_coding"
"14299","SIGLEC14","protein_coding"
"14300","SRGAP1","protein_coding"
"14301","OVOL3","protein_coding"
"14302","CBARP","protein_coding"
"14303","FAM180A","protein_coding"
"14304","DST","protein_coding"
"14305","MBD4","protein_coding"
"14306","MTPN","protein_coding"
"14307","PHLDB1","protein_coding"
"14308","PTH2R","protein_coding"
"14309","ZC3HC1","protein_coding"
"14310","ZNF888","protein_coding"
"14311","CLCN3","protein_coding"
"14312","TMT1A","protein_coding"
"14313","AKIRIN1","protein_coding"
"14314","PLCXD3","protein_coding"
"14315","UGT1A3","protein_coding"
"14316","TRIB2","protein_coding"
"14317","ATF1","protein_coding"
"14318","TENT2","protein_coding"
"14319","UGT1A8","protein_coding"
"14320","BCL2L10","protein_coding"
"14321","NDUFS5","protein_coding"
"14322","KLHDC10","protein_coding"
"14323","NEDD4","protein_coding"
"14324","TMPRSS12","protein_coding"
"14325","TMEM209","protein_coding"
"14326","HIGD1C","protein_coding"
"14327","UGT1A5","protein_coding"
"14328","LRIF1","protein_coding"
"14329","RHO","protein_coding"
"14330","FAM90A1","protein_coding"
"14331","H1-8","protein_coding"
"14332","FAM98C","protein_coding"
"14333","UGT1A7","protein_coding"
"14334","MYL6B","protein_coding"
"14335","DENND2D","protein_coding"
"14336","PLXND1","protein_coding"
"14337","RAB6D","protein_coding"
"14338","SSMEM1","protein_coding"
"14339","FSTL4","protein_coding"
"14340","FLNC","protein_coding"
"14341","SPC24","protein_coding"
"14342","CRMP1","protein_coding"
"14343","AICDA","protein_coding"
"14344","KLK4","protein_coding"
"14345","KDM3B","protein_coding"
"14346","CHI3L2","protein_coding"
"14347","PAK4","protein_coding"
"14348","CNTNAP5","protein_coding"
"14349","CEP63","protein_coding"
"14350","NRBP2","protein_coding"
"14351","ETF1","protein_coding"
"14352","WNT11","protein_coding"
"14353","FOXJ2","protein_coding"
"14354","NBEAL1","protein_coding"
"14355","FOLR2","protein_coding"
"14356","C3AR1","protein_coding"
"14357","NECAP1","protein_coding"
"14358","TMPRSS11F","protein_coding"
"14359","DRAM2","protein_coding"
"14360","TMPRSS11B","protein_coding"
"14361","BRICD5","protein_coding"
"14362","KIF9","protein_coding"
"14363","SH3RF2","protein_coding"
"14364","METTL8","protein_coding"
"14365","PGP","protein_coding"
"14366","EPPK1","protein_coding"
"14367","E4F1","protein_coding"
"14368","SHE","protein_coding"
"14369","PARP10","protein_coding"
"14370","PLA2G2C","protein_coding"
"14371","PLAC8L1","protein_coding"
"14372","STK31","protein_coding"
"14373","P2RX3","protein_coding"
"14374","PPP1R1C","protein_coding"
"14375","LARS1","protein_coding"
"14376","ARNT","protein_coding"
"14377","SORD","protein_coding"
"14378","INPPL1","protein_coding"
"14379","ASPRV1","protein_coding"
"14380","SULT1C3","protein_coding"
"14381","IL37","protein_coding"
"14382","DNASE1L2","protein_coding"
"14383","DUOX2","protein_coding"
"14384","ACSL1","protein_coding"
"14385","CLEC4A","protein_coding"
"14386","NCOA1","protein_coding"
"14387","ECI1","protein_coding"
"14388","DUOXA2","protein_coding"
"14389","GPR171","protein_coding"
"14390","CD44","protein_coding"
"14391","P2RY14","protein_coding"
"14392","ZNF705A","protein_coding"
"14393","DUOX1","protein_coding"
"14394","GRINA","protein_coding"
"14395","GPR87","protein_coding"
"14396","PUS7L","protein_coding"
"14397","P2RY13","protein_coding"
"14398","P2RY12","protein_coding"
"14399","IGSF10","protein_coding"
"14400","TOPAZ1","protein_coding"
"14401","RNPS1","protein_coding"
"14402","SPATC1","protein_coding"
"14403","ZNF117","protein_coding"
"14404","TCAIM","protein_coding"
"14405","ERV3-1","protein_coding"
"14406","OPLAH","protein_coding"
"14407","TWF1","protein_coding"
"14408","GNA12","protein_coding"
"14409","C2orf81","protein_coding"
"14410","HYCC2","protein_coding"
"14411","IRAK4","protein_coding"
"14412","CYC1","protein_coding"
"14413","SHARPIN","protein_coding"
"14414","PARP1","protein_coding"
"14415","PROC","protein_coding"
"14416","ABHD11","protein_coding"
"14417","WDR97","protein_coding"
"14418","TRA2B","protein_coding"
"14419","CDIN1","protein_coding"
"14420","LIMS2","protein_coding"
"14421","MEPCE","protein_coding"
"14422","HGH1","protein_coding"
"14423","HNRNPA2B1","protein_coding"
"14424","TP53INP1","protein_coding"
"14425","RARRES1","protein_coding"
"14426","FAR2","protein_coding"
"14427","VCPIP1","protein_coding"
"14428","NLRP8","protein_coding"
"14429","C8orf44-SGK3","protein_coding"
"14430","MFSD1","protein_coding"
"14431","ERGIC2","protein_coding"
"14432","NLRP5","protein_coding"
"14433","HIGD2B","protein_coding"
"14434","SGK3","protein_coding"
"14435","ADPGK","protein_coding"
"14436","ZSCAN5B","protein_coding"
"14437","PLRG1","protein_coding"
"14438","CEACAM18","protein_coding"
"14439","NDUFS2","protein_coding"
"14440","FFAR1","protein_coding"
"14441","C3","protein_coding"
"14442","TM6SF1","protein_coding"
"14443","FAM234B","protein_coding"
"14444","FGB","protein_coding"
"14445","KRT80","protein_coding"
"14446","BNC1","protein_coding"
"14447","MAPKBP1","protein_coding"
"14448","KRT7","protein_coding"
"14449","FGA","protein_coding"
"14450","HAUS5","protein_coding"
"14451","FOXP1","protein_coding"
"14452","PLLP","protein_coding"
"14453","MYBPC3","protein_coding"
"14454","FGG","protein_coding"
"14455","RBM27","protein_coding"
"14456","KRT86","protein_coding"
"14457","GPR17","protein_coding"
"14458","KRT81","protein_coding"
"14459","ALMS1","protein_coding"
"14460","MCMDC2","protein_coding"
"14461","ABLIM3","protein_coding"
"14462","KRT83","protein_coding"
"14463","RBM42","protein_coding"
"14464","CAPN15","protein_coding"
"14465","FGF2","protein_coding"
"14466","KRT85","protein_coding"
"14467","FGFR3","protein_coding"
"14468","KRT84","protein_coding"
"14469","HDAC4","protein_coding"
"14470","KRT82","protein_coding"
"14471","MYO7A","protein_coding"
"14472","PRR35","protein_coding"
"14473","KRT75","protein_coding"
"14474","ONECUT1","protein_coding"
"14475","RBFOX1","protein_coding"
"14476","KRT6B","protein_coding"
"14477","QDPR","protein_coding"
"14478","KRT6C","protein_coding"
"14479","SPG11","protein_coding"
"14480","FBXO25","protein_coding"
"14481","KRT6A","protein_coding"
"14482","SMIM14","protein_coding"
"14483","ETV2","protein_coding"
"14484","KRT5","protein_coding"
"14485","PRDX1","protein_coding"
"14486","UBE2K","protein_coding"
"14487","AFAP1L1","protein_coding"
"14488","SPEGNB","protein_coding"
"14489","ID2","protein_coding"
"14490","KRT71","protein_coding"
"14491","TRHR","protein_coding"
"14492","KRT74","protein_coding"
"14493","ENY2","protein_coding"
"14494","COX6B1","protein_coding"
"14495","MBOAT2","protein_coding"
"14496","PDS5A","protein_coding"
"14497","KRT72","protein_coding"
"14498","ZNF451","protein_coding"
"14499","GRPEL2","protein_coding"
"14500","NASP","protein_coding"
"14501","UPK1A","protein_coding"
"14502","KRT73","protein_coding"
"14503","PCYOX1L","protein_coding"
"14504","KCNE4","protein_coding"
"14505","NUDCD1","protein_coding"
"14506","ACP5","protein_coding"
"14507","KIDINS220","protein_coding"
"14508","GRIP1","protein_coding"
"14509","IL17B","protein_coding"
"14510","SLC36A1","protein_coding"
"14511","MIOS","protein_coding"
"14512","ANKRD46","protein_coding"
"14513","KLK8","protein_coding"
"14514","GLCCI1","protein_coding"
"14515","N4BP2","protein_coding"
"14516","SNX31","protein_coding"
"14517","HPX","protein_coding"
"14518","TBC1D14","protein_coding"
"14519","COL9A1","protein_coding"
"14520","RNF145","protein_coding"
"14521","PABPC1","protein_coding"
"14522","CNTN5","protein_coding"
"14523","SUMF2","protein_coding"
"14524","TXNRD1","protein_coding"
"14525","CFAP184","protein_coding"
"14526","TADA2B","protein_coding"
"14527","GRPEL1","protein_coding"
"14528","CCDC17","protein_coding"
"14529","PSAPL1","protein_coding"
"14530","RAB33B","protein_coding"
"14531","TIFA","protein_coding"
"14532","MSANTD5","protein_coding"
"14533","NAV2","protein_coding"
"14534","GRIA2","protein_coding"
"14535","WWC1","protein_coding"
"14536","GPBP1L1","protein_coding"
"14537","YIPF4","protein_coding"
"14538","OVCH1","protein_coding"
"14539","TTC27","protein_coding"
"14540","SLC26A8","protein_coding"
"14541","PHKG1","protein_coding"
"14542","TMEM69","protein_coding"
"14543","SLC12A4","protein_coding"
"14544","SLC39A1","protein_coding"
"14545","MVK","protein_coding"
"14546","KLK15","protein_coding"
"14547","CHCHD2","protein_coding"
"14548","RARS1","protein_coding"
"14549","NUPR2","protein_coding"
"14550","SERBP1","protein_coding"
"14551","MRPS22","protein_coding"
"14552","CFAP144P1","protein_coding"
"14553","GUSB","protein_coding"
"14554","PROSER3","protein_coding"
"14555","EYA4","protein_coding"
"14556","EMC2","protein_coding"
"14557","ASL","protein_coding"
"14558","FBLL1","protein_coding"
"14559","PANK3","protein_coding"
"14560","KCNK9","protein_coding"
"14561","TIMELESS","protein_coding"
"14562","CGB1","protein_coding"
"14563","NTF4","protein_coding"
"14564","MIER1","protein_coding"
"14565","SHD","protein_coding"
"14566","OSMR","protein_coding"
"14567","CHRAC1","protein_coding"
"14568","EIF2A","protein_coding"
"14569","TMIGD2","protein_coding"
"14570","STARD5","protein_coding"
"14571","FSD1","protein_coding"
"14572","TMC3","protein_coding"
"14573","EIF3E","protein_coding"
"14574","RICTOR","protein_coding"
"14575","STAT2","protein_coding"
"14576","NGRN","protein_coding"
"14577","FAH","protein_coding"
"14578","TMPRSS9","protein_coding"
"14579","NUCB2","protein_coding"
"14580","VILL","protein_coding"
"14581","R3HDM4","protein_coding"
"14582","CRCP","protein_coding"
"14583","SMLR1","protein_coding"
"14584","PDCL2","protein_coding"
"14585","EPB41L2","protein_coding"
"14586","NMU","protein_coding"
"14587","KISS1R","protein_coding"
"14588","PANX1","protein_coding"
"14589","DGKD","protein_coding"
"14590","GNAT3","protein_coding"
"14591","GPR83","protein_coding"
"14592","GRM3","protein_coding"
"14593","MRPL3","protein_coding"
"14594","SLC45A1","protein_coding"
"14595","DPP3","protein_coding"
"14596","CTXND1","protein_coding"
"14597","MTERF1","protein_coding"
"14598","DUT","protein_coding"
"14599","EXOC1L","protein_coding"
"14600","GMIP","protein_coding"
"14601","KIF17","protein_coding"
"14602","EXOC1","protein_coding"
"14603","TFPI2","protein_coding"
"14604","TNFRSF1A","protein_coding"
"14605","MAZ","protein_coding"
"14606","GNG11","protein_coding"
"14607","BET1","protein_coding"
"14608","CPNE4","protein_coding"
"14609","NPY","protein_coding"
"14610","CYCS","protein_coding"
"14611","NEB","protein_coding"
"14612","SPMIP4","protein_coding"
"14613","UCHL5","protein_coding"
"14614","RFX7","protein_coding"
"14615","ZNF263","protein_coding"
"14616","ATP13A1","protein_coding"
"14617","CEP135","protein_coding"
"14618","NPVF","protein_coding"
"14619","NT5C3A","protein_coding"
"14620","BMAL2","protein_coding"
"14621","SORBS2","protein_coding"
"14622","C11orf91","protein_coding"
"14623","FBXO3","protein_coding"
"14624","VWA3A","protein_coding"
"14625","MATCAP2","protein_coding"
"14626","ZNF101","protein_coding"
"14627","ZNF14","protein_coding"
"14628","VWA5B2","protein_coding"
"14629","ANLN","protein_coding"
"14630","LPAR2","protein_coding"
"14631","RPS20","protein_coding"
"14632","RTN2","protein_coding"
"14633","SDR42E2","protein_coding"
"14634","NSD1","protein_coding"
"14635","CLEC18A","protein_coding"
"14636","IHO1","protein_coding"
"14637","PLEKHA2","protein_coding"
"14638","OR5B12","protein_coding"
"14639","OR51V1","protein_coding"
"14640","TMEM202","protein_coding"
"14641","SRD5A1","protein_coding"
"14642","MYH15","protein_coding"
"14643","AMPD3","protein_coding"
"14644","AOAH","protein_coding"
"14645","HEXA","protein_coding"
"14646","SMIM1","protein_coding"
"14647","HTRA4","protein_coding"
"14648","ZNF664","protein_coding"
"14649","RNF19B","protein_coding"
"14650","TM2D2","protein_coding"
"14651","OPA3","protein_coding"
"14652","GPR4","protein_coding"
"14653","ZNF582","protein_coding"
"14654","KCNH3","protein_coding"
"14655","GMEB1","protein_coding"
"14656","PODXL2","protein_coding"
"14657","TP53TG3F","protein_coding"
"14658","HSPB1","protein_coding"
"14659","ZNF846","protein_coding"
"14660","ABTB1","protein_coding"
"14661","FAM220A","protein_coding"
"14662","IGHV3OR16-17","protein_coding"
"14663","TMED4","protein_coding"
"14664","MCRS1","protein_coding"
"14665","BET1L","protein_coding"
"14666","CC2D1B","protein_coding"
"14667","SPDYE3","protein_coding"
"14668","WWP2","protein_coding"
"14669","PDE4D","protein_coding"
"14670","HUS1","protein_coding"
"14671","INPP4B","protein_coding"
"14672","GAS2","protein_coding"
"14673","MOGS","protein_coding"
"14674","JAK3","protein_coding"
"14675","KBTBD12","protein_coding"
"14676","IL1R2","protein_coding"
"14677","MGLL","protein_coding"
"14678","DAB1","protein_coding"
"14679","TERF1","protein_coding"
"14680","H2AX","protein_coding"
"14681","CLDN15","protein_coding"
"14682","APLNR","protein_coding"
"14683","HTR3B","protein_coding"
"14684","RPL18A","protein_coding"
"14685","GGH","protein_coding"
"14686","WDR12","protein_coding"
"14687","HCLS1","protein_coding"
"14688","LRRC8B","protein_coding"
"14689","FIS1","protein_coding"
"14690","BTBD8","protein_coding"
"14691","FYN","protein_coding"
"14692","PRPF40B","protein_coding"
"14693","IFITM2","protein_coding"
"14694","TP53TG3C","protein_coding"
"14695","CSPP1","protein_coding"
"14696","IFT22","protein_coding"
"14697","NPIPA8","protein_coding"
"14698","SLC5A5","protein_coding"
"14699","ZNF710","protein_coding"
"14700","SUMO1","protein_coding"
"14701","ANAPC15","protein_coding"
"14702","IDH2","protein_coding"
"14703","ZC3H11A","protein_coding"
"14704","IQCB1","protein_coding"
"14705","ZNF44","protein_coding"
"14706","NOMO2","protein_coding"
"14707","FAM149A","protein_coding"
"14708","PTPRZ1","protein_coding"
"14709","ZNF774","protein_coding"
"14710","FAM186B","protein_coding"
"14711","NOP58","protein_coding"
"14712","IQGAP1","protein_coding"
"14713","FMNL3","protein_coding"
"14714","EAF2","protein_coding"
"14715","SLC15A2","protein_coding"
"14716","BMPR2","protein_coding"
"14717","KAT6A","protein_coding"
"14718","ARL6IP4","protein_coding"
"14719","FAM117B","protein_coding"
"14720","PRDM8","protein_coding"
"14721","GP5","protein_coding"
"14722","CAP1","protein_coding"
"14723","MYLK","protein_coding"
"14724","ZNF512","protein_coding"
"14725","SPINT1","protein_coding"
"14726","FGF5","protein_coding"
"14727","CC2D2A","protein_coding"
"14728","CADPS2","protein_coding"
"14729","CCDC121","protein_coding"
"14730","GPN1","protein_coding"
"14731","C1S","protein_coding"
"14732","CLK3","protein_coding"
"14733","PLAT","protein_coding"
"14734","DEPDC1B","protein_coding"
"14735","CDV3","protein_coding"
"14736","HOXC13","protein_coding"
"14737","SUPT7L","protein_coding"
"14738","HOXC12","protein_coding"
"14739","EPHB2","protein_coding"
"14740","SRCAP","protein_coding"
"14741","HOXC11","protein_coding"
"14742","POU2AF1","protein_coding"
"14743","HOXC10","protein_coding"
"14744","TOPBP1","protein_coding"
"14745","HIF3A","protein_coding"
"14746","HOXC6","protein_coding"
"14747","FLYWCH2","protein_coding"
"14748","HOXC9","protein_coding"
"14749","CALML4","protein_coding"
"14750","RNF133","protein_coding"
"14751","RNF148","protein_coding"
"14752","ADRA2B","protein_coding"
"14753","HOXC8","protein_coding"
"14754","LAYN","protein_coding"
"14755","TAS2R16","protein_coding"
"14756","SLC13A1","protein_coding"
"14757","MAP4K3","protein_coding"
"14758","TGFBI","protein_coding"
"14759","SH2D7","protein_coding"
"14760","MYO1H","protein_coding"
"14761","NPIPB9","protein_coding"
"14762","NAA15","protein_coding"
"14763","NPIPB12","protein_coding"
"14764","SERINC4","protein_coding"
"14765","NINJ2","protein_coding"
"14766","NOL3","protein_coding"
"14767","FKBP4","protein_coding"
"14768","SIK2","protein_coding"
"14769","TBC1D2B","protein_coding"
"14770","SPINK8","protein_coding"
"14771","VPS35L","protein_coding"
"14772","SHOX2","protein_coding"
"14773","BTG4","protein_coding"
"14774","ITFG2","protein_coding"
"14775","HOATZ","protein_coding"
"14776","ATP13A5","protein_coding"
"14777","CDK11B","protein_coding"
"14778","TMEM86A","protein_coding"
"14779","PPP5C","protein_coding"
"14780","IGSF22","protein_coding"
"14781","ANKRD63","protein_coding"
"14782","SMAD5","protein_coding"
"14783","CSK","protein_coding"
"14784","NRIP2","protein_coding"
"14785","ROBO1","protein_coding"
"14786","TEX52","protein_coding"
"14787","FOXM1","protein_coding"
"14788","PTPN5","protein_coding"
"14789","AQP12A","protein_coding"
"14790","POLB","protein_coding"
"14791","SPMAP2L","protein_coding"
"14792","IMMT","protein_coding"
"14793","SPINK2","protein_coding"
"14794","RHNO1","protein_coding"
"14795","GDPGP1","protein_coding"
"14796","CCDC8","protein_coding"
"14797","SMIM32","protein_coding"
"14798","TULP3","protein_coding"
"14799","FAM90A27P","protein_coding"
"14800","GALNTL6","protein_coding"
"14801","ZSCAN4","protein_coding"
"14802","CCNH","protein_coding"
"14803","FEM1A","protein_coding"
"14804","TICAM1","protein_coding"
"14805","PLIN3","protein_coding"
"14806","UNC13C","protein_coding"
"14807","C3orf49","protein_coding"
"14808","ZNF732","protein_coding"
"14809","MRGPRX2","protein_coding"
"14810","MRGPRX1","protein_coding"
"14811","ZNF141","protein_coding"
"14812","OR5H15","protein_coding"
"14813","KCNMB2","protein_coding"
"14814","JAM3","protein_coding"
"14815","TEAD4","protein_coding"
"14816","ZNF721","protein_coding"
"14817","UHRF1","protein_coding"
"14818","SRGAP3","protein_coding"
"14819","PEAK1","protein_coding"
"14820","GYPB","protein_coding"
"14821","SPSB3","protein_coding"
"14822","DKK4","protein_coding"
"14823","ATOSA","protein_coding"
"14824","VDAC3","protein_coding"
"14825","TSPAN9","protein_coding"
"14826","VPS26B","protein_coding"
"14827","PRMT8","protein_coding"
"14828","UGT2B28","protein_coding"
"14829","PARP8","protein_coding"
"14830","CLK1","protein_coding"
"14831","GRM1","protein_coding"
"14832","CAPS2","protein_coding"
"14833","THYN1","protein_coding"
"14834","CPNE9","protein_coding"
"14835","UQCR11","protein_coding"
"14836","KIFC3","protein_coding"
"14837","UGT2B4","protein_coding"
"14838","TRMT12","protein_coding"
"14839","WDR88","protein_coding"
"14840","CAB39","protein_coding"
"14841","UGT2A1","protein_coding"
"14842","DUOXA1","protein_coding"
"14843","LRP3","protein_coding"
"14844","ZNF445","protein_coding"
"14845","XIRP2","protein_coding"
"14846","SLC7A10","protein_coding"
"14847","CTBP1","protein_coding"
"14848","NKTR","protein_coding"
"14849","ACAD8","protein_coding"
"14850","CEBPG","protein_coding"
"14851","RAB32","protein_coding"
"14852","LINGO3","protein_coding"
"14853","PRODH2","protein_coding"
"14854","HMGN3","protein_coding"
"14855","SMCO2","protein_coding"
"14856","UNG","protein_coding"
"14857","PET100","protein_coding"
"14858","ACOT11","protein_coding"
"14859","PLG","protein_coding"
"14860","ATF2","protein_coding"
"14861","STXBP2","protein_coding"
"14862","GLB1L3","protein_coding"
"14863","RASA2","protein_coding"
"14864","IMP3","protein_coding"
"14865","B3GAT2","protein_coding"
"14866","AKR1A1","protein_coding"
"14867","AKAP7","protein_coding"
"14868","OR8S1","protein_coding"
"14869","OGFOD2","protein_coding"
"14870","OR52E5","protein_coding"
"14871","CFAP299","protein_coding"
"14872","TAFA1","protein_coding"
"14873","NDUFB9","protein_coding"
"14874","SELENOK","protein_coding"
"14875","BMP3","protein_coding"
"14876","PRKG2","protein_coding"
"14877","SCAP","protein_coding"
"14878","PCMT1","protein_coding"
"14879","MTSS1","protein_coding"
"14880","PEPD","protein_coding"
"14881","PATL2","protein_coding"
"14882","BMPR1B","protein_coding"
"14883","SH2B1","protein_coding"
"14884","SHANK2","protein_coding"
"14885","VEGFA","protein_coding"
"14886","OR4F3","protein_coding"
"14887","GOLGA8B","protein_coding"
"14888","SHISA5","protein_coding"
"14889","TAF11L5","protein_coding"
"14890","TAF11L3","protein_coding"
"14891","TAF11L7","protein_coding"
"14892","TAF11L8","protein_coding"
"14893","OR5BS1P","protein_coding"
"14894","TAF11L13","protein_coding"
"14895","TAF11L4","protein_coding"
"14896","TAF11L6","protein_coding"
"14897","TAF11L10","protein_coding"
"14898","POLE","protein_coding"
"14899","TAF11L9","protein_coding"
"14900","TAF11L2","protein_coding"
"14901","TAF11L14","protein_coding"
"14902","APC","protein_coding"
"14903","FTO","protein_coding"
"14904","UNC5C","protein_coding"
"14905","CCDC174","protein_coding"
"14906","TMCO5A","protein_coding"
"14907","IZUMO1R","protein_coding"
"14908","PHF7","protein_coding"
"14909","NCAPD3","protein_coding"
"14910","EIF4E","protein_coding"
"14911","GOLGA6L4","protein_coding"
"14912","CPPED1","protein_coding"
"14913","GSR","protein_coding"
"14914","DIS3L","protein_coding"
"14915","CTSK","protein_coding"
"14916","SHISA9","protein_coding"
"14917","NIF3L1","protein_coding"
"14918","LNPEP","protein_coding"
"14919","HMGB4","protein_coding"
"14920","NPIPB7","protein_coding"
"14921","TRIM62","protein_coding"
"14922","WWOX","protein_coding"
"14923","METAP1","protein_coding"
"14924","WDR6","protein_coding"
"14925","LMBR1L","protein_coding"
"14926","CYP20A1","protein_coding"
"14927","CTSS","protein_coding"
"14928","TIPIN","protein_coding"
"14929","LIX1","protein_coding"
"14930","SHCBP1","protein_coding"
"14931","ADH5","protein_coding"
"14932","IL31RA","protein_coding"
"14933","MAP2K1","protein_coding"
"14934","VPS35","protein_coding"
"14935","TKT","protein_coding"
"14936","UBXN8","protein_coding"
"14937","FAM187B","protein_coding"
"14938","ADH4","protein_coding"
"14939","USF2","protein_coding"
"14940","ORC6","protein_coding"
"14941","LIN9","protein_coding"
"14942","OS9","protein_coding"
"14943","PPP2CB","protein_coding"
"14944","NCKAP5","protein_coding"
"14945","SNAPC5","protein_coding"
"14946","ADH6","protein_coding"
"14947","MYLK3","protein_coding"
"14948","RPL4","protein_coding"
"14949","THAP4","protein_coding"
"14950","ABHD14A","protein_coding"
"14951","TEX15","protein_coding"
"14952","ADH1A","protein_coding"
"14953","CHST13","protein_coding"
"14954","TNIP1","protein_coding"
"14955","C16orf87","protein_coding"
"14956","ADH1B","protein_coding"
"14957","CIP2A","protein_coding"
"14958","POTEE","protein_coding"
"14959","TMEM71","protein_coding"
"14960","GPT2","protein_coding"
"14961","ADH1C","protein_coding"
"14962","DNAJA2","protein_coding"
"14963","RBMXL1","protein_coding"
"14964","CRBN","protein_coding"
"14965","CFLAR","protein_coding"
"14966","ZWILCH","protein_coding"
"14967","HAMP","protein_coding"
"14968","GBP1","protein_coding"
"14969","DHCR7","protein_coding"
"14970","PACRGL","protein_coding"
"14971","MAG","protein_coding"
"14972","NKAIN3","protein_coding"
"14973","KRBOX5","protein_coding"
"14974","DENND3","protein_coding"
"14975","GBP2","protein_coding"
"14976","ZDHHC21","protein_coding"
"14977","CNTN3","protein_coding"
"14978","TPD52L3","protein_coding"
"14979","UHRF2","protein_coding"
"14980","GBP7","protein_coding"
"14981","KREMEN2","protein_coding"
"14982","GBP4","protein_coding"
"14983","LEKR1","protein_coding"
"14984","AHDC1","protein_coding"
"14985","DDX23","protein_coding"
"14986","LSR","protein_coding"
"14987","ADPRH","protein_coding"
"14988","MAP3K7","protein_coding"
"14989","IQANK1","protein_coding"
"14990","DNAH12","protein_coding"
"14991","SETD1A","protein_coding"
"14992","SAMD12","protein_coding"
"14993","FGR","protein_coding"
"14994","FPGS","protein_coding"
"14995","FOXRED1","protein_coding"
"14996","RBMS1","protein_coding"
"14997","EMG1","protein_coding"
"14998","SLC39A14","protein_coding"
"14999","TSPAN4","protein_coding"
"15000","POLR2H","protein_coding"
"15001","BRD7","protein_coding"
"15002","GOLGA8H","protein_coding"
"15003","IFI6","protein_coding"
"15004","NPM2","protein_coding"
"15005","SLC24A5","protein_coding"
"15006","INSIG2","protein_coding"
"15007","CTXN2","protein_coding"
"15008","EP400","protein_coding"
"15009","SLC12A1","protein_coding"
"15010","SNRNP25","protein_coding"
"15011","THSD7B","protein_coding"
"15012","CEACAM5","protein_coding"
"15013","IFI44L","protein_coding"
"15014","SELENOI","protein_coding"
"15015","FGF17","protein_coding"
"15016","WFIKKN1","protein_coding"
"15017","METTL26","protein_coding"
"15018","SPAG16","protein_coding"
"15019","CEACAM6","protein_coding"
"15020","ADGB","protein_coding"
"15021","FHIP2B","protein_coding"
"15022","CEACAM3","protein_coding"
"15023","CYB561D1","protein_coding"
"15024","DNM1L","protein_coding"
"15025","AMIGO1","protein_coding"
"15026","GNAT2","protein_coding"
"15027","LYPD4","protein_coding"
"15028","EFHD1","protein_coding"
"15029","FBXL16","protein_coding"
"15030","DMRTC2","protein_coding"
"15031","PTGS2","protein_coding"
"15032","MST1","protein_coding"
"15033","MSLNL","protein_coding"
"15034","TAF10","protein_coding"
"15035","RPUSD1","protein_coding"
"15036","HR","protein_coding"
"15037","POTEI","protein_coding"
"15038","SGK1","protein_coding"
"15039","RPS19","protein_coding"
"15040","TMEM216","protein_coding"
"15041","HOPX","protein_coding"
"15042","DENND2B","protein_coding"
"15043","FOXN2","protein_coding"
"15044","DDAH1","protein_coding"
"15045","ERFL","protein_coding"
"15046","KCNK3","protein_coding"
"15047","RABAC1","protein_coding"
"15048","CHTF18","protein_coding"
"15049","NRXN1","protein_coding"
"15050","NGF","protein_coding"
"15051","UTS2B","protein_coding"
"15052","NOC2L","protein_coding"
"15053","SYK","protein_coding"
"15054","ATP1A3","protein_coding"
"15055","TMEM129","protein_coding"
"15056","REEP4","protein_coding"
"15057","UBAP1L","protein_coding"
"15058","CHRNA9","protein_coding"
"15059","RBM47","protein_coding"
"15060","PLEKHN1","protein_coding"
"15061","GNG13","protein_coding"
"15062","SRRM2","protein_coding"
"15063","HES4","protein_coding"
"15064","LGI3","protein_coding"
"15065","ISG15","protein_coding"
"15066","APBB2","protein_coding"
"15067","MRPL37","protein_coding"
"15068","MOBP","protein_coding"
"15069","BMP1","protein_coding"
"15070","SERPINC1","protein_coding"
"15071","TLNRD1","protein_coding"
"15072","COG2","protein_coding"
"15073","NPEPPS","protein_coding"
"15074","ZNF213","protein_coding"
"15075","MED12L","protein_coding"
"15076","GJA1","protein_coding"
"15077","CD79A","protein_coding"
"15078","CCDC88A","protein_coding"
"15079","TRIM72","protein_coding"
"15080","BCL2L12","protein_coding"
"15081","RUSF1","protein_coding"
"15082","CAPN9","protein_coding"
"15083","INAFM2","protein_coding"
"15084","PHGR1","protein_coding"
"15085","DISP2","protein_coding"
"15086","ZNF322","protein_coding"
"15087","BAHD1","protein_coding"
"15088","C1orf198","protein_coding"
"15089","CHST14","protein_coding"
"15090","H2BC4","protein_coding"
"15091","CBLN1","protein_coding"
"15092","IVD","protein_coding"
"15093","PSME3IP1","protein_coding"
"15094","SETD2","protein_coding"
"15095","STXBP5","protein_coding"
"15096","IFI44","protein_coding"
"15097","DNASE2","protein_coding"
"15098","KIF20A","protein_coding"
"15099","TDRD10","protein_coding"
"15100","MYO5A","protein_coding"
"15101","TMEM33","protein_coding"
"15102","TEX38","protein_coding"
"15103","ELOF1","protein_coding"
"15104","SBF2","protein_coding"
"15105","EFCAB14","protein_coding"
"15106","GFRA3","protein_coding"
"15107","CDH5","protein_coding"
"15108","FAM153A","protein_coding"
"15109","CRX","protein_coding"
"15110","ADAMTS3","protein_coding"
"15111","HTR3C","protein_coding"
"15112","TPRX1","protein_coding"
"15113","FCHO1","protein_coding"
"15114","HTR3E","protein_coding"
"15115","PSEN2","protein_coding"
"15116","TLE3","protein_coding"
"15117","IL22RA2","protein_coding"
"15118","AFP","protein_coding"
"15119","RABEP1","protein_coding"
"15120","TERB1","protein_coding"
"15121","PHYHIP","protein_coding"
"15122","TMEM244","protein_coding"
"15123","ARG1","protein_coding"
"15124","POLR3D","protein_coding"
"15125","IFNG","protein_coding"
"15126","AFM","protein_coding"
"15127","NAE1","protein_coding"
"15128","ABCF3","protein_coding"
"15129","PPEF2","protein_coding"
"15130","RPAIN","protein_coding"
"15131","IL26","protein_coding"
"15132","FAM153CP","protein_coding"
"15133","IL22","protein_coding"
"15134","FCRLA","protein_coding"
"15135","MED23","protein_coding"
"15136","MDM1","protein_coding"
"15137","F11","protein_coding"
"15138","PIWIL2","protein_coding"
"15139","DUSP12","protein_coding"
"15140","ASCL3","protein_coding"
"15141","OR51F1","protein_coding"
"15142","TRAF5","protein_coding"
"15143","C1QBP","protein_coding"
"15144","ABLIM2","protein_coding"
"15145","DHX33","protein_coding"
"15146","SETD5","protein_coding"
"15147","RFLNA","protein_coding"
"15148","CDO1","protein_coding"
"15149","SLC30A1","protein_coding"
"15150","HOXC4","protein_coding"
"15151","RD3","protein_coding"
"15152","POU2AF2","protein_coding"
"15153","HOXC5","protein_coding"
"15154","SMUG1","protein_coding"
"15155","POU2AF3","protein_coding"
"15156","ATG12","protein_coding"
"15157","ATF6","protein_coding"
"15158","ACOX3","protein_coding"
"15159","DDX10","protein_coding"
"15160","DERL2","protein_coding"
"15161","ENPP3","protein_coding"
"15162","AP3S1","protein_coding"
"15163","COX6C","protein_coding"
"15164","RNF26","protein_coding"
"15165","C1QTNF5","protein_coding"
"15166","MIS12","protein_coding"
"15167","MFRP","protein_coding"
"15168","NUP88","protein_coding"
"15169","SMIM10L1","protein_coding"
"15170","TMDD1","protein_coding"
"15171","SCN8A","protein_coding"
"15172","USP2","protein_coding"
"15173","PRRC1","protein_coding"
"15174","RABGGTB","protein_coding"
"15175","RMDN1","protein_coding"
"15176","CA7","protein_coding"
"15177","PDP2","protein_coding"
"15178","ABHD18","protein_coding"
"15179","RRAD","protein_coding"
"15180","PDGFC","protein_coding"
"15181","CIBAR2","protein_coding"
"15182","THY1","protein_coding"
"15183","MSH4","protein_coding"
"15184","TAF11L11","protein_coding"
"15185","TAF11L12","protein_coding"
"15186","TRIM61","protein_coding"
"15187","CPNE3","protein_coding"
"15188","DENND1B","protein_coding"
"15189","DRC12","protein_coding"
"15190","HYDIN","protein_coding"
"15191","MYEOV","protein_coding"
"15192","CCND1","protein_coding"
"15193","DHX40","protein_coding"
"15194","ABCC5","protein_coding"
"15195","LTO1","protein_coding"
"15196","SLC35A4","protein_coding"
"15197","LIMCH1","protein_coding"
"15198","SLC6A12","protein_coding"
"15199","SYCP2L","protein_coding"
"15200","CNGB3","protein_coding"
"15201","IRX1","protein_coding"
"15202","SOST","protein_coding"
"15203","DUSP3","protein_coding"
"15204","CRB1","protein_coding"
"15205","CENPK","protein_coding"
"15206","CFAP97D1","protein_coding"
"15207","FGF19","protein_coding"
"15208","MPP3","protein_coding"
"15209","NEDD9","protein_coding"
"15210","FGF4","protein_coding"
"15211","CXCR5","protein_coding"
"15212","SFTPC","protein_coding"
"15213","BCL9L","protein_coding"
"15214","UPK2","protein_coding"
"15215","DNAH8","protein_coding"
"15216","FOXR1","protein_coding"
"15217","FAP","protein_coding"
"15218","CD300LG","protein_coding"
"15219","SLC6A13","protein_coding"
"15220","HMBS","protein_coding"
"15221","MPL","protein_coding"
"15222","ABRA","protein_coding"
"15223","CDRT4","protein_coding"
"15224","FZD3","protein_coding"
"15225","PPWD1","protein_coding"
"15226","TVP23C-CDRT4","protein_coding"
"15227","KDM5A","protein_coding"
"15228","TVP23C","protein_coding"
"15229","CDC20","protein_coding"
"15230","ARNT2","protein_coding"
"15231","INTS9","protein_coding"
"15232","CACNA1H","protein_coding"
"15233","CUL3","protein_coding"
"15234","HTR3D","protein_coding"
"15235","DVL3","protein_coding"
"15236","CCDC77","protein_coding"
"15237","ELOVL1","protein_coding"
"15238","SNRPA1","protein_coding"
"15239","TRIM23","protein_coding"
"15240","MYT1L","protein_coding"
"15241","ZFAND3","protein_coding"
"15242","AP2M1","protein_coding"
"15243","SOX5","protein_coding"
"15244","IKBKB","protein_coding"
"15245","CYP1A1","protein_coding"
"15246","BTBD9","protein_coding"
"15247","TRAPPC13","protein_coding"
"15248","MED8","protein_coding"
"15249","TGM5","protein_coding"
"15250","GLO1","protein_coding"
"15251","GOLGA6B","protein_coding"
"15252","SLC22A2","protein_coding"
"15253","AMPD2","protein_coding"
"15254","SLC22A3","protein_coding"
"15255","ATP10A","protein_coding"
"15256","LPA","protein_coding"
"15257","SHLD3","protein_coding"
"15258","MAP3K4","protein_coding"
"15259","SGTB","protein_coding"
"15260","ACTRT3","protein_coding"
"15261","MYNN","protein_coding"
"15262","DELE1","protein_coding"
"15263","PMCH","protein_coding"
"15264","KNSTRN","protein_coding"
"15265","LRRC34","protein_coding"
"15266","IGF1","protein_coding"
"15267","PCDH12","protein_coding"
"15268","SYT1","protein_coding"
"15269","RNF14","protein_coding"
"15270","SLC22A25","protein_coding"
"15271","LRRC31","protein_coding"
"15272","ASPM","protein_coding"
"15273","CHD3","protein_coding"
"15274","CELF1","protein_coding"
"15275","LYSMD4","protein_coding"
"15276","SAMD7","protein_coding"
"15277","MCTP2","protein_coding"
"15278","OXR1","protein_coding"
"15279","SEC62","protein_coding"
"15280","GNPDA1","protein_coding"
"15281","FPR1","protein_coding"
"15282","ZNF550","protein_coding"
"15283","MAPK6","protein_coding"
"15284","TPRX2","protein_coding"
"15285","SULT2A1","protein_coding"
"15286","GPR160","protein_coding"
"15287","ACTMAP","protein_coding"
"15288","ARHGAP11A-SCG5","protein_coding"
"15289","TPSG1","protein_coding"
"15290","GOLGA8M","protein_coding"
"15291","TPSB2","protein_coding"
"15292","NDFIP1","protein_coding"
"15293","AGPAT4","protein_coding"
"15294","LRRIQ4","protein_coding"
"15295","SMIM38","protein_coding"
"15296","SHF","protein_coding"
"15297","MS4A1","protein_coding"
"15298","SNRPA","protein_coding"
"15299","TEX264","protein_coding"
"15300","SPRY4","protein_coding"
"15301","FMNL1","protein_coding"
"15302","FGF1","protein_coding"
"15303","TPSAB1","protein_coding"
"15304","PRKN","protein_coding"
"15305","TPSD1","protein_coding"
"15306","ANKLE2","protein_coding"
"15307","PACRG","protein_coding"
"15308","GOLGA6L7","protein_coding"
"15309","GLYATL1","protein_coding"
"15310","NR2E3","protein_coding"
"15311","MIA","protein_coding"
"15312","GRM2","protein_coding"
"15313","UBE2I","protein_coding"
"15314","PGAM5","protein_coding"
"15315","ITPKC","protein_coding"
"15316","CRTC3","protein_coding"
"15317","IQCF6","protein_coding"
"15318","NCBP2","protein_coding"
"15319","HNRNPA0","protein_coding"
"15320","SUPT3H","protein_coding"
"15321","SMIM35","protein_coding"
"15322","WDR70","protein_coding"
"15323","MAST1","protein_coding"
"15324","NT5DC4","protein_coding"
"15325","TMEM138","protein_coding"
"15326","NCBP2AS2","protein_coding"
"15327","CD2AP","protein_coding"
"15328","PIGZ","protein_coding"
"15329","POC1B","protein_coding"
"15330","PDIA3","protein_coding"
"15331","SOS1","protein_coding"
"15332","LMO1","protein_coding"
"15333","TSC22D2","protein_coding"
"15334","GDNF","protein_coding"
"15335","PLA2G4C","protein_coding"
"15336","COL6A6","protein_coding"
"15337","STK33","protein_coding"
"15338","OPN5","protein_coding"
"15339","NUP155","protein_coding"
"15340","POC1B-GALNT4","protein_coding"
"15341","GALNT4","protein_coding"
"15342","ATP2B1","protein_coding"
"15343","SLC16A10","protein_coding"
"15344","MFSD4B","protein_coding"
"15345","RNF212","protein_coding"
"15346","ZNF662","protein_coding"
"15347","C1orf174","protein_coding"
"15348","ZSWIM9","protein_coding"
"15349","SDR16C5","protein_coding"
"15350","REV3L","protein_coding"
"15351","SNRK","protein_coding"
"15352","CARD8","protein_coding"
"15353","CCNE2","protein_coding"
"15354","MYO7B","protein_coding"
"15355","SGSH","protein_coding"
"15356","KCNJ8","protein_coding"
"15357","C4orf50","protein_coding"
"15358","GASK1A","protein_coding"
"15359","GOLGA6L2","protein_coding"
"15360","CARNS1","protein_coding"
"15361","SMIM31","protein_coding"
"15362","BICD1","protein_coding"
"15363","HRH1","protein_coding"
"15364","NLK","protein_coding"
"15365","ANKRD42","protein_coding"
"15366","CNTN1","protein_coding"
"15367","ATG7","protein_coding"
"15368","OR4F21","protein_coding"
"15369","NKX2-6","protein_coding"
"15370","TDRP","protein_coding"
"15371","GOLGA6L25","protein_coding"
"15372","GOLGA6L26","protein_coding"
"15373","LRP12","protein_coding"
"15374","GOLGA6L24","protein_coding"
"15375","ISL2","protein_coding"
"15376","PSMC5","protein_coding"
"15377","OTUD7A","protein_coding"
"15378","MAFA","protein_coding"
"15379","SMARCA5","protein_coding"
"15380","EVX2","protein_coding"
"15381","NAXE","protein_coding"
"15382","MORN2","protein_coding"
"15383","THSD4","protein_coding"
"15384","PCF11","protein_coding"
"15385","ADGRF3","protein_coding"
"15386","RRAGD","protein_coding"
"15387","ANKRD6","protein_coding"
"15388","CDH6","protein_coding"
"15389","ALB","protein_coding"
"15390","TSPAN11","protein_coding"
"15391","TLN2","protein_coding"
"15392","UGT1A10","protein_coding"
"15393","BTBD18","protein_coding"
"15394","VGLL4","protein_coding"
"15395","RAI14","protein_coding"
"15396","MISFA","protein_coding"
"15397","DDX11","protein_coding"
"15398","BCAN","protein_coding"
"15399","COQ10B","protein_coding"
"15400","LGALS9B","protein_coding"
"15401","CCDC141","protein_coding"
"15402","LBHD1","protein_coding"
"15403","ASIC4","protein_coding"
"15404","CWF19L2","protein_coding"
"15405","SULT6B1","protein_coding"
"15406","NES","protein_coding"
"15407","CRABP2","protein_coding"
"15408","DNMT3A","protein_coding"
"15409","BAIAP3","protein_coding"
"15410","C6orf62","protein_coding"
"15411","METTL25B","protein_coding"
"15412","INTS14","protein_coding"
"15413","ARMH2","protein_coding"
"15414","SYNCRIP","protein_coding"
"15415","ZNF114","protein_coding"
"15416","MRPL24","protein_coding"
"15417","PAX6","protein_coding"
"15418","RARB","protein_coding"
"15419","LIG1","protein_coding"
"15420","RTF1","protein_coding"
"15421","PRCC","protein_coding"
"15422","SORCS2","protein_coding"
"15423","MESP1","protein_coding"
"15424","SEMA4B","protein_coding"
"15425","CFAP99","protein_coding"
"15426","RNF11","protein_coding"
"15427","GAB1","protein_coding"
"15428","RNF223","protein_coding"
"15429","C1orf159","protein_coding"
"15430","NUDT2","protein_coding"
"15431","MLPH","protein_coding"
"15432","TMEM131L","protein_coding"
"15433","CCDC9B","protein_coding"
"15434","ATP6V0A1","protein_coding"
"15435","LCTL","protein_coding"
"15436","KLRB1","protein_coding"
"15437","PRPH","protein_coding"
"15438","BAK1","protein_coding"
"15439","MFGE8","protein_coding"
"15440","ITPR3","protein_coding"
"15441","SPATS2","protein_coding"
"15442","TLR2","protein_coding"
"15443","TRMT10C","protein_coding"
"15444","ATP13A3","protein_coding"
"15445","RNF175","protein_coding"
"15446","TTC39A","protein_coding"
"15447","CDHR4","protein_coding"
"15448","SFRP2","protein_coding"
"15449","GNRHR","protein_coding"
"15450","PRLH","protein_coding"
"15451","TMPRSS11D","protein_coding"
"15452","MOB3A","protein_coding"
"15453","RAB17","protein_coding"
"15454","TMEM67","protein_coding"
"15455","STX2","protein_coding"
"15456","CIB1","protein_coding"
"15457","INKA1","protein_coding"
"15458","UBA7","protein_coding"
"15459","PRLR","protein_coding"
"15460","TMPRSS11A","protein_coding"
"15461","FAAP24","protein_coding"
"15462","TEX9","protein_coding"
"15463","UQCC2","protein_coding"
"15464","IP6K3","protein_coding"
"15465","MAPRE3","protein_coding"
"15466","OR7C1","protein_coding"
"15467","GPRIN3","protein_coding"
"15468","EHD4","protein_coding"
"15469","LEMD2","protein_coding"
"15470","PCSK4","protein_coding"
"15471","TRAIP","protein_coding"
"15472","FBXO8","protein_coding"
"15473","SIRT4","protein_coding"
"15474","PLA2G4D","protein_coding"
"15475","PLA2G1B","protein_coding"
"15476","MSI1","protein_coding"
"15477","PLA2G4E","protein_coding"
"15478","TMEM214","protein_coding"
"15479","SRSF9","protein_coding"
"15480","LACTB","protein_coding"
"15481","BICRAL","protein_coding"
"15482","CEP44","protein_coding"
"15483","CDC5L","protein_coding"
"15484","FZD10","protein_coding"
"15485","PDE4C","protein_coding"
"15486","PRIM1","protein_coding"
"15487","RPS27L","protein_coding"
"15488","MEX3B","protein_coding"
"15489","COL21A1","protein_coding"
"15490","CAMKV","protein_coding"
"15491","SAXO2","protein_coding"
"15492","NUDT9","protein_coding"
"15493","AGBL5","protein_coding"
"15494","AEBP2","protein_coding"
"15495","KLF10","protein_coding"
"15496","EFL1","protein_coding"
"15497","SPARCL1","protein_coding"
"15498","OST4","protein_coding"
"15499","OXCT1","protein_coding"
"15500","PLEKHA5","protein_coding"
"15501","SAMD11","protein_coding"
"15502","KCNU1","protein_coding"
"15503","TICRR","protein_coding"
"15504","EMILIN1","protein_coding"
"15505","MON1A","protein_coding"
"15506","ZSCAN5C","protein_coding"
"15507","PINLYP","protein_coding"
"15508","ABHD1","protein_coding"
"15509","MFSD14A","protein_coding"
"15510","KIF7","protein_coding"
"15511","SELENOV","protein_coding"
"15512","RBM6","protein_coding"
"15513","NLRP11","protein_coding"
"15514","SASS6","protein_coding"
"15515","PREB","protein_coding"
"15516","VPS13B","protein_coding"
"15517","DBT","protein_coding"
"15518","PDGFRA","protein_coding"
"15519","FANCI","protein_coding"
"15520","KHDC1","protein_coding"
"15521","VN1R4","protein_coding"
"15522","RERG","protein_coding"
"15523","MRAP2","protein_coding"
"15524","RIMOC1","protein_coding"
"15525","ARHGAP35","protein_coding"
"15526","CEP162","protein_coding"
"15527","PHLDA1","protein_coding"
"15528","PRR30","protein_coding"
"15529","ASB8","protein_coding"
"15530","NPAS1","protein_coding"
"15531","FBXO4","protein_coding"
"15532","TCF23","protein_coding"
"15533","SLC5A6","protein_coding"
"15534","RTCA","protein_coding"
"15535","SOX8","protein_coding"
"15536","SSTR5","protein_coding"
"15537","C1QTNF8","protein_coding"
"15538","BRDT","protein_coding"
"15539","TMEM160","protein_coding"
"15540","CCDC152","protein_coding"
"15541","PAICS","protein_coding"
"15542","ZC3H4","protein_coding"
"15543","CCDC184","protein_coding"
"15544","ZNF641","protein_coding"
"15545","NIM1K","protein_coding"
"15546","GABRR2","protein_coding"
"15547","SAE1","protein_coding"
"15548","TMEM98","protein_coding"
"15549","SCML4","protein_coding"
"15550","ITGA7","protein_coding"
"15551","ARL9","protein_coding"
"15552","CAD","protein_coding"
"15553","NKAIN2","protein_coding"
"15554","C5orf60","protein_coding"
"15555","PPM1K","protein_coding"
"15556","RNF217","protein_coding"
"15557","SULT1A1","protein_coding"
"15558","BASP1","protein_coding"
"15559","OR1F1","protein_coding"
"15560","BBC3","protein_coding"
"15561","HMGCS1","protein_coding"
"15562","SPACA3","protein_coding"
"15563","CCDC9","protein_coding"
"15564","TPD52L1","protein_coding"
"15565","RBM5","protein_coding"
"15566","RPL8","protein_coding"
"15567","INAFM1","protein_coding"
"15568","NACC1","protein_coding"
"15569","CCL28","protein_coding"
"15570","PSMD8","protein_coding"
"15571","TMEM267","protein_coding"
"15572","SLC30A3","protein_coding"
"15573","C5orf34","protein_coding"
"15574","CCDC83","protein_coding"
"15575","KHDRBS1","protein_coding"
"15576","AP3D1","protein_coding"
"15577","DNAJC5G","protein_coding"
"15578","PAIP1","protein_coding"
"15579","SYTL2","protein_coding"
"15580","TRIM54","protein_coding"
"15581","TMEM39B","protein_coding"
"15582","HDDC2","protein_coding"
"15583","UCN","protein_coding"
"15584","MPV17","protein_coding"
"15585","OR10AD1","protein_coding"
"15586","H1-7","protein_coding"
"15587","RIMBP2","protein_coding"
"15588","HEY2","protein_coding"
"15589","CITED2","protein_coding"
"15590","CD86","protein_coding"
"15591","MPC1","protein_coding"
"15592","KPNA6","protein_coding"
"15593","LRRC1","protein_coding"
"15594","MLIP","protein_coding"
"15595","CASR","protein_coding"
"15596","NNT","protein_coding"
"15597","CCDC28B","protein_coding"
"15598","FHIP1A","protein_coding"
"15599","RHOV","protein_coding"
"15600","SCN9A","protein_coding"
"15601","VPS18","protein_coding"
"15602","CDK5R1","protein_coding"
"15603","NCOR2","protein_coding"
"15604","DLL4","protein_coding"
"15605","MYO1D","protein_coding"
"15606","GATB","protein_coding"
"15607","CSTA","protein_coding"
"15608","CHAC1","protein_coding"
"15609","DDX20","protein_coding"
"15610","MIX23","protein_coding"
"15611","INO80","protein_coding"
"15612","FAM162A","protein_coding"
"15613","ANGPTL6","protein_coding"
"15614","RELB","protein_coding"
"15615","COMMD5","protein_coding"
"15616","WDR5B","protein_coding"
"15617","KPNA1","protein_coding"
"15618","OGFRL1","protein_coding"
"15619","ZNF250","protein_coding"
"15620","VEGFC","protein_coding"
"15621","CIMIP3","protein_coding"
"15622","CLASRP","protein_coding"
"15623","ATRAID","protein_coding"
"15624","ARID1B","protein_coding"
"15625","NEIL3","protein_coding"
"15626","MYO15B","protein_coding"
"15627","AGA","protein_coding"
"15628","RPL5","protein_coding"
"15629","TMEM237","protein_coding"
"15630","ANKS1B","protein_coding"
"15631","SCPPPQ1","protein_coding"
"15632","ZNF16","protein_coding"
"15633","RCN2","protein_coding"
"15634","PPBP","protein_coding"
"15635","PARP9","protein_coding"
"15636","DIPK1A","protein_coding"
"15637","ARL6IP6","protein_coding"
"15638","MROH1","protein_coding"
"15639","TSPAN3","protein_coding"
"15640","TRIM2","protein_coding"
"15641","MTF2","protein_coding"
"15642","ZNF296","protein_coding"
"15643","GEMIN7","protein_coding"
"15644","MYO18A","protein_coding"
"15645","TBC1D17","protein_coding"
"15646","PSTPIP1","protein_coding"
"15647","DTX3L","protein_coding"
"15648","PARP15","protein_coding"
"15649","PALB2","protein_coding"
"15650","EMC3","protein_coding"
"15651","GNAO1","protein_coding"
"15652","NUP62","protein_coding"
"15653","NUDCD2","protein_coding"
"15654","SRPRB","protein_coding"
"15655","SH2D5","protein_coding"
"15656","EXT1","protein_coding"
"15657","CCPG1","protein_coding"
"15658","TMEM167A","protein_coding"
"15659","DCBLD2","protein_coding"
"15660","NUP160","protein_coding"
"15661","TNFAIP3","protein_coding"
"15662","ZEB2","protein_coding"
"15663","ECE1","protein_coding"
"15664","TXK","protein_coding"
"15665","TMEM161B","protein_coding"
"15666","IZUMO2","protein_coding"
"15667","SLC35B3","protein_coding"
"15668","VPS4A","protein_coding"
"15669","U2AF2","protein_coding"
"15670","SH3BP2","protein_coding"
"15671","ST3GAL6","protein_coding"
"15672","HOXB1","protein_coding"
"15673","RAB27A","protein_coding"
"15674","MIP","protein_coding"
"15675","HOXB2","protein_coding"
"15676","HOXB3","protein_coding"
"15677","SPRYD4","protein_coding"
"15678","GLS2","protein_coding"
"15679","TSC2","protein_coding"
"15680","TBC1D32","protein_coding"
"15681","MAP3K10","protein_coding"
"15682","HOXB4","protein_coding"
"15683","HOXB5","protein_coding"
"15684","HOXB6","protein_coding"
"15685","HOXB7","protein_coding"
"15686","HOXB8","protein_coding"
"15687","HOXB9","protein_coding"
"15688","TTC9B","protein_coding"
"15689","ADORA2B","protein_coding"
"15690","CCNP","protein_coding"
"15691","ZSWIM7","protein_coding"
"15692","AKT2","protein_coding"
"15693","FAM98B","protein_coding"
"15694","CHIC2","protein_coding"
"15695","SUSD4","protein_coding"
"15696","GSX2","protein_coding"
"15697","RASGRP1","protein_coding"
"15698","NAAA","protein_coding"
"15699","ENC1","protein_coding"
"15700","TTC19","protein_coding"
"15701","HEXB","protein_coding"
"15702","FYCO1","protein_coding"
"15703","RBMS2","protein_coding"
"15704","HERC3","protein_coding"
"15705","NCOR1","protein_coding"
"15706","CCDC185","protein_coding"
"15707","LRRIQ3","protein_coding"
"15708","NAP1L5","protein_coding"
"15709","MAGI1","protein_coding"
"15710","TNNI3K","protein_coding"
"15711","PLAC8","protein_coding"
"15712","ANKRD36C","protein_coding"
"15713","LMNTD1","protein_coding"
"15714","SMURF1","protein_coding"
"15715","UBTF","protein_coding"
"15716","GFM2","protein_coding"
"15717","GSG1","protein_coding"
"15718","ACMSD","protein_coding"
"15719","GSTA5","protein_coding"
"15720","MAP3K19","protein_coding"
"15721","LRRC53","protein_coding"
"15722","SESN1","protein_coding"
"15723","ERICH3","protein_coding"
"15724","OR2AE1","protein_coding"
"15725","SENP1","protein_coding"
"15726","TPD52","protein_coding"
"15727","AZGP1","protein_coding"
"15728","CCNI","protein_coding"
"15729","CRYZ","protein_coding"
"15730","CEP57L1","protein_coding"
"15731","PSD2","protein_coding"
"15732","PLEKHA8","protein_coding"
"15733","PFKM","protein_coding"
"15734","MRPL36","protein_coding"
"15735","PCARE","protein_coding"
"15736","NDUFS6","protein_coding"
"15737","FBLN7","protein_coding"
"15738","C19orf47","protein_coding"
"15739","IRX4","protein_coding"
"15740","TYW3","protein_coding"
"15741","ROPN1","protein_coding"
"15742","ZC3H8","protein_coding"
"15743","MTURN","protein_coding"
"15744","BLVRB","protein_coding"
"15745","SCN7A","protein_coding"
"15746","FPGT-TNNI3K","protein_coding"
"15747","CFAP20DC","protein_coding"
"15748","EXOC4","protein_coding"
"15749","TTLL13","protein_coding"
"15750","KCTD21","protein_coding"
"15751","TAOK1","protein_coding"
"15752","FAT2","protein_coding"
"15753","SPPL2A","protein_coding"
"15754","USP35","protein_coding"
"15755","MYBL1","protein_coding"
"15756","AOX1","protein_coding"
"15757","FXR2","protein_coding"
"15758","MSX2","protein_coding"
"15759","GAB2","protein_coding"
"15760","CFAP92","protein_coding"
"15761","PPP2CA","protein_coding"
"15762","ADAP1","protein_coding"
"15763","SORBS3","protein_coding"
"15764","DCLK3","protein_coding"
"15765","ATP5MG","protein_coding"
"15766","ACOX1","protein_coding"
"15767","CCR5","protein_coding"
"15768","GCNT3","protein_coding"
"15769","SETMAR","protein_coding"
"15770","MYB","protein_coding"
"15771","NARS2","protein_coding"
"15772","GTF2A2","protein_coding"
"15773","DPPA4","protein_coding"
"15774","DNMT1","protein_coding"
"15775","AP3B1","protein_coding"
"15776","BZW1","protein_coding"
"15777","OBSCN","protein_coding"
"15778","RAB37","protein_coding"
"15779","TCTA","protein_coding"
"15780","CCDC32","protein_coding"
"15781","DNAJB8","protein_coding"
"15782","KCNMB3","protein_coding"
"15783","SPTSSB","protein_coding"
"15784","RPUSD2","protein_coding"
"15785","OTOL1","protein_coding"
"15786","RPUSD3","protein_coding"
"15787","KNL1","protein_coding"
"15788","CLIP4","protein_coding"
"15789","COX19","protein_coding"
"15790","SLC30A8","protein_coding"
"15791","CYP2W1","protein_coding"
"15792","NR2C2","protein_coding"
"15793","CD300LF","protein_coding"
"15794","PKM","protein_coding"
"15795","C7orf50","protein_coding"
"15796","EMSY","protein_coding"
"15797","PTMS","protein_coding"
"15798","GPR146","protein_coding"
"15799","ZNF596","protein_coding"
"15800","TARBP2","protein_coding"
"15801","GPER1","protein_coding"
"15802","NHERF1","protein_coding"
"15803","ZFAND2A","protein_coding"
"15804","NAT9","protein_coding"
"15805","GABRR3","protein_coding"
"15806","UNCX","protein_coding"
"15807","NUP210","protein_coding"
"15808","DPYS","protein_coding"
"15809","ROPN1L","protein_coding"
"15810","TMEM104","protein_coding"
"15811","CIMAP1C","protein_coding"
"15812","HNF1A","protein_coding"
"15813","UBE2Q2","protein_coding"
"15814","ZNF398","protein_coding"
"15815","SYNPO","protein_coding"
"15816","DCSTAMP","protein_coding"
"15817","GRIN2C","protein_coding"
"15818","HDAC11","protein_coding"
"15819","MYOZ3","protein_coding"
"15820","ZNF282","protein_coding"
"15821","KLHL38","protein_coding"
"15822","ANGPT2","protein_coding"
"15823","RBM22","protein_coding"
"15824","TMEM94","protein_coding"
"15825","ZNF212","protein_coding"
"15826","CXCR1","protein_coding"
"15827","INS-IGF2","protein_coding"
"15828","FBXO22","protein_coding"
"15829","ZNF783","protein_coding"
"15830","ARPC2","protein_coding"
"15831","INS","protein_coding"
"15832","DCTN4","protein_coding"
"15833","TH","protein_coding"
"15834","NRG4","protein_coding"
"15835","ZNF384","protein_coding"
"15836","MMD2","protein_coding"
"15837","GPBAR1","protein_coding"
"15838","AAMP","protein_coding"
"15839","SMIM3","protein_coding"
"15840","FBLN2","protein_coding"
"15841","IRGM","protein_coding"
"15842","DOCK6","protein_coding"
"15843","ZNF300","protein_coding"
"15844","ETFA","protein_coding"
"15845","MCPH1","protein_coding"
"15846","H3C13","protein_coding"
"15847","RBAKDN","protein_coding"
"15848","H2AC20","protein_coding"
"15849","H2AC21","protein_coding"
"15850","BOLA1","protein_coding"
"15851","SV2A","protein_coding"
"15852","TMBIM1","protein_coding"
"15853","SF3B4","protein_coding"
"15854","PON2","protein_coding"
"15855","FAM174A","protein_coding"
"15856","GREP1","protein_coding"
"15857","ASCL2","protein_coding"
"15858","C11orf21","protein_coding"
"15859","FCGR1A","protein_coding"
"15860","SERPINI2","protein_coding"
"15861","ACTBL2","protein_coding"
"15862","TSPAN32","protein_coding"
"15863","GPR25","protein_coding"
"15864","NTHL1","protein_coding"
"15865","IQCG","protein_coding"
"15866","KIF21B","protein_coding"
"15867","ARAP3","protein_coding"
"15868","EFNA2","protein_coding"
"15869","FAM110B","protein_coding"
"15870","ADAMTSL5","protein_coding"
"15871","KRAS","protein_coding"
"15872","MEIOB","protein_coding"
"15873","SLC15A4","protein_coding"
"15874","IDO1","protein_coding"
"15875","RPL35A","protein_coding"
"15876","ZNF614","protein_coding"
"15877","DGKZ","protein_coding"
"15878","GLT1D1","protein_coding"
"15879","ZNF432","protein_coding"
"15880","VIL1","protein_coding"
"15881","LMLN","protein_coding"
"15882","ZNF841","protein_coding"
"15883","FUS","protein_coding"
"15884","EFR3A","protein_coding"
"15885","ZNF616","protein_coding"
"15886","NOP2","protein_coding"
"15887","ZNF836","protein_coding"
"15888","PCDH1","protein_coding"
"15889","GOLGA8S","protein_coding"
"15890","ZNF766","protein_coding"
"15891","PNKD","protein_coding"
"15892","NPLOC4","protein_coding"
"15893","FGF10","protein_coding"
"15894","ZNF480","protein_coding"
"15895","GORASP1","protein_coding"
"15896","MRPS30","protein_coding"
"15897","TMEM9","protein_coding"
"15898","ZNF610","protein_coding"
"15899","OC90","protein_coding"
"15900","ZNF880","protein_coding"
"15901","B3GALT1","protein_coding"
"15902","UTP23","protein_coding"
"15903","ZNF528","protein_coding"
"15904","DAPK2","protein_coding"
"15905","NPIPA9","protein_coding"
"15906","AARD","protein_coding"
"15907","RHOBTB2","protein_coding"
"15908","ZNF534","protein_coding"
"15909","PAK6","protein_coding"
"15910","PSMD12","protein_coding"
"15911","IGFN1","protein_coding"
"15912","PPP2R1A","protein_coding"
"15913","ELMOD3","protein_coding"
"15914","TNFRSF10B","protein_coding"
"15915","CACNB1","protein_coding"
"15916","SENP5","protein_coding"
"15917","SAMD13","protein_coding"
"15918","CD3G","protein_coding"
"15919","PKD1L2","protein_coding"
"15920","MELTF","protein_coding"
"15921","TMEM81","protein_coding"
"15922","MTR","protein_coding"
"15923","C2CD4A","protein_coding"
"15924","C2CD4B","protein_coding"
"15925","PIF1","protein_coding"
"15926","CASP1","protein_coding"
"15927","TNFRSF10C","protein_coding"
"15928","ZNF302","protein_coding"
"15929","SRP9","protein_coding"
"15930","PIGS","protein_coding"
"15931","TNFRSF10D","protein_coding"
"15932","NCKAP5L","protein_coding"
"15933","PLEKHO2","protein_coding"
"15934","DLG1","protein_coding"
"15935","TMEM63A","protein_coding"
"15936","TNFRSF10A","protein_coding"
"15937","BCDIN3D","protein_coding"
"15938","FAIM2","protein_coding"
"15939","ANKDD1A","protein_coding"
"15940","CLPB","protein_coding"
"15941","CHMP7","protein_coding"
"15942","ZNF599","protein_coding"
"15943","AQP2","protein_coding"
"15944","GOLGA8K","protein_coding"
"15945","AQP5","protein_coding"
"15946","CAPG","protein_coding"
"15947","LEFTY1","protein_coding"
"15948","AQP6","protein_coding"
"15949","ZNF253","protein_coding"
"15950","HHLA1","protein_coding"
"15951","LEFTY2","protein_coding"
"15952","ZFP30","protein_coding"
"15953","RACGAP1","protein_coding"
"15954","RGMA","protein_coding"
"15955","KIFC2","protein_coding"
"15956","EPHX1","protein_coding"
"15957","ZNF577","protein_coding"
"15958","BNIP2","protein_coding"
"15959","FOXH1","protein_coding"
"15960","SRM","protein_coding"
"15961","PPP1R16A","protein_coding"
"15962","CSNK1D","protein_coding"
"15963","NXPE2","protein_coding"
"15964","HDDC3","protein_coding"
"15965","NXPE1","protein_coding"
"15966","EXOSC10","protein_coding"
"15967","UNC45A","protein_coding"
"15968","ARL2-SNX15","protein_coding"
"15969","A1BG","protein_coding"
"15970","SNX15","protein_coding"
"15971","MAT2A","protein_coding"
"15972","GPT","protein_coding"
"15973","ZNF497","protein_coding"
"15974","VAMP8","protein_coding"
"15975","ZNF837","protein_coding"
"15976","VAMP5","protein_coding"
"15977","RPS5","protein_coding"
"15978","RNF181","protein_coding"
"15979","SAC3D1","protein_coding"
"15980","ASIC1","protein_coding"
"15981","SYF2","protein_coding"
"15982","CBX4","protein_coding"
"15983","NAALADL1","protein_coding"
"15984","TMEM150A","protein_coding"
"15985","QPRT","protein_coding"
"15986","MFSD3","protein_coding"
"15987","TBC1D16","protein_coding"
"15988","RNF225","protein_coding"
"15989","ZNF584","protein_coding"
"15990","RSRP1","protein_coding"
"15991","RCCD1","protein_coding"
"15992","RECQL4","protein_coding"
"15993","TP53TG3E","protein_coding"
"15994","ZNF132","protein_coding"
"15995","TP53TG3B","protein_coding"
"15996","USP39","protein_coding"
"15997","ZNF324B","protein_coding"
"15998","PRC1","protein_coding"
"15999","SMARCD1","protein_coding"
"16000","RNF213","protein_coding"
"16001","ZNF324","protein_coding"
"16002","ZNF446","protein_coding"
"16003","CDCA5","protein_coding"
"16004","RHD","protein_coding"
"16005","SLC27A5","protein_coding"
"16006","LRRC14","protein_coding"
"16007","GPD1","protein_coding"
"16008","ZFPL1","protein_coding"
"16009","ZBTB45","protein_coding"
"16010","VPS33B","protein_coding"
"16011","LRRC24","protein_coding"
"16012","C2orf68","protein_coding"
"16013","SIAH1","protein_coding"
"16014","TMEM262","protein_coding"
"16015","COX14","protein_coding"
"16016","C8orf82","protein_coding"
"16017","SFTPB","protein_coding"
"16018","DPP9","protein_coding"
"16019","TM7SF2","protein_coding"
"16020","ARL4D","protein_coding"
"16021","CERS5","protein_coding"
"16022","N4BP1","protein_coding"
"16023","DHX8","protein_coding"
"16024","ZNF517","protein_coding"
"16025","GNLY","protein_coding"
"16026","EIF3H","protein_coding"
"16027","TOX3","protein_coding"
"16028","SV2B","protein_coding"
"16029","SLC38A11","protein_coding"
"16030","IRX3","protein_coding"
"16031","RASSF3","protein_coding"
"16032","COL14A1","protein_coding"
"16033","IRX5","protein_coding"
"16034","ETV4","protein_coding"
"16035","SH2D6","protein_coding"
"16036","KSR2","protein_coding"
"16037","IRX6","protein_coding"
"16038","PMIS2","protein_coding"
"16039","PPP1R15A","protein_coding"
"16040","CIT","protein_coding"
"16041","SIGLEC16","protein_coding"
"16042","SNAPC2","protein_coding"
"16043","EIF4E2","protein_coding"
"16044","ZNHIT2","protein_coding"
"16045","FAU","protein_coding"
"16046","MAST3","protein_coding"
"16047","MEOX1","protein_coding"
"16048","SYVN1","protein_coding"
"16049","ARL17A","protein_coding"
"16050","SYT17","protein_coding"
"16051","MYH14","protein_coding"
"16052","CLEC19A","protein_coding"
"16053","CHAC2","protein_coding"
"16054","GPR75","protein_coding"
"16055","TMC5","protein_coding"
"16056","NIPA2","protein_coding"
"16057","PSME4","protein_coding"
"16058","DNAAF11","protein_coding"
"16059","MRPL49","protein_coding"
"16060","CAPN1","protein_coding"
"16061","SNX16","protein_coding"
"16062","BIN3","protein_coding"
"16063","ERLEC1","protein_coding"
"16064","SETD1B","protein_coding"
"16065","HPD","protein_coding"
"16066","RGS22","protein_coding"
"16067","GDE1","protein_coding"
"16068","GGCX","protein_coding"
"16069","BPTF","protein_coding"
"16070","COMP","protein_coding"
"16071","PSMD9","protein_coding"
"16072","FAM174B","protein_coding"
"16073","TRIM64B","protein_coding"
"16074","TSSC4","protein_coding"
"16075","SPESP1","protein_coding"
"16076","NPTX2","protein_coding"
"16077","OR4F6","protein_coding"
"16078","OR4F15","protein_coding"
"16079","CGNL1","protein_coding"
"16080","CFAP251","protein_coding"
"16081","TRPM5","protein_coding"
"16082","CDYL2","protein_coding"
"16083","PLSCR2","protein_coding"
"16084","BCL7A","protein_coding"
"16085","POLR2M","protein_coding"
"16086","UPF1","protein_coding"
"16087","GINS2","protein_coding"
"16088","ZNF722","protein_coding"
"16089","TNFAIP8L3","protein_coding"
"16090","ZNF727","protein_coding"
"16091","TBC1D5","protein_coding"
"16092","C16orf74","protein_coding"
"16093","CSMD1","protein_coding"
"16094","CYP19A1","protein_coding"
"16095","TMEM50A","protein_coding"
"16096","DENR","protein_coding"
"16097","OLFM2","protein_coding"
"16098","KLHL29","protein_coding"
"16099","FLOT2","protein_coding"
"16100","MACO1","protein_coding"
"16101","ZCCHC8","protein_coding"
"16102","PSG11","protein_coding"
"16103","DHRS9","protein_coding"
"16104","ANKRD11","protein_coding"
"16105","TRIM49D1","protein_coding"
"16106","PSG2","protein_coding"
"16107","TSEN15","protein_coding"
"16108","TRIM49D2","protein_coding"
"16109","ACAD10","protein_coding"
"16110","PSG3","protein_coding"
"16111","TRIM49C","protein_coding"
"16112","GOLGA8R","protein_coding"
"16113","PSG8","protein_coding"
"16114","SNAP23","protein_coding"
"16115","CXCL16","protein_coding"
"16116","UBTFL1","protein_coding"
"16117","COBLL1","protein_coding"
"16118","TRIM64","protein_coding"
"16119","TAC4","protein_coding"
"16120","FXYD2","protein_coding"
"16121","PSG1","protein_coding"
"16122","LRRC71","protein_coding"
"16123","FMN2","protein_coding"
"16124","DLX4","protein_coding"
"16125","CYTH2","protein_coding"
"16126","ALDH2","protein_coding"
"16127","FXYD6-FXYD2","protein_coding"
"16128","EXOG","protein_coding"
"16129","CENPX","protein_coding"
"16130","TONSL","protein_coding"
"16131","FXYD6","protein_coding"
"16132","TCF3","protein_coding"
"16133","ARID2","protein_coding"
"16134","GDF6","protein_coding"
"16135","GREM2","protein_coding"
"16136","C8orf58","protein_coding"
"16137","LRRC45","protein_coding"
"16138","LRRC57","protein_coding"
"16139","IL18RAP","protein_coding"
"16140","ADAMTSL4","protein_coding"
"16141","HAUS2","protein_coding"
"16142","RPS15A","protein_coding"
"16143","CIBAR1","protein_coding"
"16144","TMTC1","protein_coding"
"16145","IL17RC","protein_coding"
"16146","RAC3","protein_coding"
"16147","FKBP7","protein_coding"
"16148","STARD9","protein_coding"
"16149","CROCC2","protein_coding"
"16150","DCXR","protein_coding"
"16151","PTP4A2","protein_coding"
"16152","PLEKHB2","protein_coding"
"16153","CDAN1","protein_coding"
"16154","IL10RA","protein_coding"
"16155","ARL6IP1","protein_coding"
"16156","ZFYVE9","protein_coding"
"16157","RRM2B","protein_coding"
"16158","GAN","protein_coding"
"16159","AK4P3","protein_coding"
"16160","DIABLO","protein_coding"
"16161","CAVIN3","protein_coding"
"16162","TTBK2","protein_coding"
"16163","TBC1D24","protein_coding"
"16164","SMPD1","protein_coding"
"16165","CHPF","protein_coding"
"16166","PDPN","protein_coding"
"16167","GPS1","protein_coding"
"16168","CYS1","protein_coding"
"16169","RAD51AP2","protein_coding"
"16170","MGA","protein_coding"
"16171","ST6GAL2","protein_coding"
"16172","DNHD1","protein_coding"
"16173","MROH2A","protein_coding"
"16174","SCNN1B","protein_coding"
"16175","C15orf39","protein_coding"
"16176","TMCO4","protein_coding"
"16177","RAD21","protein_coding"
"16178","LIMS3","protein_coding"
"16179","GPRC5A","protein_coding"
"16180","GOLGA6C","protein_coding"
"16181","TMEM263","protein_coding"
"16182","MAIP1","protein_coding"
"16183","COMMD4","protein_coding"
"16184","C8orf89","protein_coding"
"16185","DTNB","protein_coding"
"16186","MTERF2","protein_coding"
"16187","PLEC","protein_coding"
"16188","NRIP3","protein_coding"
"16189","HYI","protein_coding"
"16190","CRY1","protein_coding"
"16191","GGA2","protein_coding"
"16192","AP2A1","protein_coding"
"16193","C11orf58","protein_coding"
"16194","ANO2","protein_coding"
"16195","KCNK4","protein_coding"
"16196","NEIL1","protein_coding"
"16197","ACVRL1","protein_coding"
"16198","RAB8A","protein_coding"
"16199","C11orf97","protein_coding"
"16200","PIWIL4","protein_coding"
"16201","GRIN2A","protein_coding"
"16202","ADGRB2","protein_coding"
"16203","SMIM41","protein_coding"
"16204","PKP2","protein_coding"
"16205","GAST","protein_coding"
"16206","HAP1","protein_coding"
"16207","MAN2C1","protein_coding"
"16208","CUX2","protein_coding"
"16209","FUT4","protein_coding"
"16210","SPDYC","protein_coding"
"16211","XNDC1N-ZNF705EP-ALG1L9P","protein_coding"
"16212","JUP","protein_coding"
"16213","INTS4","protein_coding"
"16214","PHETA1","protein_coding"
"16215","COL6A5","protein_coding"
"16216","CCDC63","protein_coding"
"16217","DYNLRB2","protein_coding"
"16218","PDE11A","protein_coding"
"16219","PDPK1","protein_coding"
"16220","MYL2","protein_coding"
"16221","P3H4","protein_coding"
"16222","DAG1","protein_coding"
"16223","FKBP10","protein_coding"
"16224","PRKCD","protein_coding"
"16225","LGALS14","protein_coding"
"16226","NT5C3B","protein_coding"
"16227","NTNG1","protein_coding"
"16228","GRIN2B","protein_coding"
"16229","CLC","protein_coding"
"16230","VAX2","protein_coding"
"16231","VASP","protein_coding"
"16232","ATP6V1B1","protein_coding"
"16233","LITAF","protein_coding"
"16234","ANKRD65","protein_coding"
"16235","PTPN9","protein_coding"
"16236","IPO8","protein_coding"
"16237","SNAP47","protein_coding"
"16238","SCAMP4","protein_coding"
"16239","ANKRD53","protein_coding"
"16240","SIN3A","protein_coding"
"16241","ZW10","protein_coding"
"16242","B4GALT2","protein_coding"
"16243","STAT6","protein_coding"
"16244","NAGK","protein_coding"
"16245","CARD14","protein_coding"
"16246","OLFML2B","protein_coding"
"16247","IL20","protein_coding"
"16248","CLDN25","protein_coding"
"16249","NECTIN1","protein_coding"
"16250","GPATCH1","protein_coding"
"16251","DNASE2B","protein_coding"
"16252","FLI1","protein_coding"
"16253","CCR8","protein_coding"
"16254","OR2L2","protein_coding"
"16255","SLC25A38","protein_coding"
"16256","OR2L3","protein_coding"
"16257","MCEE","protein_coding"
"16258","OR2M4","protein_coding"
"16259","USP28","protein_coding"
"16260","CEBPA","protein_coding"
"16261","ZNF536","protein_coding"
"16262","CSRNP1","protein_coding"
"16263","PLA2G4F","protein_coding"
"16264","PEX12","protein_coding"
"16265","XIRP1","protein_coding"
"16266","AXIN2","protein_coding"
"16267","CX3CR1","protein_coding"
"16268","ZNF615","protein_coding"
"16269","GALNT15","protein_coding"
"16270","SYNE1","protein_coding"
"16271","VPS39","protein_coding"
"16272","CEP112","protein_coding"
"16273","DPH3","protein_coding"
"16274","ZNF790","protein_coding"
"16275","OR10K2","protein_coding"
"16276","RBM15","protein_coding"
"16277","OXNAD1","protein_coding"
"16278","JMJD4","protein_coding"
"16279","KLHDC7A","protein_coding"
"16280","MTX1","protein_coding"
"16281","ZNF829","protein_coding"
"16282","OR5AK3P","protein_coding"
"16283","OR5AK2","protein_coding"
"16284","ZNF345","protein_coding"
"16285","ARL8A","protein_coding"
"16286","CWC15","protein_coding"
"16287","SLC25A36","protein_coding"
"16288","TMEM87A","protein_coding"
"16289","ZNF568","protein_coding"
"16290","GPR37L1","protein_coding"
"16291","KDM4D","protein_coding"
"16292","KDM4E","protein_coding"
"16293","SRSF8","protein_coding"
"16294","ENDOD1","protein_coding"
"16295","APOH","protein_coding"
"16296","SNX27","protein_coding"
"16297","SESN3","protein_coding"
"16298","HLF","protein_coding"
"16299","ZNF559-ZNF177","protein_coding"
"16300","MMD","protein_coding"
"16301","TRAF6","protein_coding"
"16302","RAG1","protein_coding"
"16303","CORO2B","protein_coding"
"16304","SMIM36","protein_coding"
"16305","IFT122","protein_coding"
"16306","TIMP2","protein_coding"
"16307","RAG2","protein_coding"
"16308","HAAO","protein_coding"
"16309","SLC22A10","protein_coding"
"16310","ANP32A","protein_coding"
"16311","OXER1","protein_coding"
"16312","CEP295NL","protein_coding"
"16313","CHST1","protein_coding"
"16314","GYS1","protein_coding"
"16315","MYCBPAP","protein_coding"
"16316","MAL","protein_coding"
"16317","SLC35C1","protein_coding"
"16318","CELF3","protein_coding"
"16319","RCE1","protein_coding"
"16320","ZNF2","protein_coding"
"16321","GLCE","protein_coding"
"16322","L3MBTL3","protein_coding"
"16323","ITGB4","protein_coding"
"16324","PC","protein_coding"
"16325","CGB7","protein_coding"
"16326","RIIAD1","protein_coding"
"16327","PPFIA3","protein_coding"
"16328","NT5DC3","protein_coding"
"16329","MRPL9","protein_coding"
"16330","UQCC6","protein_coding"
"16331","ENTPD3","protein_coding"
"16332","OAZ3","protein_coding"
"16333","HCFC2","protein_coding"
"16334","SAMD3","protein_coding"
"16335","VPS33A","protein_coding"
"16336","LINGO4","protein_coding"
"16337","THEM5","protein_coding"
"16338","RPL14","protein_coding"
"16339","THEM4","protein_coding"
"16340","GTF3C2","protein_coding"
"16341","S100A10","protein_coding"
"16342","TAF2","protein_coding"
"16343","HRC","protein_coding"
"16344","STIL","protein_coding"
"16345","ZNF619","protein_coding"
"16346","TRPM4","protein_coding"
"16347","ATP6V1C2","protein_coding"
"16348","LRFN4","protein_coding"
"16349","TUBA1A","protein_coding"
"16350","C11orf86","protein_coding"
"16351","ZNF620","protein_coding"
"16352","APAF1","protein_coding"
"16353","PDIA6","protein_coding"
"16354","ISLR2","protein_coding"
"16355","ULK4","protein_coding"
"16356","EIF4A1","protein_coding"
"16357","CCK","protein_coding"
"16358","SBSN","protein_coding"
"16359","TRIM49B","protein_coding"
"16360","LYZL4","protein_coding"
"16361","TRIM64C","protein_coding"
"16362","GAPDHS","protein_coding"
"16363","CDC42EP2","protein_coding"
"16364","SLC25A45","protein_coding"
"16365","EPHA6","protein_coding"
"16366","NOL10","protein_coding"
"16367","CRLF3","protein_coding"
"16368","KPLCE","protein_coding"
"16369","LCE1F","protein_coding"
"16370","LCE1E","protein_coding"
"16371","UBE2W","protein_coding"
"16372","LCE1D","protein_coding"
"16373","TMEM147","protein_coding"
"16374","NCDN","protein_coding"
"16375","ATAD5","protein_coding"
"16376","AMD1","protein_coding"
"16377","FRMD8","protein_coding"
"16378","CRYBG3","protein_coding"
"16379","TEFM","protein_coding"
"16380","RIOX2","protein_coding"
"16381","ATP4A","protein_coding"
"16382","NF1","protein_coding"
"16383","TFAP2E","protein_coding"
"16384","DSP","protein_coding"
"16385","AMY1A","protein_coding"
"16386","ELOC","protein_coding"
"16387","RELA","protein_coding"
"16388","ZNF177","protein_coding"
"16389","ZNF112","protein_coding"
"16390","OR5AC1","protein_coding"
"16391","OR5AC2","protein_coding"
"16392","OR5H2","protein_coding"
"16393","OR5K4","protein_coding"
"16394","OR5K3","protein_coding"
"16395","SLC6A1","protein_coding"
"16396","AMY1B","protein_coding"
"16397","GCC2","protein_coding"
"16398","ZNF285","protein_coding"
"16399","ZNF229","protein_coding"
"16400","TMEM70","protein_coding"
"16401","AMY1C","protein_coding"
"16402","ZNF180","protein_coding"
"16403","HPDL","protein_coding"
"16404","OR2L5","protein_coding"
"16405","LY96","protein_coding"
"16406","CCDC138","protein_coding"
"16407","SELENON","protein_coding"
"16408","PPP1R42","protein_coding"
"16409","MAB21L3","protein_coding"
"16410","CEACAM20","protein_coding"
"16411","LIMS1","protein_coding"
"16412","RBM12B","protein_coding"
"16413","NFASC","protein_coding"
"16414","ZNF7","protein_coding"
"16415","CYBC1","protein_coding"
"16416","MOCS1","protein_coding"
"16417","IGSF23","protein_coding"
"16418","TMPO","protein_coding"
"16419","PVR","protein_coding"
"16420","MEF2A","protein_coding"
"16421","CEACAM19","protein_coding"
"16422","LYG2","protein_coding"
"16423","ZNF385A","protein_coding"
"16424","PURG","protein_coding"
"16425","CLVS2","protein_coding"
"16426","ALKAL1","protein_coding"
"16427","SNORC","protein_coding"
"16428","CEACAM16","protein_coding"
"16429","NGFR","protein_coding"
"16430","TRDN","protein_coding"
"16431","BCL3","protein_coding"
"16432","C8orf76","protein_coding"
"16433","LGALSL","protein_coding"
"16434","ITGA3","protein_coding"
"16435","SYNM","protein_coding"
"16436","SERTAD2","protein_coding"
"16437","ALDH3B1","protein_coding"
"16438","PDE1A","protein_coding"
"16439","CBLC","protein_coding"
"16440","ITGA5","protein_coding"
"16441","ZHX1-C8orf76","protein_coding"
"16442","TTC23","protein_coding"
"16443","ZHX1","protein_coding"
"16444","HFE","protein_coding"
"16445","BCAM","protein_coding"
"16446","FAM83A","protein_coding"
"16447","CNTN2","protein_coding"
"16448","GTSF1","protein_coding"
"16449","NDUFS8","protein_coding"
"16450","OSBPL10","protein_coding"
"16451","SLC4A5","protein_coding"
"16452","ZNF18","protein_coding"
"16453","MTUS1","protein_coding"
"16454","NCKAP1L","protein_coding"
"16455","MEIS2","protein_coding"
"16456","PROCA1","protein_coding"
"16457","CHKA","protein_coding"
"16458","PLD3","protein_coding"
"16459","PITPNC1","protein_coding"
"16460","PRICKLE1","protein_coding"
"16461","C11orf24","protein_coding"
"16462","ZNF860","protein_coding"
"16463","OR3A1","protein_coding"
"16464","TRPV3","protein_coding"
"16465","GPD1L","protein_coding"
"16466","LRP5","protein_coding"
"16467","CD200R1","protein_coding"
"16468","APLP2","protein_coding"
"16469","GPATCH11","protein_coding"
"16470","TMEM181","protein_coding"
"16471","GTPBP8","protein_coding"
"16472","RPL37A","protein_coding"
"16473","SLC2A3","protein_coding"
"16474","NEPRO","protein_coding"
"16475","SYPL2","protein_coding"
"16476","SEC11A","protein_coding"
"16477","IGFBP2","protein_coding"
"16478","CCSAP","protein_coding"
"16479","HEATR6","protein_coding"
"16480","ADTRP","protein_coding"
"16481","IGFBP5","protein_coding"
"16482","ACTA1","protein_coding"
"16483","CMAS","protein_coding"
"16484","TNP1","protein_coding"
"16485","ZFP69","protein_coding"
"16486","NYAP2","protein_coding"
"16487","HIVEP1","protein_coding"
"16488","ST8SIA1","protein_coding"
"16489","AFTPH","protein_coding"
"16490","ZNF684","protein_coding"
"16491","EDN1","protein_coding"
"16492","ACSBG1","protein_coding"
"16493","C2CD5","protein_coding"
"16494","RPS6KA2","protein_coding"
"16495","TRNAU1AP","protein_coding"
"16496","CA4","protein_coding"
"16497","ZDHHC23","protein_coding"
"16498","ZBTB44","protein_coding"
"16499","TRIM43B","protein_coding"
"16500","USP32","protein_coding"
"16501","CCDC191","protein_coding"
"16502","RAB42","protein_coding"
"16503","CASP8","protein_coding"
"16504","AMY2A","protein_coding"
"16505","DNAJA4","protein_coding"
"16506","CDK18","protein_coding"
"16507","ADAMTS8","protein_coding"
"16508","QTRT2","protein_coding"
"16509","FDX2","protein_coding"
"16510","MRE11","protein_coding"
"16511","ICAM5","protein_coding"
"16512","BCAS3","protein_coding"
"16513","SKIC8","protein_coding"
"16514","RAVER1","protein_coding"
"16515","DRD3","protein_coding"
"16516","ICAM3","protein_coding"
"16517","RAMACL","protein_coding"
"16518","POLR2E","protein_coding"
"16519","TMCC1","protein_coding"
"16520","CHD2","protein_coding"
"16521","GOLT1A","protein_coding"
"16522","ETNK1","protein_coding"
"16523","TRH","protein_coding"
"16524","ANKRD49","protein_coding"
"16525","MARS2","protein_coding"
"16526","BOLL","protein_coding"
"16527","C1orf146","protein_coding"
"16528","TRPC1","protein_coding"
"16529","PDE1B","protein_coding"
"16530","GPX4","protein_coding"
"16531","GLMN","protein_coding"
"16532","KRTAP9-1","protein_coding"
"16533","PLEKHA4","protein_coding"
"16534","GRN","protein_coding"
"16535","RPSA","protein_coding"
"16536","PPP1R1A","protein_coding"
"16537","TRIM51G","protein_coding"
"16538","CASP10","protein_coding"
"16539","ALKBH8","protein_coding"
"16540","LACRT","protein_coding"
"16541","TULP2","protein_coding"
"16542","DCD","protein_coding"
"16543","RPAP2","protein_coding"
"16544","CXCR4","protein_coding"
"16545","MUCL1","protein_coding"
"16546","GPATCH8","protein_coding"
"16547","TESPA1","protein_coding"
"16548","PTPRS","protein_coding"
"16549","OR10X1","protein_coding"
"16550","TCIRG1","protein_coding"
"16551","OR6K3","protein_coding"
"16552","TNK2","protein_coding"
"16553","MNDA","protein_coding"
"16554","FZD2","protein_coding"
"16555","LIMS4","protein_coding"
"16556","OR14A16","protein_coding"
"16557","OR11L1","protein_coding"
"16558","TRIM58","protein_coding"
"16559","RGPD6","protein_coding"
"16560","OR2W3","protein_coding"
"16561","OR2AJ1","protein_coding"
"16562","OR2L8","protein_coding"
"16563","OR6Y1","protein_coding"
"16564","KAT7","protein_coding"
"16565","ZSCAN20","protein_coding"
"16566","PTOV1","protein_coding"
"16567","GABRB3","protein_coding"
"16568","OSR2","protein_coding"
"16569","OR2M5","protein_coding"
"16570","OR2M2","protein_coding"
"16571","OR10A7","protein_coding"
"16572","OR6C65","protein_coding"
"16573","MYOC","protein_coding"
"16574","CTDSP2","protein_coding"
"16575","GABRD","protein_coding"
"16576","CCAR2","protein_coding"
"16577","PRDM11","protein_coding"
"16578","LRIG3","protein_coding"
"16579","CCDC90B","protein_coding"
"16580","GABRA5","protein_coding"
"16581","ZBTB17","protein_coding"
"16582","FANCL","protein_coding"
"16583","DUSP6","protein_coding"
"16584","NAPSA","protein_coding"
"16585","METTL25","protein_coding"
"16586","RHCG","protein_coding"
"16587","SRARP","protein_coding"
"16588","TMTC2","protein_coding"
"16589","HSPB7","protein_coding"
"16590","RND2","protein_coding"
"16591","POLG","protein_coding"
"16592","TFRC","protein_coding"
"16593","MED1","protein_coding"
"16594","STMN4","protein_coding"
"16595","PLEKHA7","protein_coding"
"16596","CLCNKA","protein_coding"
"16597","KITLG","protein_coding"
"16598","PIERCE2","protein_coding"
"16599","LDHB","protein_coding"
"16600","IL16","protein_coding"
"16601","CDK12","protein_coding"
"16602","EPS8L1","protein_coding"
"16603","MLF1","protein_coding"
"16604","FAM131C","protein_coding"
"16605","OR2T8","protein_coding"
"16606","EFHD2","protein_coding"
"16607","PTPRJ","protein_coding"
"16608","PDE3A","protein_coding"
"16609","CTRC","protein_coding"
"16610","PMP2","protein_coding"
"16611","FAM187A","protein_coding"
"16612","RNFT1","protein_coding"
"16613","OR6F1","protein_coding"
"16614","OR14K1","protein_coding"
"16615","FABP9","protein_coding"
"16616","OR9H1P","protein_coding"
"16617","OR10K1","protein_coding"
"16618","FABP4","protein_coding"
"16619","OR2T12","protein_coding"
"16620","OR2T33","protein_coding"
"16621","SLCO1C1","protein_coding"
"16622","ZBTB8A","protein_coding"
"16623","OR4B1","protein_coding"
"16624","OR4X2","protein_coding"
"16625","OR4X1","protein_coding"
"16626","IMPA1","protein_coding"
"16627","RAP1GAP2","protein_coding"
"16628","FERMT3","protein_coding"
"16629","ZBTB8OS","protein_coding"
"16630","CTLA4","protein_coding"
"16631","HTRA2","protein_coding"
"16632","SLCO1B3","protein_coding"
"16633","NRAS","protein_coding"
"16634","SIKE1","protein_coding"
"16635","DOK1","protein_coding"
"16636","SLCO1B3-SLCO1B7","protein_coding"
"16637","VPS13C","protein_coding"
"16638","GFM1","protein_coding"
"16639","OR4F5","protein_coding"
"16640","SENP3","protein_coding"
"16641","OR13G1","protein_coding"
"16642","OR1C1","protein_coding"
"16643","FAM161A","protein_coding"
"16644","OR2M3","protein_coding"
"16645","OR6N1","protein_coding"
"16646","OR10Z1","protein_coding"
"16647","SPTA1","protein_coding"
"16648","POLR3B","protein_coding"
"16649","PRPSAP2","protein_coding"
"16650","CCT4","protein_coding"
"16651","STIM1","protein_coding"
"16652","SLC10A5","protein_coding"
"16653","ZFAND1","protein_coding"
"16654","LXN","protein_coding"
"16655","TRNT1","protein_coding"
"16656","ZRANB2","protein_coding"
"16657","HLA-DRB5","protein_coding"
"16658","IL36G","protein_coding"
"16659","TOMT","protein_coding"
"16660","OR52E8","protein_coding"
"16661","TRIM22","protein_coding"
"16662","IL36A","protein_coding"
"16663","RFX4","protein_coding"
"16664","IL1F10","protein_coding"
"16665","TTC14","protein_coding"
"16666","IL1RN","protein_coding"
"16667","ERVFRD-1","protein_coding"
"16668","CERS2","protein_coding"
"16669","TAGAP","protein_coding"
"16670","CDCA7","protein_coding"
"16671","FNDC1","protein_coding"
"16672","AAMDC","protein_coding"
"16673","ART4","protein_coding"
"16674","CCDC39","protein_coding"
"16675","IL36RN","protein_coding"
"16676","CHMP4C","protein_coding"
"16677","CD81","protein_coding"
"16678","SLC5A10","protein_coding"
"16679","FKBP1C","protein_coding"
"16680","FAM171B","protein_coding"
"16681","ANXA9","protein_coding"
"16682","RFC5","protein_coding"
"16683","PTP4A1","protein_coding"
"16684","GINS4","protein_coding"
"16685","ITGAV","protein_coding"
"16686","PRUNE1","protein_coding"
"16687","BYSL","protein_coding"
"16688","DNAJC19","protein_coding"
"16689","GPAT4","protein_coding"
"16690","NTRK3","protein_coding"
"16691","WSB2","protein_coding"
"16692","FAM83G","protein_coding"
"16693","FXR1","protein_coding"
"16694","BNIPL","protein_coding"
"16695","RHBDL3","protein_coding"
"16696","RIC3","protein_coding"
"16697","GOLGA7","protein_coding"
"16698","VSIG10","protein_coding"
"16699","UNC93B1","protein_coding"
"16700","C17orf75","protein_coding"
"16701","H2BC11","protein_coding"
"16702","PEBP1","protein_coding"
"16703","H2AC11","protein_coding"
"16704","H2BC12","protein_coding"
"16705","H4C9","protein_coding"
"16706","RNF182","protein_coding"
"16707","C1orf56","protein_coding"
"16708","SSPN","protein_coding"
"16709","CDC42SE1","protein_coding"
"16710","ZSCAN29","protein_coding"
"16711","XNDC1N","protein_coding"
"16712","CD83","protein_coding"
"16713","PSMD11","protein_coding"
"16714","MLLT11","protein_coding"
"16715","ITPR2","protein_coding"
"16716","TUBGCP4","protein_coding"
"16717","IER5","protein_coding"
"16718","IL18BP","protein_coding"
"16719","SLC25A44","protein_coding"
"16720","HUS1B","protein_coding"
"16721","FAM50B","protein_coding"
"16722","FH","protein_coding"
"16723","ILF3","protein_coding"
"16724","KMO","protein_coding"
"16725","RAB5C","protein_coding"
"16726","INTS13","protein_coding"
"16727","TBP","protein_coding"
"16728","TP53BP1","protein_coding"
"16729","HHLA2","protein_coding"
"16730","GHDC","protein_coding"
"16731","ALDH3B2","protein_coding"
"16732","OPN3","protein_coding"
"16733","DBX2","protein_coding"
"16734","TBKBP1","protein_coding"
"16735","CHML","protein_coding"
"16736","SLC38A1","protein_coding"
"16737","ATAD3A","protein_coding"
"16738","OSBPL7","protein_coding"
"16739","CLDN18","protein_coding"
"16740","ARHGAP39","protein_coding"
"16741","OR51C1P","protein_coding"
"16742","OR10D3","protein_coding"
"16743","PDCD2","protein_coding"
"16744","OR4A15","protein_coding"
"16745","TSGA10IP","protein_coding"
"16746","DZIP1L","protein_coding"
"16747","OR56B2P","protein_coding"
"16748","OR5D3P","protein_coding"
"16749","OR51B5","protein_coding"
"16750","DMTN","protein_coding"
"16751","OR10S1","protein_coding"
"16752","RASSF10","protein_coding"
"16753","RTKN","protein_coding"
"16754","PACSIN3","protein_coding"
"16755","SSU72","protein_coding"
"16756","A4GNT","protein_coding"
"16757","TLR1","protein_coding"
"16758","DBR1","protein_coding"
"16759","SPATA20","protein_coding"
"16760","ARMC8","protein_coding"
"16761","MIB2","protein_coding"
"16762","DDB2","protein_coding"
"16763","UNC5CL","protein_coding"
"16764","MAP1A","protein_coding"
"16765","USP38","protein_coding"
"16766","STK39","protein_coding"
"16767","PPIP5K1","protein_coding"
"16768","OARD1","protein_coding"
"16769","IFIH1","protein_coding"
"16770","UGT8","protein_coding"
"16771","CXCR2","protein_coding"
"16772","SLC38A2","protein_coding"
"16773","PGPEP1L","protein_coding"
"16774","ACP2","protein_coding"
"16775","RUFY4","protein_coding"
"16776","MPI","protein_coding"
"16777","ARHGEF1","protein_coding"
"16778","RPL34","protein_coding"
"16779","SP5","protein_coding"
"16780","GAD1","protein_coding"
"16781","INTS2","protein_coding"
"16782","OSTC","protein_coding"
"16783","TSPO2","protein_coding"
"16784","ETNPPL","protein_coding"
"16785","APOBEC2","protein_coding"
"16786","NFYA","protein_coding"
"16787","SLC38A4","protein_coding"
"16788","HTR1B","protein_coding"
"16789","MEI4","protein_coding"
"16790","SMIM13","protein_coding"
"16791","MED13","protein_coding"
"16792","AMIGO2","protein_coding"
"16793","RPAP3","protein_coding"
"16794","NR1H3","protein_coding"
"16795","GORASP2","protein_coding"
"16796","MAP2K6","protein_coding"
"16797","BCL9","protein_coding"
"16798","FAM219B","protein_coding"
"16799","ENDOU","protein_coding"
"16800","IDO2","protein_coding"
"16801","NLRC4","protein_coding"
"16802","RAPGEF3","protein_coding"
"16803","ERICH2","protein_coding"
"16804","EXTL3","protein_coding"
"16805","EXO1","protein_coding"
"16806","CYTH1","protein_coding"
"16807","RANBP2","protein_coding"
"16808","COX5A","protein_coding"
"16809","RPP25","protein_coding"
"16810","SCAMP5","protein_coding"
"16811","BECN2","protein_coding"
"16812","MAP1LC3C","protein_coding"
"16813","NME9","protein_coding"
"16814","WDR64","protein_coding"
"16815","UBE2V2","protein_coding"
"16816","PRKAR1A","protein_coding"
"16817","PROKR1","protein_coding"
"16818","ARHGAP25","protein_coding"
"16819","KHDRBS2","protein_coding"
"16820","PPCDC","protein_coding"
"16821","ZGLP1","protein_coding"
"16822","DYNLT5","protein_coding"
"16823","LCA5","protein_coding"
"16824","LRATD2","protein_coding"
"16825","ARFGAP2","protein_coding"
"16826","LMCD1","protein_coding"
"16827","STRN4","protein_coding"
"16828","DNAI4","protein_coding"
"16829","AGO2","protein_coding"
"16830","GOLGA6D","protein_coding"
"16831","SERF2","protein_coding"
"16832","SH3BGRL2","protein_coding"
"16833","COPS7B","protein_coding"
"16834","SLC48A1","protein_coding"
"16835","SSUH2","protein_coding"
"16836","KANSL2","protein_coding"
"16837","TMEM170B","protein_coding"
"16838","GJD2","protein_coding"
"16839","E2F3","protein_coding"
"16840","AQR","protein_coding"
"16841","RAD51D","protein_coding"
"16842","SGIP1","protein_coding"
"16843","FGF20","protein_coding"
"16844","CCNT1","protein_coding"
"16845","MICU3","protein_coding"
"16846","DARS1","protein_coding"
"16847","CAV3","protein_coding"
"16848","OXTR","protein_coding"
"16849","MLEC","protein_coding"
"16850","CMIP","protein_coding"
"16851","UNC119B","protein_coding"
"16852","TOP2B","protein_coding"
"16853","ZNF770","protein_coding"
"16854","CBL","protein_coding"
"16855","NEDD1","protein_coding"
"16856","THBS1","protein_coding"
"16857","CTHRC1","protein_coding"
"16858","M1AP","protein_coding"
"16859","FSIP1","protein_coding"
"16860","PLCG2","protein_coding"
"16861","FKRP","protein_coding"
"16862","GPR176","protein_coding"
"16863","EPHA4","protein_coding"
"16864","PTK2","protein_coding"
"16865","EIF2AK4","protein_coding"
"16866","SLC3A2","protein_coding"
"16867","SRSF2","protein_coding"
"16868","VAMP2","protein_coding"
"16869","RPL13","protein_coding"
"16870","TIRAP","protein_coding"
"16871","SRP14","protein_coding"
"16872","CALCOCO1","protein_coding"
"16873","H4C2","protein_coding"
"16874","BLTP2","protein_coding"
"16875","TREML1","protein_coding"
"16876","MSTN","protein_coding"
"16877","NANOGP8","protein_coding"
"16878","GANC","protein_coding"
"16879","ALKBH5","protein_coding"
"16880","INPP1","protein_coding"
"16881","AP2S1","protein_coding"
"16882","TREM2","protein_coding"
"16883","KMT5B","protein_coding"
"16884","TREML2","protein_coding"
"16885","TREML4","protein_coding"
"16886","NUCB1","protein_coding"
"16887","TREM1","protein_coding"
"16888","HIBCH","protein_coding"
"16889","H3C4","protein_coding"
"16890","H1-2","protein_coding"
"16891","RSPH3","protein_coding"
"16892","MYLIP","protein_coding"
"16893","HSD17B12","protein_coding"
"16894","GABARAPL1","protein_coding"
"16895","GOLGB1","protein_coding"
"16896","MAPK14","protein_coding"
"16897","LBR","protein_coding"
"16898","KLRD1","protein_coding"
"16899","C11orf96","protein_coding"
"16900","TIGD3","protein_coding"
"16901","KLHDC4","protein_coding"
"16902","DNAH14","protein_coding"
"16903","SESTD1","protein_coding"
"16904","BTBD10","protein_coding"
"16905","KLRK1","protein_coding"
"16906","ZNF181","protein_coding"
"16907","GTDC1","protein_coding"
"16908","KLRC4-KLRK1","protein_coding"
"16909","CAPN3","protein_coding"
"16910","ODAD1","protein_coding"
"16911","PTH","protein_coding"
"16912","TMPRSS13","protein_coding"
"16913","NWD1","protein_coding"
"16914","MRPS10","protein_coding"
"16915","KLRC4","protein_coding"
"16916","LZTFL1","protein_coding"
"16917","KLRC3","protein_coding"
"16918","QKI","protein_coding"
"16919","SLC7A5","protein_coding"
"16920","OASL","protein_coding"
"16921","DPF2","protein_coding"
"16922","TTL","protein_coding"
"16923","DCDC2B","protein_coding"
"16924","POLR1B","protein_coding"
"16925","DYRK3","protein_coding"
"16926","TATDN2","protein_coding"
"16927","ZNF461","protein_coding"
"16928","TNFSF18","protein_coding"
"16929","MAP10","protein_coding"
"16930","PLPPR4","protein_coding"
"16931","RNF169","protein_coding"
"16932","SPCS2","protein_coding"
"16933","CYP27B1","protein_coding"
"16934","RUVBL2","protein_coding"
"16935","TRIM67","protein_coding"
"16936","FOXO3B","protein_coding"
"16937","SEC61A1","protein_coding"
"16938","AIPL1","protein_coding"
"16939","KIAA1586","protein_coding"
"16940","FPGT","protein_coding"
"16941","KLRC2","protein_coding"
"16942","FGD2","protein_coding"
"16943","NEU3","protein_coding"
"16944","KLRC1","protein_coding"
"16945","INSL5","protein_coding"
"16946","ZNF124","protein_coding"
"16947","MSANTD4","protein_coding"
"16948","ACTL9","protein_coding"
"16949","KCNN4","protein_coding"
"16950","KBTBD3","protein_coding"
"16951","MMP25","protein_coding"
"16952","OR6P1","protein_coding"
"16953","FAM72C","protein_coding"
"16954","CHCHD5","protein_coding"
"16955","SLC2A7","protein_coding"
"16956","AASDHPPT","protein_coding"
"16957","CKAP2L","protein_coding"
"16958","OR6K2","protein_coding"
"16959","LCE4A","protein_coding"
"16960","EIF2S3B","protein_coding"
"16961","ACTRT2","protein_coding"
"16962","LDLRAD2","protein_coding"
"16963","MAGOHB","protein_coding"
"16964","IL1A","protein_coding"
"16965","RAF1","protein_coding"
"16966","SERPINB9","protein_coding"
"16967","HSPG2","protein_coding"
"16968","LYPD5","protein_coding"
"16969","EIF2B4","protein_coding"
"16970","H2AC15","protein_coding"
"16971","STYK1","protein_coding"
"16972","PIMREG","protein_coding"
"16973","ZNF628","protein_coding"
"16974","RFPL4A","protein_coding"
"16975","YBX3","protein_coding"
"16976","ZNF93","protein_coding"
"16977","PITPNM3","protein_coding"
"16978","H4C12","protein_coding"
"16979","BPHL","protein_coding"
"16980","CELA3B","protein_coding"
"16981","ZNF682","protein_coding"
"16982","CELA3A","protein_coding"
"16983","KYNU","protein_coding"
"16984","MAPKAPK5","protein_coding"
"16985","ZNF90","protein_coding"
"16986","C8orf88","protein_coding"
"16987","PIP4P2","protein_coding"
"16988","ABRACL","protein_coding"
"16989","KIAA0753","protein_coding"
"16990","HECA","protein_coding"
"16991","WNT4","protein_coding"
"16992","ZNF486","protein_coding"
"16993","OTUD6B","protein_coding"
"16994","TXLNB","protein_coding"
"16995","AVPR1B","protein_coding"
"16996","TMEM116","protein_coding"
"16997","ZNF865","protein_coding"
"16998","GNG14","protein_coding"
"16999","FAM72A","protein_coding"
"17000","ZNF526","protein_coding"
"17001","TXNDC17","protein_coding"
"17002","LRRC69","protein_coding"
"17003","SRGAP2","protein_coding"
"17004","CARM1","protein_coding"
"17005","MED31","protein_coding"
"17006","NRGN","protein_coding"
"17007","ARHGAP15","protein_coding"
"17008","SLC26A7","protein_coding"
"17009","VSIG2","protein_coding"
"17010","C17orf100","protein_coding"
"17011","SPON2","protein_coding"
"17012","ESAM","protein_coding"
"17013","SLC13A5","protein_coding"
"17014","SELPLG","protein_coding"
"17015","SSH1","protein_coding"
"17016","MSANTD2","protein_coding"
"17017","ICA1L","protein_coding"
"17018","SPACA6","protein_coding"
"17019","ROBO3","protein_coding"
"17020","DAO","protein_coding"
"17021","DPRX","protein_coding"
"17022","KSR1","protein_coding"
"17023","TLE6","protein_coding"
"17024","IKBKE","protein_coding"
"17025","OR3A2","protein_coding"
"17026","OR3A3","protein_coding"
"17027","C17orf114","protein_coding"
"17028","CKAP4","protein_coding"
"17029","SSH2","protein_coding"
"17030","TCP11L2","protein_coding"
"17031","TLE2","protein_coding"
"17032","ROBO4","protein_coding"
"17033","COMMD1","protein_coding"
"17034","MCM4","protein_coding"
"17035","ATXN7L3B","protein_coding"
"17036","SLC20A1","protein_coding"
"17037","RASSF5","protein_coding"
"17038","SLX1A","protein_coding"
"17039","BLTP3B","protein_coding"
"17040","H2BN1","protein_coding"
"17041","PAFAH1B1","protein_coding"
"17042","TIA1","protein_coding"
"17043","SPSB4","protein_coding"
"17044","EIF2D","protein_coding"
"17045","ZNF106","protein_coding"
"17046","CCDC15","protein_coding"
"17047","SEC22A","protein_coding"
"17048","HEPACAM","protein_coding"
"17049","CROCC","protein_coding"
"17050","ACTR6","protein_coding"
"17051","MFSD12","protein_coding"
"17052","API5","protein_coding"
"17053","ADCY5","protein_coding"
"17054","MYEF2","protein_coding"
"17055","PCYOX1","protein_coding"
"17056","WSCD1","protein_coding"
"17057","THUMPD2","protein_coding"
"17058","ADGRE1","protein_coding"
"17059","DEPDC4","protein_coding"
"17060","ALOXE3","protein_coding"
"17061","VASH2","protein_coding"
"17062","ST3GAL5","protein_coding"
"17063","SCYL2","protein_coding"
"17064","GLDN","protein_coding"
"17065","CLTC","protein_coding"
"17066","TTC17","protein_coding"
"17067","LRRC3B","protein_coding"
"17068","RIPK2","protein_coding"
"17069","CYB5RL","protein_coding"
"17070","TMPRSS7","protein_coding"
"17071","AQP9","protein_coding"
"17072","ATXN7L2","protein_coding"
"17073","CHRD","protein_coding"
"17074","MYO9A","protein_coding"
"17075","OSGIN2","protein_coding"
"17076","CENPL","protein_coding"
"17077","OR52P1","protein_coding"
"17078","TCP11L1","protein_coding"
"17079","MBD3L2B","protein_coding"
"17080","HNRNPM","protein_coding"
"17081","DECR1","protein_coding"
"17082","TXNL4B","protein_coding"
"17083","PMFBP1","protein_coding"
"17084","CSTF3","protein_coding"
"17085","RABGAP1L","protein_coding"
"17086","SLFN12","protein_coding"
"17087","HIPK3","protein_coding"
"17088","NBN","protein_coding"
"17089","SLFN12L","protein_coding"
"17090","SPNS3","protein_coding"
"17091","GCKR","protein_coding"
"17092","TP53","protein_coding"
"17093","SATB1","protein_coding"
"17094","MRPL33","protein_coding"
"17095","ANGPTL8","protein_coding"
"17096","ANKLE1","protein_coding"
"17097","RBKS","protein_coding"
"17098","FOSL2","protein_coding"
"17099","KIAA1549L","protein_coding"
"17100","PLB1","protein_coding"
"17101","AMPD1","protein_coding"
"17102","LMO2","protein_coding"
"17103","ABHD8","protein_coding"
"17104","SLCO3A1","protein_coding"
"17105","CAPRIN1","protein_coding"
"17106","ZNF148","protein_coding"
"17107","MRPL34","protein_coding"
"17108","UBE2U","protein_coding"
"17109","DDA1","protein_coding"
"17110","ST8SIA2","protein_coding"
"17111","CD101","protein_coding"
"17112","ANO8","protein_coding"
"17113","LCE1C","protein_coding"
"17114","H3-7","protein_coding"
"17115","NPL","protein_coding"
"17116","NOX5","protein_coding"
"17117","GTPBP3","protein_coding"
"17118","SPDYA","protein_coding"
"17119","IL12A","protein_coding"
"17120","NAT10","protein_coding"
"17121","TRMT61B","protein_coding"
"17122","RCC1","protein_coding"
"17123","XXYLT1","protein_coding"
"17124","WDR43","protein_coding"
"17125","CEBPD","protein_coding"
"17126","ANKRD34C","protein_coding"
"17127","TMED3","protein_coding"
"17128","PRKDC","protein_coding"
"17129","TOGARAM2","protein_coding"
"17130","ACAP2","protein_coding"
"17131","ADAL","protein_coding"
"17132","SMARCAL1","protein_coding"
"17133","TMEM266","protein_coding"
"17134","PLVAP","protein_coding"
"17135","ARHGEF33","protein_coding"
"17136","RYR3","protein_coding"
"17137","CCDC194","protein_coding"
"17138","PPP1R2","protein_coding"
"17139","SOCS5","protein_coding"
"17140","MVB12A","protein_coding"
"17141","MCFD2","protein_coding"
"17142","OR8G2P","protein_coding"
"17143","BLID","protein_coding"
"17144","NRXN2","protein_coding"
"17145","APOD","protein_coding"
"17146","STPG4","protein_coding"
"17147","ARL6","protein_coding"
"17148","CRNN","protein_coding"
"17149","LCE5A","protein_coding"
"17150","SLC27A1","protein_coding"
"17151","CRCT1","protein_coding"
"17152","CALM2","protein_coding"
"17153","LCE3E","protein_coding"
"17154","LCE3D","protein_coding"
"17155","TEKT2","protein_coding"
"17156","LRTM1","protein_coding"
"17157","ADPRS","protein_coding"
"17158","ZNF875","protein_coding"
"17159","CACNA1D","protein_coding"
"17160","COL8A2","protein_coding"
"17161","TRAPPC3","protein_coding"
"17162","EPCAM","protein_coding"
"17163","MAP7D1","protein_coding"
"17164","TUSC3","protein_coding"
"17165","ZNF571","protein_coding"
"17166","KCNIP3","protein_coding"
"17167","CATSPERG","protein_coding"
"17168","DLG4","protein_coding"
"17169","DOCK10","protein_coding"
"17170","ZNF362","protein_coding"
"17171","LITAFD","protein_coding"
"17172","A3GALT2","protein_coding"
"17173","S100A6","protein_coding"
"17174","S100A4","protein_coding"
"17175","ZNF703","protein_coding"
"17176","ERLIN2","protein_coding"
"17177","S100A3","protein_coding"
"17178","S100A2","protein_coding"
"17179","S100A16","protein_coding"
"17180","OR52B2","protein_coding"
"17181","OR52W1","protein_coding"
"17182","C11orf42","protein_coding"
"17183","S100A14","protein_coding"
"17184","FHIP1B","protein_coding"
"17185","FBXO27","protein_coding"
"17186","S100A1","protein_coding"
"17187","ACTC1","protein_coding"
"17188","SP110","protein_coding"
"17189","FOSB","protein_coding"
"17190","SNAPIN","protein_coding"
"17191","CNGA4","protein_coding"
"17192","PLPBP","protein_coding"
"17193","CCKBR","protein_coding"
"17194","SH3D21","protein_coding"
"17195","TPM1","protein_coding"
"17196","FUT2","protein_coding"
"17197","APBB1","protein_coding"
"17198","STK40","protein_coding"
"17199","STAT1","protein_coding"
"17200","ADGRA2","protein_coding"
"17201","USP29","protein_coding"
"17202","LSM10","protein_coding"
"17203","ZIM3","protein_coding"
"17204","OSCP1","protein_coding"
"17205","DUXA","protein_coding"
"17206","ZNF264","protein_coding"
"17207","RAB11FIP1","protein_coding"
"17208","ERCC1","protein_coding"
"17209","MRPS15","protein_coding"
"17210","EVA1B","protein_coding"
"17211","ASCL5","protein_coding"
"17212","GOT1L1","protein_coding"
"17213","STX6","protein_coding"
"17214","ADRB3","protein_coding"
"17215","EIF4EBP1","protein_coding"
"17216","MR1","protein_coding"
"17217","CHRDL2","protein_coding"
"17218","STAR","protein_coding"
"17219","PPP2R3A","protein_coding"
"17220","STAT3","protein_coding"
"17221","TMED5","protein_coding"
"17222","DNM2","protein_coding"
"17223","LSM1","protein_coding"
"17224","CCDC18","protein_coding"
"17225","BAG4","protein_coding"
"17226","DDHD2","protein_coding"
"17227","PCCB","protein_coding"
"17228","FBN1","protein_coding"
"17229","XRRA1","protein_coding"
"17230","TMEM269","protein_coding"
"17231","SMARCA4","protein_coding"
"17232","SVBP","protein_coding"
"17233","GORAB","protein_coding"
"17234","GTF2E2","protein_coding"
"17235","KDM1A","protein_coding"
"17236","CHRNA2","protein_coding"
"17237","LCE1B","protein_coding"
"17238","LCE1A","protein_coding"
"17239","LCE6A","protein_coding"
"17240","SMCP","protein_coding"
"17241","IVL","protein_coding"
"17242","MYZAP","protein_coding"
"17243","SPRR4","protein_coding"
"17244","SPRR3","protein_coding"
"17245","SPRR1B","protein_coding"
"17246","SPRR2D","protein_coding"
"17247","EPHX2","protein_coding"
"17248","SPRR2A","protein_coding"
"17249","DGAT2","protein_coding"
"17250","SPRR2B","protein_coding"
"17251","SPRR2E","protein_coding"
"17252","SPRR2F","protein_coding"
"17253","SPRR2G","protein_coding"
"17254","CADM3","protein_coding"
"17255","GCOM1","protein_coding"
"17256","TRIM66","protein_coding"
"17257","CYP2R1","protein_coding"
"17258","MYOM3","protein_coding"
"17259","NHEJ1","protein_coding"
"17260","CALCA","protein_coding"
"17261","IL22RA1","protein_coding"
"17262","IFNLR1","protein_coding"
"17263","MSL2","protein_coding"
"17264","MPHOSPH10","protein_coding"
"17265","EIF4G2","protein_coding"
"17266","ERC2","protein_coding"
"17267","TTC7A","protein_coding"
"17268","CLU","protein_coding"
"17269","ELF3","protein_coding"
"17270","GRAPL","protein_coding"
"17271","EOMES","protein_coding"
"17272","SLC6A20","protein_coding"
"17273","HDAC5","protein_coding"
"17274","LGR6","protein_coding"
"17275","RAMAC","protein_coding"
"17276","C15orf40","protein_coding"
"17277","MRPS25","protein_coding"
"17278","OR4A47","protein_coding"
"17279","BTBD1","protein_coding"
"17280","ETS1","protein_coding"
"17281","SCARA3","protein_coding"
"17282","WIPF1","protein_coding"
"17283","SIPA1L2","protein_coding"
"17284","CCDC25","protein_coding"
"17285","HDGFL3","protein_coding"
"17286","HEG1","protein_coding"
"17287","SMAD3","protein_coding"
"17288","SRSF4","protein_coding"
"17289","CD59","protein_coding"
"17290","GNL3","protein_coding"
"17291","MRPS5","protein_coding"
"17292","MROH9","protein_coding"
"17293","EPB42","protein_coding"
"17294","FMO3","protein_coding"
"17295","GLT8D1","protein_coding"
"17296","FMO2","protein_coding"
"17297","DLG2","protein_coding"
"17298","ESCO2","protein_coding"
"17299","ZNF514","protein_coding"
"17300","CIAO2A","protein_coding"
"17301","PEAR1","protein_coding"
"17302","PRPF40A","protein_coding"
"17303","ALDH1A3","protein_coding"
"17304","PBK","protein_coding"
"17305","XAF1","protein_coding"
"17306","ETV3L","protein_coding"
"17307","ELL2","protein_coding"
"17308","ETV3","protein_coding"
"17309","SPCS1","protein_coding"
"17310","LRRK1","protein_coding"
"17311","C1orf94","protein_coding"
"17312","NEK4","protein_coding"
"17313","CSMD2","protein_coding"
"17314","FBXO39","protein_coding"
"17315","TEKT1","protein_coding"
"17316","ITIH1","protein_coding"
"17317","SCARA5","protein_coding"
"17318","SP6","protein_coding"
"17319","MFSD2B","protein_coding"
"17320","SP2","protein_coding"
"17321","WDCP","protein_coding"
"17322","PNPO","protein_coding"
"17323","NUGGC","protein_coding"
"17324","FKBP1B","protein_coding"
"17325","LINC02203","protein_coding"
"17326","ELP3","protein_coding"
"17327","PBXIP1","protein_coding"
"17328","SF3B6","protein_coding"
"17329","FAM228B","protein_coding"
"17330","ITIH4","protein_coding"
"17331","TP53I3","protein_coding"
"17332","PRR15L","protein_coding"
"17333","CDK5RAP3","protein_coding"
"17334","PYGO2","protein_coding"
"17335","PFN4","protein_coding"
"17336","SHC1","protein_coding"
"17337","ITSN2","protein_coding"
"17338","NPAP1","protein_coding"
"17339","SNRPN","protein_coding"
"17340","PNOC","protein_coding"
"17341","MUSTN1","protein_coding"
"17342","STIMATE-MUSTN1","protein_coding"
"17343","ZNF395","protein_coding"
"17344","STIMATE","protein_coding"
"17345","ITIH3","protein_coding"
"17346","FBXO16","protein_coding"
"17347","SNURF","protein_coding"
"17348","FAM228A","protein_coding"
"17349","SLC4A1AP","protein_coding"
"17350","C2orf73","protein_coding"
"17351","CKS1B","protein_coding"
"17352","KLHL25","protein_coding"
"17353","TRAPPC9","protein_coding"
"17354","TTC21A","protein_coding"
"17355","EML6","protein_coding"
"17356","FLAD1","protein_coding"
"17357","BRCA1","protein_coding"
"17358","RTN4","protein_coding"
"17359","ZBTB7B","protein_coding"
"17360","EXPH5","protein_coding"
"17361","ADAM28","protein_coding"
"17362","DCST2","protein_coding"
"17363","POGLUT3","protein_coding"
"17364","USF3","protein_coding"
"17365","ARRDC4","protein_coding"
"17366","DCST1","protein_coding"
"17367","NAA50","protein_coding"
"17368","LRRC28","protein_coding"
"17369","POLA2","protein_coding"
"17370","GRAMD1C","protein_coding"
"17371","ADAMDEC1","protein_coding"
"17372","ADAM15","protein_coding"
"17373","PPIB","protein_coding"
"17374","MPZL3","protein_coding"
"17375","CHRNB4","protein_coding"
"17376","CIST1","protein_coding"
"17377","UGP2","protein_coding"
"17378","ADAM7","protein_coding"
"17379","LDHC","protein_coding"
"17380","ADAMTS7","protein_coding"
"17381","IMPDH2","protein_coding"
"17382","MORF4L1","protein_coding"
"17383","ST18","protein_coding"
"17384","DNAH17","protein_coding"
"17385","QRICH1","protein_coding"
"17386","REEP1","protein_coding"
"17387","KRBOX1","protein_coding"
"17388","RHOT1","protein_coding"
"17389","RRS1","protein_coding"
"17390","ZBTB11","protein_coding"
"17391","ADHFE1","protein_coding"
"17392","CHMP3","protein_coding"
"17393","ZBTB20","protein_coding"
"17394","RNF103","protein_coding"
"17395","BBS4","protein_coding"
"17396","AMMECR1L","protein_coding"
"17397","GPX1","protein_coding"
"17398","CACNA1A","protein_coding"
"17399","GPC1","protein_coding"
"17400","TBL1XR1","protein_coding"
"17401","ZFAND6","protein_coding"
"17402","PCSK1","protein_coding"
"17403","GPR35","protein_coding"
"17404","VXN","protein_coding"
"17405","PEX13","protein_coding"
"17406","REL","protein_coding"
"17407","MTMR11","protein_coding"
"17408","ANKMY1","protein_coding"
"17409","ERAP2","protein_coding"
"17410","ZNF704","protein_coding"
"17411","ZNF609","protein_coding"
"17412","AZIN1","protein_coding"
"17413","OTUD7B","protein_coding"
"17414","OAZ2","protein_coding"
"17415","FAM72D","protein_coding"
"17416","RBPMS2","protein_coding"
"17417","SF1","protein_coding"
"17418","ANKRD35","protein_coding"
"17419","RPL23","protein_coding"
"17420","SLC1A5","protein_coding"
"17421","ITGA10","protein_coding"
"17422","SUB1","protein_coding"
"17423","LASP1","protein_coding"
"17424","RASGRP4","protein_coding"
"17425","LASP1NB","protein_coding"
"17426","FBXO47","protein_coding"
"17427","ITGB1BP1","protein_coding"
"17428","PEX11B","protein_coding"
"17429","LIX1L","protein_coding"
"17430","PTRH2","protein_coding"
"17431","ANKRD34A","protein_coding"
"17432","HSF5","protein_coding"
"17433","POLR3GL","protein_coding"
"17434","VMP1","protein_coding"
"17435","TXNIP","protein_coding"
"17436","HJV","protein_coding"
"17437","TBX2","protein_coding"
"17438","NBPF10","protein_coding"
"17439","CPSF3","protein_coding"
"17440","TBX4","protein_coding"
"17441","NLRX1","protein_coding"
"17442","CCNG1","protein_coding"
"17443","IAH1","protein_coding"
"17444","LINC02210-CRHR1","protein_coding"
"17445","OTULIN","protein_coding"
"17446","YWHAQ","protein_coding"
"17447","MTX3","protein_coding"
"17448","TEX46","protein_coding"
"17449","AGBL4","protein_coding"
"17450","MS4A8","protein_coding"
"17451","THBS4","protein_coding"
"17452","ADAM17","protein_coding"
"17453","BEND5","protein_coding"
"17454","EBAG9","protein_coding"
"17455","GNA13","protein_coding"
"17456","RYR1","protein_coding"
"17457","RGS9","protein_coding"
"17458","MS4A15","protein_coding"
"17459","C1orf185","protein_coding"
"17460","SERINC5","protein_coding"
"17461","ROR1","protein_coding"
"17462","VAMP4","protein_coding"
"17463","MS4A10","protein_coding"
"17464","HEPN1","protein_coding"
"17465","SLC1A2","protein_coding"
"17466","SYBU","protein_coding"
"17467","SPZ1","protein_coding"
"17468","CFAP74","protein_coding"
"17469","GBX2","protein_coding"
"17470","CACNG5","protein_coding"
"17471","AGAP1","protein_coding"
"17472","NOTCH2NLC","protein_coding"
"17473","CACNG4","protein_coding"
"17474","CACNG1","protein_coding"
"17475","RALGPS2","protein_coding"
"17476","HELZ","protein_coding"
"17477","ANGPTL1","protein_coding"
"17478","LDLR","protein_coding"
"17479","FHAD1","protein_coding"
"17480","NLGN1","protein_coding"
"17481","SCG2","protein_coding"
"17482","WDFY1","protein_coding"
"17483","MRPL44","protein_coding"
"17484","NMNAT3","protein_coding"
"17485","SLC47A1","protein_coding"
"17486","SERPINE2","protein_coding"
"17487","TGFBR3L","protein_coding"
"17488","TUBB4A","protein_coding"
"17489","AP1S3","protein_coding"
"17490","H1-10","protein_coding"
"17491","RMND5A","protein_coding"
"17492","USP19","protein_coding"
"17493","HSPB3","protein_coding"
"17494","CD8B","protein_coding"
"17495","SNX18","protein_coding"
"17496","GCDH","protein_coding"
"17497","C17orf113","protein_coding"
"17498","EIF4G3","protein_coding"
"17499","CD8A","protein_coding"
"17500","USP22","protein_coding"
"17501","FAM90A22","protein_coding"
"17502","NFE2L2","protein_coding"
"17503","FAM90A8","protein_coding"
"17504","FAM90A18","protein_coding"
"17505","DHRS7B","protein_coding"
"17506","FAM90A14","protein_coding"
"17507","TNNT1","protein_coding"
"17508","ASH2L","protein_coding"
"17509","TMEM11","protein_coding"
"17510","NATD1","protein_coding"
"17511","MAP2K3","protein_coding"
"17512","ACP3","protein_coding"
"17513","IQCF3","protein_coding"
"17514","PAMR1","protein_coding"
"17515","VIRMA","protein_coding"
"17516","NFKBIZ","protein_coding"
"17517","FBXW10B","protein_coding"
"17518","ESRP1","protein_coding"
"17519","MADD","protein_coding"
"17520","ODC1","protein_coding"
"17521","LLGL1","protein_coding"
"17522","TNNI3","protein_coding"
"17523","NT5C1B","protein_coding"
"17524","DNAAF3","protein_coding"
"17525","ZNF892","protein_coding"
"17526","MAP4K4","protein_coding"
"17527","FBXL20","protein_coding"
"17528","SLC38A3","protein_coding"
"17529","ITPKB","protein_coding"
"17530","DPY19L4","protein_coding"
"17531","SYT5","protein_coding"
"17532","SUZ12","protein_coding"
"17533","S100A11","protein_coding"
"17534","RPL24","protein_coding"
"17535","TCHHL1","protein_coding"
"17536","RPTN","protein_coding"
"17537","HRNR","protein_coding"
"17538","NBPF15","protein_coding"
"17539","NXPE3","protein_coding"
"17540","PTPRH","protein_coding"
"17541","NDUFAF6","protein_coding"
"17542","ARHGDIA","protein_coding"
"17543","SCYGR2","protein_coding"
"17544","SCYGR5","protein_coding"
"17545","SCYGR7","protein_coding"
"17546","SCYGR8","protein_coding"
"17547","SPATA3","protein_coding"
"17548","PIGV","protein_coding"
"17549","CCDC195","protein_coding"
"17550","SCYGR1","protein_coding"
"17551","SCYGR3","protein_coding"
"17552","SCYGR6","protein_coding"
"17553","RNF228","protein_coding"
"17554","GULP1","protein_coding"
"17555","ZDHHC18","protein_coding"
"17556","CFAP418","protein_coding"
"17557","MAP4","protein_coding"
"17558","TMEM86B","protein_coding"
"17559","MLLT1","protein_coding"
"17560","CSGALNACT1","protein_coding"
"17561","SFN","protein_coding"
"17562","GPN2","protein_coding"
"17563","ASPSCR1","protein_coding"
"17564","GPATCH3","protein_coding"
"17565","ZFP36","protein_coding"
"17566","NUDC","protein_coding"
"17567","KLF2","protein_coding"
"17568","EPS15L1","protein_coding"
"17569","NBAS","protein_coding"
"17570","NR0B2","protein_coding"
"17571","TENT5B","protein_coding"
"17572","CATSPER4","protein_coding"
"17573","ARF4","protein_coding"
"17574","CEP85","protein_coding"
"17575","PDLIM2","protein_coding"
"17576","PRAC1","protein_coding"
"17577","PRAC2","protein_coding"
"17578","DENND6A","protein_coding"
"17579","HOXB13","protein_coding"
"17580","TTLL6","protein_coding"
"17581","LIN28A","protein_coding"
"17582","CALCOCO2","protein_coding"
"17583","UBXN11","protein_coding"
"17584","SATB2","protein_coding"
"17585","PPP1R15B","protein_coding"
"17586","DMRTB1","protein_coding"
"17587","FABP12","protein_coding"
"17588","ATP5MC1","protein_coding"
"17589","GLIS1","protein_coding"
"17590","CHD7","protein_coding"
"17591","NDC1","protein_coding"
"17592","UBE2Z","protein_coding"
"17593","NR4A2","protein_coding"
"17594","TEX54","protein_coding"
"17595","SNF8","protein_coding"
"17596","NUP98","protein_coding"
"17597","CALR3","protein_coding"
"17598","PLEKHF2","protein_coding"
"17599","KMT5A","protein_coding"
"17600","RGS7","protein_coding"
"17601","CNBD1","protein_coding"
"17602","C19orf44","protein_coding"
"17603","RILPL2","protein_coding"
"17604","EXOSC7","protein_coding"
"17605","SNRNP35","protein_coding"
"17606","RILPL1","protein_coding"
"17607","CYRIB","protein_coding"
"17608","GIP","protein_coding"
"17609","CHERP","protein_coding"
"17610","CDKL4","protein_coding"
"17611","PER1","protein_coding"
"17612","NEMP2","protein_coding"
"17613","CLEC3B","protein_coding"
"17614","BIRC6","protein_coding"
"17615","FBXW8","protein_coding"
"17616","CNR2","protein_coding"
"17617","PNRC2","protein_coding"
"17618","SRSF10","protein_coding"
"17619","SLC35E1","protein_coding"
"17620","TESC","protein_coding"
"17621","ATP2B2","protein_coding"
"17622","CD300E","protein_coding"
"17623","MILR1","protein_coding"
"17624","TINCR","protein_coding"
"17625","FBXO21","protein_coding"
"17626","GRHL3","protein_coding"
"17627","SMIM46","protein_coding"
"17628","C1QL1","protein_coding"
"17629","SYMPK","protein_coding"
"17630","COPZ2","protein_coding"
"17631","TEKT4","protein_coding"
"17632","CLASP1","protein_coding"
"17633","NFE2L1","protein_coding"
"17634","METTL13","protein_coding"
"17635","CBX1","protein_coding"
"17636","SNX11","protein_coding"
"17637","FGFR1","protein_coding"
"17638","DNM3","protein_coding"
"17639","SKAP1","protein_coding"
"17640","MFSD6","protein_coding"
"17641","MYCN","protein_coding"
"17642","NEUROD2","protein_coding"
"17643","SLC6A11","protein_coding"
"17644","FSIP2","protein_coding"
"17645","PPP1R1B","protein_coding"
"17646","ZIM2","protein_coding"
"17647","PPP1CB","protein_coding"
"17648","ROBO2","protein_coding"
"17649","STARD3","protein_coding"
"17650","PIGC","protein_coding"
"17651","GPAT2","protein_coding"
"17652","C1orf105","protein_coding"
"17653","EFCAB2","protein_coding"
"17654","ERF","protein_coding"
"17655","MICAL2","protein_coding"
"17656","PIH1D1","protein_coding"
"17657","FMNL2","protein_coding"
"17658","TCAP","protein_coding"
"17659","PNMT","protein_coding"
"17660","ABCA4","protein_coding"
"17661","PGAP3","protein_coding"
"17662","ZDHHC3","protein_coding"
"17663","FTCDNL1","protein_coding"
"17664","ERBB2","protein_coding"
"17665","CPO","protein_coding"
"17666","TSSK6","protein_coding"
"17667","NDUFA13","protein_coding"
"17668","KLF7","protein_coding"
"17669","FIGLA","protein_coding"
"17670","ZNF385D","protein_coding"
"17671","CLEC4F","protein_coding"
"17672","YJEFN3","protein_coding"
"17673","MDM4","protein_coding"
"17674","CD207","protein_coding"
"17675","TEX261","protein_coding"
"17676","OPCML","protein_coding"
"17677","CILP2","protein_coding"
"17678","DUSP19","protein_coding"
"17679","CEP97","protein_coding"
"17680","MIEN1","protein_coding"
"17681","NUP35","protein_coding"
"17682","PBX4","protein_coding"
"17683","GRB7","protein_coding"
"17684","NFKBID","protein_coding"
"17685","GRIA4","protein_coding"
"17686","NCKAP1","protein_coding"
"17687","IZUMO4","protein_coding"
"17688","WDR47","protein_coding"
"17689","IKZF3","protein_coding"
"17690","PYCR2","protein_coding"
"17691","CLPP","protein_coding"
"17692","CCDC54","protein_coding"
"17693","IWS1","protein_coding"
"17694","BBX","protein_coding"
"17695","HARBI1","protein_coding"
"17696","ATG13","protein_coding"
"17697","STK11","protein_coding"
"17698","NRDC","protein_coding"
"17699","SLC1A4","protein_coding"
"17700","P2RX4","protein_coding"
"17701","MAN2B1","protein_coding"
"17702","RAB1A","protein_coding"
"17703","ZPBP2","protein_coding"
"17704","ACTR2","protein_coding"
"17705","GSDMB","protein_coding"
"17706","USP40","protein_coding"
"17707","CAMKK2","protein_coding"
"17708","AQP7B","protein_coding"
"17709","SCYGR10","protein_coding"
"17710","SCYGR4","protein_coding"
"17711","PLPP2","protein_coding"
"17712","LANCL1","protein_coding"
"17713","ORMDL3","protein_coding"
"17714","LRRC3C","protein_coding"
"17715","GSDMA","protein_coding"
"17716","MIER2","protein_coding"
"17717","PSMD3","protein_coding"
"17718","ARHGAP1","protein_coding"
"17719","CPS1","protein_coding"
"17720","SPMAP2","protein_coding"
"17721","CD47","protein_coding"
"17722","CSF3","protein_coding"
"17723","ZNF408","protein_coding"
"17724","FAF1","protein_coding"
"17725","F2","protein_coding"
"17726","FGF12","protein_coding"
"17727","ZNF823","protein_coding"
"17728","MED24","protein_coding"
"17729","ZNF441","protein_coding"
"17730","CKAP5","protein_coding"
"17731","ZNF491","protein_coding"
"17732","GOLGA4","protein_coding"
"17733","ZNF440","protein_coding"
"17734","PRRC2C","protein_coding"
"17735","ZNF506","protein_coding"
"17736","ANAPC5","protein_coding"
"17737","ZNF492","protein_coding"
"17738","IGSF9","protein_coding"
"17739","LRP4","protein_coding"
"17740","TARS2","protein_coding"
"17741","UQCRFS1","protein_coding"
"17742","RNF34","protein_coding"
"17743","VSTM2B","protein_coding"
"17744","POP4","protein_coding"
"17745","ZNF572","protein_coding"
"17746","SQLE","protein_coding"
"17747","KDM2B","protein_coding"
"17748","PICALM","protein_coding"
"17749","PRKAR2A","protein_coding"
"17750","TSHZ3","protein_coding"
"17751","FFAR3","protein_coding"
"17752","GPR42","protein_coding"
"17753","EXOSC4","protein_coding"
"17754","FFAR2","protein_coding"
"17755","CHRNA6","protein_coding"
"17756","ZNF850","protein_coding"
"17757","THAP1","protein_coding"
"17758","RNF170","protein_coding"
"17759","LGALS16","protein_coding"
"17760","TDRKH","protein_coding"
"17761","ETFBKMT","protein_coding"
"17762","PLOD2","protein_coding"
"17763","HOOK3","protein_coding"
"17764","AMN1","protein_coding"
"17765","ZFP28","protein_coding"
"17766","PUF60","protein_coding"
"17767","RPE","protein_coding"
"17768","ZNF470","protein_coding"
"17769","H3-5","protein_coding"
"17770","ZNF71","protein_coding"
"17771","PRSS23","protein_coding"
"17772","SMIM17","protein_coding"
"17773","ZNF835","protein_coding"
"17774","CCR9","protein_coding"
"17775","FZD4","protein_coding"
"17776","PRRG4","protein_coding"
"17777","XCR1","protein_coding"
"17778","SACM1L","protein_coding"
"17779","QSER1","protein_coding"
"17780","NBPF11","protein_coding"
"17781","MAP2","protein_coding"
"17782","DEPDC7","protein_coding"
"17783","ZNF83","protein_coding"
"17784","OTUB1","protein_coding"
"17785","ADGRE5","protein_coding"
"17786","NOTCH2","protein_coding"
"17787","OR4S1","protein_coding"
"17788","OR4C3","protein_coding"
"17789","OR4C5","protein_coding"
"17790","MARK2","protein_coding"
"17791","TRIP12","protein_coding"
"17792","DDX39A","protein_coding"
"17793","PATJ","protein_coding"
"17794","KHDRBS3","protein_coding"
"17795","ATP6V1A","protein_coding"
"17796","PKN1","protein_coding"
"17797","TMEM65","protein_coding"
"17798","GPAA1","protein_coding"
"17799","SLMAP","protein_coding"
"17800","PTGER1","protein_coding"
"17801","GIPC1","protein_coding"
"17802","NPPA","protein_coding"
"17803","DNAJB1","protein_coding"
"17804","KISS1","protein_coding"
"17805","PELI3","protein_coding"
"17806","MAST2","protein_coding"
"17807","CERS4","protein_coding"
"17808","MS4A18","protein_coding"
"17809","TOP6BL","protein_coding"
"17810","PRKAA2","protein_coding"
"17811","SEMA4A","protein_coding"
"17812","ADGRE3","protein_coding"
"17813","TMEM87B","protein_coding"
"17814","CADM1","protein_coding"
"17815","PCM1","protein_coding"
"17816","PUM2","protein_coding"
"17817","ZNF333","protein_coding"
"17818","GRM7","protein_coding"
"17819","ADGRE2","protein_coding"
"17820","CCNL2","protein_coding"
"17821","JAML","protein_coding"
"17822","NKX6-3","protein_coding"
"17823","PXDN","protein_coding"
"17824","ANK1","protein_coding"
"17825","POMGNT2","protein_coding"
"17826","IL1RAP","protein_coding"
"17827","KDF1","protein_coding"
"17828","VTCN1","protein_coding"
"17829","SH3YL1","protein_coding"
"17830","TRIM68","protein_coding"
"17831","ZNF644","protein_coding"
"17832","OR52I1","protein_coding"
"17833","PLAAT3","protein_coding"
"17834","VPS51","protein_coding"
"17835","CYP4A22","protein_coding"
"17836","EIF1B","protein_coding"
"17837","ARRDC5","protein_coding"
"17838","NPAS4","protein_coding"
"17839","KLHL17","protein_coding"
"17840","GTF2E1","protein_coding"
"17841","LGALS13","protein_coding"
"17842","ACP1","protein_coding"
"17843","OR56A5","protein_coding"
"17844","MEIS3","protein_coding"
"17845","KMT2A","protein_coding"
"17846","STXBP5L","protein_coding"
"17847","TRIM46","protein_coding"
"17848","ZFP36L2","protein_coding"
"17849","TSPYL6","protein_coding"
"17850","TNS1","protein_coding"
"17851","SLC8A2","protein_coding"
"17852","PRKCI","protein_coding"
"17853","PDE2A","protein_coding"
"17854","MUC1","protein_coding"
"17855","KPTN","protein_coding"
"17856","SKIL","protein_coding"
"17857","NAPA","protein_coding"
"17858","MTMR7","protein_coding"
"17859","CLDN11","protein_coding"
"17860","SLC7A14","protein_coding"
"17861","STAB1","protein_coding"
"17862","SLC7A2","protein_coding"
"17863","POLGARF","protein_coding"
"17864","C5AR2","protein_coding"
"17865","DHX34","protein_coding"
"17866","MZF1","protein_coding"
"17867","PDGFRL","protein_coding"
"17868","MYO1F","protein_coding"
"17869","ASPH","protein_coding"
"17870","CREG2","protein_coding"
"17871","NT5DC2","protein_coding"
"17872","RFX8","protein_coding"
"17873","RGPD1","protein_coding"
"17874","PLGLB1","protein_coding"
"17875","BIN1","protein_coding"
"17876","UQCC5","protein_coding"
"17877","PBRM1","protein_coding"
"17878","ADAMTS10","protein_coding"
"17879","ARAP1","protein_coding"
"17880","FTL","protein_coding"
"17881","LIPE","protein_coding"
"17882","NLRP12","protein_coding"
"17883","BMF","protein_coding"
"17884","CAPS","protein_coding"
"17885","HYPK","protein_coding"
"17886","OPRD1","protein_coding"
"17887","TPM4","protein_coding"
"17888","MAN2A2","protein_coding"
"17889","GBP5","protein_coding"
"17890","DIRAS3","protein_coding"
"17891","ELOA","protein_coding"
"17892","HMGCL","protein_coding"
"17893","FUCA1","protein_coding"
"17894","HCRTR1","protein_coding"
"17895","C15orf48","protein_coding"
"17896","COL16A1","protein_coding"
"17897","CYP27C1","protein_coding"
"17898","OGG1","protein_coding"
"17899","ERCC3","protein_coding"
"17900","LINC03040","protein_coding"
"17901","HSH2D","protein_coding"
"17902","ORC3","protein_coding"
"17903","STARD10","protein_coding"
"17904","RIMS2","protein_coding"
"17905","CIB3","protein_coding"
"17906","FAM32A","protein_coding"
"17907","AP1M1","protein_coding"
"17908","FYTTD1","protein_coding"
"17909","ATG16L2","protein_coding"
"17910","PKIA","protein_coding"
"17911","MYOCOS","protein_coding"
"17912","ALDH9A1","protein_coding"
"17913","RUBCN","protein_coding"
"17914","ZC2HC1A","protein_coding"
"17915","H4C1","protein_coding"
"17916","H2BC3","protein_coding"
"17917","TYK2","protein_coding"
"17918","KCTD20","protein_coding"
"17919","OR2B11","protein_coding"
"17920","OR6N2","protein_coding"
"17921","H3C15","protein_coding"
"17922","H2BC18","protein_coding"
"17923","H4C15","protein_coding"
"17924","H2AC19","protein_coding"
"17925","DCAF6","protein_coding"
"17926","DCUN1D1","protein_coding"
"17927","STK38","protein_coding"
"17928","SLC8A1","protein_coding"
"17929","SRSF3","protein_coding"
"17930","MCCC1","protein_coding"
"17931","GPIHBP1","protein_coding"
"17932","ZFP41","protein_coding"
"17933","PID1","protein_coding"
"17934","CNRIP1","protein_coding"
"17935","GLI4","protein_coding"
"17936","PLEK","protein_coding"
"17937","OR4C45","protein_coding"
"17938","ZNF696","protein_coding"
"17939","FBXO48","protein_coding"
"17940","APLF","protein_coding"
"17941","TACC1","protein_coding"
"17942","H2AC8","protein_coding"
"17943","GADD45B","protein_coding"
"17944","CACNB4","protein_coding"
"17945","PNRC1","protein_coding"
"17946","IRAG1","protein_coding"
"17947","H2AC18","protein_coding"
"17948","H2BC21","protein_coding"
"17949","H4C14","protein_coding"
"17950","SRSF12","protein_coding"
"17951","TRMT13","protein_coding"
"17952","PM20D2","protein_coding"
"17953","H3C14","protein_coding"
"17954","GABRR1","protein_coding"
"17955","SEC16B","protein_coding"
"17956","ZSCAN12","protein_coding"
"17957","PTGIR","protein_coding"
"17958","ZSCAN23","protein_coding"
"17959","ZNF708","protein_coding"
"17960","LAMP3","protein_coding"
"17961","IL19","protein_coding"
"17962","ZNF738","protein_coding"
"17963","ZNF283","protein_coding"
"17964","LCE2C","protein_coding"
"17965","CAND2","protein_coding"
"17966","OR2C3","protein_coding"
"17967","ZNF404","protein_coding"
"17968","SELENOS","protein_coding"
"17969","ADGRL2","protein_coding"
"17970","ZNF45","protein_coding"
"17971","CBLIF","protein_coding"
"17972","ZNF221","protein_coding"
"17973","IQSEC1","protein_coding"
"17974","ZNF155","protein_coding"
"17975","TCN1","protein_coding"
"17976","CDKN1A","protein_coding"
"17977","OOSP3","protein_coding"
"17978","MS4A2","protein_coding"
"17979","ZNF230","protein_coding"
"17980","SSU72L5","protein_coding"
"17981","ANGPT1","protein_coding"
"17982","SSU72L2","protein_coding"
"17983","TFAP2A","protein_coding"
"17984","SSU72L4","protein_coding"
"17985","SSU72L3","protein_coding"
"17986","SSU72L1","protein_coding"
"17987","OR52B4","protein_coding"
"17988","ZNF222","protein_coding"
"17989","TRIM21","protein_coding"
"17990","SCGB2B2","protein_coding"
"17991","DUSP4","protein_coding"
"17992","ALG1L2","protein_coding"
"17993","MSC","protein_coding"
"17994","GPR137","protein_coding"
"17995","HEY1","protein_coding"
"17996","OAZ1","protein_coding"
"17997","PRRT3","protein_coding"
"17998","FHIT","protein_coding"
"17999","FXYD5","protein_coding"
"18000","UBE2E1","protein_coding"
"18001","MRGPRF","protein_coding"
"18002","CFAP300","protein_coding"
"18003","YAP1","protein_coding"
"18004","NKIRAS1","protein_coding"
"18005","ZFTRAF1","protein_coding"
"18006","TMEM276-ZFTRAF1","protein_coding"
"18007","RPL15","protein_coding"
"18008","OPRK1","protein_coding"
"18009","BIRC3","protein_coding"
"18010","MYC","protein_coding"
"18011","STAM2","protein_coding"
"18012","BIRC2","protein_coding"
"18013","UBE2E2","protein_coding"
"18014","MYADM","protein_coding"
"18015","SLC25A32","protein_coding"
"18016","NEK10","protein_coding"
"18017","TMEM123","protein_coding"
"18018","SOX17","protein_coding"
"18019","SCN3A","protein_coding"
"18020","NFIC","protein_coding"
"18021","RP1","protein_coding"
"18022","MMP7","protein_coding"
"18023","MMP20","protein_coding"
"18024","EOGT","protein_coding"
"18025","RBPMS","protein_coding"
"18026","NCAM1","protein_coding"
"18027","TMF1","protein_coding"
"18028","SMIM24","protein_coding"
"18029","SMIM44","protein_coding"
"18030","SEMA6B","protein_coding"
"18031","CCNT2","protein_coding"
"18032","UBA3","protein_coding"
"18033","CLCNKB","protein_coding"
"18034","KCNQ3","protein_coding"
"18035","OR10H5","protein_coding"
"18036","CYP4F2","protein_coding"
"18037","ARFGEF3","protein_coding"
"18038","CHN1","protein_coding"
"18039","TTC12","protein_coding"
"18040","IL7","protein_coding"
"18041","KDM4B","protein_coding"
"18042","ARL6IP5","protein_coding"
"18043","PBOV1","protein_coding"
"18044","SMIM28","protein_coding"
"18045","HEBP2","protein_coding"
"18046","LMOD3","protein_coding"
"18047","SMIM18","protein_coding"
"18048","CCDC80","protein_coding"
"18049","MYMX","protein_coding"
"18050","NRG1","protein_coding"
"18051","SLC29A1","protein_coding"
"18052","VWA5B1","protein_coding"
"18053","KCTD18","protein_coding"
"18054","SGO2","protein_coding"
"18055","LCE3C","protein_coding"
"18056","KCNQ4","protein_coding"
"18057","CDC37","protein_coding"
"18058","CD200R1L","protein_coding"
"18059","GAP43","protein_coding"
"18060","CEP68","protein_coding"
"18061","ANKK1","protein_coding"
"18062","GXYLT2","protein_coding"
"18063","DRD2","protein_coding"
"18064","FRZB","protein_coding"
"18065","CITED4","protein_coding"
"18066","PPP4R2","protein_coding"
"18067","GLS","protein_coding"
"18068","SLFNL1","protein_coding"
"18069","EBLN2","protein_coding"
"18070","PKP1","protein_coding"
"18071","CRTAP","protein_coding"
"18072","SIDT2","protein_coding"
"18073","SUSD5","protein_coding"
"18074","FBXL2","protein_coding"
"18075","PPIL3","protein_coding"
"18076","LAD1","protein_coding"
"18077","GRB14","protein_coding"
"18078","PHLDA3","protein_coding"
"18079","CSRP1","protein_coding"
"18080","GLB1L2","protein_coding"
"18081","LBX2","protein_coding"
"18082","PRKAG3","protein_coding"
"18083","B3GAT1","protein_coding"
"18084","WNT6","protein_coding"
"18085","HSP90AB1","protein_coding"
"18086","PAX8","protein_coding"
"18087","UBP1","protein_coding"
"18088","MEN1","protein_coding"
"18089","IPO9","protein_coding"
"18090","SHISA4","protein_coding"
"18091","OR6B2","protein_coding"
"18092","SLC35B2","protein_coding"
"18093","CNGA3","protein_coding"
"18094","NUDT17","protein_coding"
"18095","NICN1","protein_coding"
"18096","COA5","protein_coding"
"18097","PIAS3","protein_coding"
"18098","NFKBIE","protein_coding"
"18099","UNC50","protein_coding"
"18100","TMEM151B","protein_coding"
"18101","MANF","protein_coding"
"18102","BABAM2","protein_coding"
"18103","ATG2A","protein_coding"
"18104","TCTE1","protein_coding"
"18105","RBM15B","protein_coding"
"18106","DCAF1","protein_coding"
"18107","AARS2","protein_coding"
"18108","RAD54L2","protein_coding"
"18109","SPATS1","protein_coding"
"18110","RBM8A","protein_coding"
"18111","CAPZA1","protein_coding"
"18112","TEX51","protein_coding"
"18113","CHEK1","protein_coding"
"18114","CACNA2D3","protein_coding"
"18115","ABCC10","protein_coding"
"18116","COLEC11","protein_coding"
"18117","RHOC","protein_coding"
"18118","EFCAB12","protein_coding"
"18119","ALLC","protein_coding"
"18120","DLK2","protein_coding"
"18121","RYK","protein_coding"
"18122","KHK","protein_coding"
"18123","TJAP1","protein_coding"
"18124","PLCXD2","protein_coding"
"18125","ACRV1","protein_coding"
"18126","PHLDB2","protein_coding"
"18127","GNRH1","protein_coding"
"18128","AMER3","protein_coding"
"18129","CCDC148","protein_coding"
"18130","KDM4F","protein_coding"
"18131","KCTD9","protein_coding"
"18132","TAFA3","protein_coding"
"18133","MOV10","protein_coding"
"18134","PKP4","protein_coding"
"18135","CDCA2","protein_coding"
"18136","SPI1","protein_coding"
"18137","NAT2","protein_coding"
"18138","PSD3","protein_coding"
"18139","ABHD10","protein_coding"
"18140","MFF","protein_coding"
"18141","TAGLN3","protein_coding"
"18142","ME3","protein_coding"
"18143","GATA2","protein_coding"
"18144","ABI3BP","protein_coding"
"18145","TAF12","protein_coding"
"18146","DLAT","protein_coding"
"18147","TAF13","protein_coding"
"18148","INTS10","protein_coding"
"18149","AAK1","protein_coding"
"18150","EPRS1","protein_coding"
"18151","ABI2","protein_coding"
"18152","LPL","protein_coding"
"18153","CD7","protein_coding"
"18154","AP3M2","protein_coding"
"18155","NNMT","protein_coding"
"18156","TUBD1","protein_coding"
"18157","BPNT1","protein_coding"
"18158","OR1S2","protein_coding"
"18159","OR1S1","protein_coding"
"18160","OR52I2","protein_coding"
"18161","OR4P4","protein_coding"
"18162","ACOXL","protein_coding"
"18163","OR2AT4","protein_coding"
"18164","XKR4","protein_coding"
"18165","TMEM68","protein_coding"
"18166","RPS6KB1","protein_coding"
"18167","PER2","protein_coding"
"18168","ATM","protein_coding"
"18169","IARS2","protein_coding"
"18170","ASB1","protein_coding"
"18171","TGS1","protein_coding"
"18172","CTDSPL","protein_coding"
"18173","DYSF","protein_coding"
"18174","ADAP2","protein_coding"
"18175","RAB3GAP2","protein_coding"
"18176","ZBTB10","protein_coding"
"18177","LPP","protein_coding"
"18178","FZD6","protein_coding"
"18179","SDHAF2","protein_coding"
"18180","MITF","protein_coding"
"18181","SDHD","protein_coding"
"18182","DCAF13","protein_coding"
"18183","RAI1","protein_coding"
"18184","TPH1","protein_coding"
"18185","SREBF1","protein_coding"
"18186","ST3GAL1","protein_coding"
"18187","TREH","protein_coding"
"18188","COL22A1","protein_coding"
"18189","CDC42BPA","protein_coding"
"18190","DDX6","protein_coding"
"18191","TOM1L2","protein_coding"
"18192","EIF3M","protein_coding"
"18193","IFT80","protein_coding"
"18194","TMPRSS4","protein_coding"
"18195","DRC3","protein_coding"
"18196","ATPAF2","protein_coding"
"18197","GID4","protein_coding"
"18198","SMC4","protein_coding"
"18199","DRG2","protein_coding"
"18200","HSD17B7","protein_coding"
"18201","MACF1","protein_coding"
"18202","SIGIRR","protein_coding"
"18203","FAM135B","protein_coding"
"18204","MYO15A","protein_coding"
"18205","PKP3","protein_coding"
"18206","LRTOMT","protein_coding"
"18207","LRRC51","protein_coding"
"18208","ZFAT","protein_coding"
"18209","MYD88","protein_coding"
"18210","SORL1","protein_coding"
"18211","THRA","protein_coding"
"18212","FSTL1","protein_coding"
"18213","NDUFB4","protein_coding"
"18214","NR1D1","protein_coding"
"18215","SST","protein_coding"
"18216","RTP2","protein_coding"
"18217","BCL6","protein_coding"
"18218","MSL1","protein_coding"
"18219","LRRFIP1","protein_coding"
"18220","CASC3","protein_coding"
"18221","RAPGEFL1","protein_coding"
"18222","ROCK2","protein_coding"
"18223","POU5F1B","protein_coding"
"18224","WIPF2","protein_coding"
"18225","IGHMBP2","protein_coding"
"18226","CDC6","protein_coding"
"18227","WDR49","protein_coding"
"18228","RARA","protein_coding"
"18229","DCDC2C","protein_coding"
"18230","SOX11","protein_coding"
"18231","R3HDM1","protein_coding"
"18232","RBP1","protein_coding"
"18233","GJD3","protein_coding"
"18234","TOP2A","protein_coding"
"18235","C11orf87","protein_coding"
"18236","RDX","protein_coding"
"18237","C8orf48","protein_coding"
"18238","IGFBP4","protein_coding"
"18239","RUNX1T1","protein_coding"
"18240","CP","protein_coding"
"18241","TNS4","protein_coding"
"18242","MCM6","protein_coding"
"18243","CCR7","protein_coding"
"18244","NRP2","protein_coding"
"18245","SMARCE1","protein_coding"
"18246","ZC3H12C","protein_coding"
"18247","FAR1","protein_coding"
"18248","TM4SF18","protein_coding"
"18249","ASB14","protein_coding"
"18250","TMX2","protein_coding"
"18251","SLC4A7","protein_coding"
"18252","CCDC190","protein_coding"
"18253","PIK3R3","protein_coding"
"18254","OR6Q1","protein_coding"
"18255","P3R3URF-PIK3R3","protein_coding"
"18256","YIF1A","protein_coding"
"18257","TSPAN1","protein_coding"
"18258","P3R3URF","protein_coding"
"18259","LURAP1","protein_coding"
"18260","PARD3B","protein_coding"
"18261","RAD54L","protein_coding"
"18262","ABCC8","protein_coding"
"18263","ERBB4","protein_coding"
"18264","KCNH7","protein_coding"
"18265","POMGNT1","protein_coding"
"18266","CAMKMT","protein_coding"
"18267","SIX3","protein_coding"
"18268","SIX2","protein_coding"
"18269","PLCL1","protein_coding"
"18270","SNED1","protein_coding"
"18271","MTERF4","protein_coding"
"18272","PASK","protein_coding"
"18273","PPP1R7","protein_coding"
"18274","BLZF1","protein_coding"
"18275","CCDC181","protein_coding"
"18276","SLC19A2","protein_coding"
"18277","F5","protein_coding"
"18278","PALMD","protein_coding"
"18279","STUM","protein_coding"
"18280","ANO7","protein_coding"
"18281","ARC","protein_coding"
"18282","CLASP2","protein_coding"
"18283","FCGR2C","protein_coding"
"18284","HDLBP","protein_coding"
"18285","GON4L","protein_coding"
"18286","TMEM276","protein_coding"
"18287","SLC20A2","protein_coding"
"18288","ZP4","protein_coding"
"18289","SMIM19","protein_coding"
"18290","PPCS","protein_coding"
"18291","BRF2","protein_coding"
"18292","PPIAL4C","protein_coding"
"18293","PPIAL4D","protein_coding"
"18294","PPIAL4E","protein_coding"
"18295","PPIAL4G","protein_coding"
"18296","PPIAL4H","protein_coding"
"18297","CSDE1","protein_coding"
"18298","ZNF34","protein_coding"
"18299","GPR39","protein_coding"
"18300","SLC35F6","protein_coding"
"18301","CENPA","protein_coding"
"18302","CTR9","protein_coding"
"18303","CALB1","protein_coding"
"18304","DPYSL5","protein_coding"
"18305","KCNAB1","protein_coding"
"18306","TRMT112","protein_coding"
"18307","CGREF1","protein_coding"
"18308","TMEM64","protein_coding"
"18309","NECAB1","protein_coding"
"18310","DEFB130A","protein_coding"
"18311","RMDN2","protein_coding"
"18312","BTD","protein_coding"
"18313","CDRT15L2","protein_coding"
"18314","ARL16","protein_coding"
"18315","ATL2","protein_coding"
"18316","BSX","protein_coding"
"18317","SLC26A11","protein_coding"
"18318","ANKRD28","protein_coding"
"18319","MAF1","protein_coding"
"18320","HSPA8","protein_coding"
"18321","TCIM","protein_coding"
"18322","FAM90A15","protein_coding"
"18323","FAM90A13","protein_coding"
"18324","FAM90A5","protein_coding"
"18325","FAM90A11","protein_coding"
"18326","TOP1MT","protein_coding"
"18327","ALKAL2","protein_coding"
"18328","NCBP3","protein_coding"
"18329","VIT","protein_coding"
"18330","CAMKK1","protein_coding"
"18331","EPM2AIP1","protein_coding"
"18332","MLH1","protein_coding"
"18333","STRN","protein_coding"
"18334","P2RX1","protein_coding"
"18335","CLMP","protein_coding"
"18336","TMEM178A","protein_coding"
"18337","ATP2A3","protein_coding"
"18338","VWA3B","protein_coding"
"18339","CCDC86","protein_coding"
"18340","PTGDR2","protein_coding"
"18341","RHPN1","protein_coding"
"18342","ZP1","protein_coding"
"18343","PRPF19","protein_coding"
"18344","FAM90A24","protein_coding"
"18345","LY6S","protein_coding"
"18346","TSNARE1","protein_coding"
"18347","MERTK","protein_coding"
"18348","TMEM109","protein_coding"
"18349","ADGRB1","protein_coding"
"18350","CCDC34","protein_coding"
"18351","ZC3H6","protein_coding"
"18352","RGPD8","protein_coding"
"18353","LGR4","protein_coding"
"18354","TCEA1","protein_coding"
"18355","LIN7C","protein_coding"
"18356","GPD2","protein_coding"
"18357","LYPLA1","protein_coding"
"18358","RBM45","protein_coding"
"18359","CNOT9","protein_coding"
"18360","ARHGEF4","protein_coding"
"18361","KLHL21","protein_coding"
"18362","PHF13","protein_coding"
"18363","BDNF","protein_coding"
"18364","KLHL12","protein_coding"
"18365","MSH6","protein_coding"
"18366","ADIPOR1","protein_coding"
"18367","KIF18A","protein_coding"
"18368","CYB5R1","protein_coding"
"18369","FLRT1","protein_coding"
"18370","TMEM183A","protein_coding"
"18371","TMEM135","protein_coding"
"18372","LRRFIP2","protein_coding"
"18373","MRPL15","protein_coding"
"18374","MYOG","protein_coding"
"18375","CTDSP1","protein_coding"
"18376","MYBPH","protein_coding"
"18377","CHI3L1","protein_coding"
"18378","ASXL2","protein_coding"
"18379","UBR4","protein_coding"
"18380","FAM136A","protein_coding"
"18381","NELL1","protein_coding"
"18382","SMIM39","protein_coding"
"18383","EMP3","protein_coding"
"18384","IER2","protein_coding"
"18385","PIK3R2","protein_coding"
"18386","MYL3","protein_coding"
"18387","PSG5","protein_coding"
"18388","UQCRC1","protein_coding"
"18389","MAML2","protein_coding"
"18390","PSG4","protein_coding"
"18391","JRKL","protein_coding"
"18392","RPLP2","protein_coding"
"18393","PSG9","protein_coding"
"18394","CARD16","protein_coding"
"18395","CD3D","protein_coding"
"18396","MST1R","protein_coding"
"18397","AKR7L","protein_coding"
"18398","SPTBN2","protein_coding"
"18399","MRTO4","protein_coding"
"18400","CD177","protein_coding"
"18401","TUBA4B","protein_coding"
"18402","AKR7A3","protein_coding"
"18403","EIF5B","protein_coding"
"18404","SLC66A1","protein_coding"
"18405","SEMA3F","protein_coding"
"18406","PHLDB3","protein_coding"
"18407","SPTBN1","protein_coding"
"18408","RABIF","protein_coding"
"18409","PLAAT4","protein_coding"
"18410","PEAK3","protein_coding"
"18411","CHIT1","protein_coding"
"18412","ACAT1","protein_coding"
"18413","ERVK3-1","protein_coding"
"18414","PPFIA4","protein_coding"
"18415","INTS8","protein_coding"
"18416","TGFBR2","protein_coding"
"18417","ZSCAN22","protein_coding"
"18418","AURKC","protein_coding"
"18419","DAZL","protein_coding"
"18420","COPB1","protein_coding"
"18421","OR6B3","protein_coding"
"18422","SETDB1","protein_coding"
"18423","SPR","protein_coding"
"18424","EMX1","protein_coding"
"18425","SFXN5","protein_coding"
"18426","ZNF621","protein_coding"
"18427","ZNF805","protein_coding"
"18428","ZNF460","protein_coding"
"18429","ZNF543","protein_coding"
"18430","ZNF304","protein_coding"
"18431","ZNF547","protein_coding"
"18432","CTNNB1","protein_coding"
"18433","TRAPPC2B","protein_coding"
"18434","RAB11FIP5","protein_coding"
"18435","PSMA1","protein_coding"
"18436","ZNF548","protein_coding"
"18437","NOTO","protein_coding"
"18438","SMYD5","protein_coding"
"18439","DNAJC11","protein_coding"
"18440","PRADC1","protein_coding"
"18441","ZNF17","protein_coding"
"18442","CCT7","protein_coding"
"18443","ZNF749","protein_coding"
"18444","VN1R1","protein_coding"
"18445","TNFSF14","protein_coding"
"18446","PRDM2","protein_coding"
"18447","JRK","protein_coding"
"18448","PPM1N","protein_coding"
"18449","PSCA","protein_coding"
"18450","MS4A6A","protein_coding"
"18451","FBXO41","protein_coding"
"18452","LY6K","protein_coding"
"18453","APLP1","protein_coding"
"18454","EGR4","protein_coding"
"18455","RHCE","protein_coding"
"18456","RGS20","protein_coding"
"18457","CD82","protein_coding"
"18458","SLC18A1","protein_coding"
"18459","COL5A2","protein_coding"
"18460","IGF2","protein_coding"
"18461","SAFB2","protein_coding"
"18462","ARL14EP","protein_coding"
"18463","UCP2","protein_coding"
"18464","XPO1","protein_coding"
"18465","SIGLEC5","protein_coding"
"18466","ATP6V1B2","protein_coding"
"18467","BEST1","protein_coding"
"18468","FTH1","protein_coding"
"18469","MSH2","protein_coding"
"18470","LZTS1","protein_coding"
"18471","INCENP","protein_coding"
"18472","SCGB1D1","protein_coding"
"18473","SCGB2A1","protein_coding"
"18474","SCGB1D2","protein_coding"
"18475","SCGB2A2","protein_coding"
"18476","SCGB1D4","protein_coding"
"18477","UVRAG","protein_coding"
"18478","EMC1","protein_coding"
"18479","SAXO3","protein_coding"
"18480","RAB3GAP1","protein_coding"
"18481","ZDHHC13","protein_coding"
"18482","SLC11A1","protein_coding"
"18483","CSRP3","protein_coding"
"18484","B3GNT7","protein_coding"
"18485","STAT4","protein_coding"
"18486","WASHC5","protein_coding"
"18487","C1orf50","protein_coding"
"18488","E2F8","protein_coding"
"18489","TAL1","protein_coding"
"18490","LENEP","protein_coding"
"18491","ARPC5","protein_coding"
"18492","HTATIP2","protein_coding"
"18493","APOBEC4","protein_coding"
"18494","SMG7","protein_coding"
"18495","SPRED2","protein_coding"
"18496","PRMT3","protein_coding"
"18497","NSMCE2","protein_coding"
"18498","WDR82","protein_coding"
"18499","STK17B","protein_coding"
"18500","OR5K2","protein_coding"
"18501","CLDND1","protein_coding"
"18502","CYP1B1","protein_coding"
"18503","SLC6A5","protein_coding"
"18504","TRIB1","protein_coding"
"18505","KIF1A","protein_coding"
"18506","AKNAD1","protein_coding"
"18507","PDCD5","protein_coding"
"18508","GPR15","protein_coding"
"18509","CPOX","protein_coding"
"18510","ZMYND10","protein_coding"
"18511","ANKRD27","protein_coding"
"18512","CLCC1","protein_coding"
"18513","NPRL2","protein_coding"
"18514","CYB561D2","protein_coding"
"18515","PRKCZ","protein_coding"
"18516","RGS9BP","protein_coding"
"18517","NUDT19","protein_coding"
"18518","TMEM115","protein_coding"
"18519","TDRD12","protein_coding"
"18520","CACNA2D2","protein_coding"
"18521","SLC7A9","protein_coding"
"18522","IPP","protein_coding"
"18523","PDE4B","protein_coding"
"18524","MAMSTR","protein_coding"
"18525","USE1","protein_coding"
"18526","TMOD4","protein_coding"
"18527","OCEL1","protein_coding"
"18528","SMAP2","protein_coding"
"18529","NR2F6","protein_coding"
"18530","CALML6","protein_coding"
"18531","C3orf18","protein_coding"
"18532","HP1BP3","protein_coding"
"18533","HEMK1","protein_coding"
"18534","EXO5","protein_coding"
"18535","CISH","protein_coding"
"18536","MAPKAPK3","protein_coding"
"18537","PIK3C2B","protein_coding"
"18538","TPRA1","protein_coding"
"18539","VPS72","protein_coding"
"18540","SEMA6C","protein_coding"
"18541","BCL2L11","protein_coding"
"18542","UPP2","protein_coding"
"18543","MCM2","protein_coding"
"18544","OVGP1","protein_coding"
"18545","WDR77","protein_coding"
"18546","PLGLB2","protein_coding"
"18547","RGPD2","protein_coding"
"18548","ATP5PB","protein_coding"
"18549","PLA2R1","protein_coding"
"18550","C1orf162","protein_coding"
"18551","TTLL3","protein_coding"
"18552","TMIGD3","protein_coding"
"18553","ADORA3","protein_coding"
"18554","RAP1A","protein_coding"
"18555","ITGB6","protein_coding"
"18556","EDN2","protein_coding"
"18557","ATP1B1","protein_coding"
"18558","SELENOF","protein_coding"
"18559","IQCJ-SCHIP1","protein_coding"
"18560","HS2ST1","protein_coding"
"18561","CSRNP3","protein_coding"
"18562","IQCJ","protein_coding"
"18563","GALNT3","protein_coding"
"18564","SCHIP1","protein_coding"
"18565","HOOK1","protein_coding"
"18566","CYP2J2","protein_coding"
"18567","MYRIP","protein_coding"
"18568","AGTRAP","protein_coding"
"18569","ITGA6","protein_coding"
"18570","MTHFR","protein_coding"
"18571","LRCH3","protein_coding"
"18572","IKZF2","protein_coding"
"18573","FAM177B","protein_coding"
"18574","SLC44A5","protein_coding"
"18575","CCDC142","protein_coding"
"18576","FAM229A","protein_coding"
"18577","THAP3","protein_coding"
"18578","SRD5A2","protein_coding"
"18579","SPAST","protein_coding"
"18580","S100A5","protein_coding"
"18581","PDE12","protein_coding"
"18582","FCGR2B","protein_coding"
"18583","SSR3","protein_coding"
"18584","UNC80","protein_coding"
"18585","TIPARP","protein_coding"
"18586","PPM1J","protein_coding"
"18587","PRR23E","protein_coding"
"18588","PRR20G","protein_coding"
"18589","TCHH","protein_coding"
"18590","PMF1","protein_coding"
"18591","KANSL1L","protein_coding"
"18592","NFYC","protein_coding"
"18593","COMMD2","protein_coding"
"18594","ANKUB1","protein_coding"
"18595","ACADL","protein_coding"
"18596","RNF13","protein_coding"
"18597","PIGF","protein_coding"
"18598","IL36B","protein_coding"
"18599","ACYP2","protein_coding"
"18600","DLX2","protein_coding"
"18601","MREG","protein_coding"
"18602","PFN2","protein_coding"
"18603","PECR","protein_coding"
"18604","TMEM169","protein_coding"
"18605","XRCC5","protein_coding"
"18606","SPOCD1","protein_coding"
"18607","SERP1","protein_coding"
"18608","SELENOT","protein_coding"
"18609","MARCHF4","protein_coding"
"18610","SCN1A","protein_coding"
"18611","ERICH6","protein_coding"
"18612","MOB3C","protein_coding"
"18613","SRSF11","protein_coding"
"18614","SIAH2","protein_coding"
"18615","MINDY4B","protein_coding"
"18616","OSBPL11","protein_coding"
"18617","CTXND2","protein_coding"
"18618","GPR137B","protein_coding"
"18619","PLD1","protein_coding"
"18620","ERO1B","protein_coding"
"18621","GALNT5","protein_coding"
"18622","ERMN","protein_coding"
"18623","KPRP","protein_coding"
"18624","C2CD4D","protein_coding"
"18625","CYTIP","protein_coding"
"18626","MTARC2","protein_coding"
"18627","MTARC1","protein_coding"
"18628","TMEM212","protein_coding"
"18629","INPP4A","protein_coding"
"18630","ATPAF1","protein_coding"
"18631","SOX2","protein_coding"
"18632","AADAC","protein_coding"
"18633","SUCNR1","protein_coding"
"18634","P2RY1","protein_coding"
"18635","SCMH1","protein_coding"
"18636","MAP6D1","protein_coding"
"18637","PARL","protein_coding"
"18638","SRGAP2B","protein_coding"
"18639","CATIP","protein_coding"
"18640","EPHB3","protein_coding"
"18641","RGS16","protein_coding"
"18642","RPRM","protein_coding"
"18643","GALNT13","protein_coding"
"18644","RGS8","protein_coding"
"18645","HES1","protein_coding"
"18646","SARS1","protein_coding"
"18647","FAM178B","protein_coding"
"18648","CELSR2","protein_coding"
"18649","BOC","protein_coding"
"18650","ACTR3","protein_coding"
"18651","PSRC1","protein_coding"
"18652","ATOH8","protein_coding"
"18653","TMEM41A","protein_coding"
"18654","TMEM247","protein_coding"
"18655","LIPH","protein_coding"
"18656","MYBPHL","protein_coding"
"18657","DNER","protein_coding"
"18658","SORT1","protein_coding"
"18659","SENP2","protein_coding"
"18660","POU3F3","protein_coding"
"18661","ASB18","protein_coding"
"18662","PSMA5","protein_coding"
"18663","CCDC85A","protein_coding"
"18664","ZBTB37","protein_coding"
"18665","LACTBL1","protein_coding"
"18666","TRAK1","protein_coding"
"18667","UAP1","protein_coding"
"18668","CFC1B","protein_coding"
"18669","PYHIN1","protein_coding"
"18670","SPOPL","protein_coding"
"18671","IFI16","protein_coding"
"18672","HK2","protein_coding"
"18673","LSAMP","protein_coding"
"18674","POLE4","protein_coding"
"18675","SPATA31H1","protein_coding"
"18676","LINC03051","protein_coding"
"18677","ZNF638","protein_coding"
"18678","AK2","protein_coding"
"18679","SLC41A3","protein_coding"
"18680","TMEM18","protein_coding"
"18681","C8A","protein_coding"
"18682","C1QA","protein_coding"
"18683","CCDC74A","protein_coding"
"18684","C1QC","protein_coding"
"18685","C1QB","protein_coding"
"18686","ALDH1L1","protein_coding"
"18687","CD46","protein_coding"
"18688","TTN","protein_coding"
"18689","VHL","protein_coding"
"18690","CD96","protein_coding"
"18691","ZBED2","protein_coding"
"18692","SCN5A","protein_coding"
"18693","CFHR3","protein_coding"
"18694","G0S2","protein_coding"
"18695","HSD11B1","protein_coding"
"18696","TRAF3IP3","protein_coding"
"18697","C1orf74","protein_coding"
"18698","IRF6","protein_coding"
"18699","UTP25","protein_coding"
"18700","RIMKLA","protein_coding"
"18701","ZMYND12","protein_coding"
"18702","YARS1","protein_coding"
"18703","C8B","protein_coding"
"18704","DCAF8","protein_coding"
"18705","STT3B","protein_coding"
"18706","PEX19","protein_coding"
"18707","ATP11B","protein_coding"
"18708","NHLH1","protein_coding"
"18709","SLAMF6","protein_coding"
"18710","CD84","protein_coding"
"18711","RAB7A","protein_coding"
"18712","COPA","protein_coding"
"18713","FAIM","protein_coding"
"18714","PIK3CB","protein_coding"
"18715","RAP2B","protein_coding"
"18716","CCR4","protein_coding"
"18717","GLB1","protein_coding"
"18718","SPRR1A","protein_coding"
"18719","INAVA","protein_coding"
"18720","TMPPE","protein_coding"
"18721","ZDHHC19","protein_coding"
"18722","CLCA2","protein_coding"
"18723","SLC51A","protein_coding"
"18724","CLCA1","protein_coding"
"18725","CLCA4","protein_coding"
"18726","PCYT1A","protein_coding"
"18727","PRKAB2","protein_coding"
"18728","NUDT4B","protein_coding"
"18729","SLC25A34","protein_coding"
"18730","TMEM82","protein_coding"
"18731","FBLIM1","protein_coding"
"18732","DYNLT2B","protein_coding"
"18733","TM4SF19-DYNLT2B","protein_coding"
"18734","TM4SF19","protein_coding"
"18735","UBXN7","protein_coding"
"18736","NBPF3","protein_coding"
"18737","CCDC12","protein_coding"
"18738","CRIPT","protein_coding"
"18739","RAP1GAP","protein_coding"
"18740","NMS","protein_coding"
"18741","PDCL3","protein_coding"
"18742","MAP3K2","protein_coding"
"18743","WDR33","protein_coding"
"18744","UGGT1","protein_coding"
"18745","USP48","protein_coding"
"18746","HS6ST1","protein_coding"
"18747","TET3","protein_coding"
"18748","HNRNPA3","protein_coding"
"18749","ASTL","protein_coding"
"18750","DUSP2","protein_coding"
"18751","STARD7","protein_coding"
"18752","CCDC30","protein_coding"
"18753","TMEM127","protein_coding"
"18754","MARCO","protein_coding"
"18755","C1QL2","protein_coding"
"18756","STEAP3","protein_coding"
"18757","C2orf76","protein_coding"
"18758","DBI","protein_coding"
"18759","ZC3H15","protein_coding"
"18760","PUS10","protein_coding"
"18761","MATN1","protein_coding"
"18762","SFPQ","protein_coding"
"18763","WDSUB1","protein_coding"
"18764","BAZ2B","protein_coding"
"18765","NT5C1A","protein_coding"
"18766","PPIE","protein_coding"
"18767","MARCHF7","protein_coding"
"18768","BMP8B","protein_coding"
"18769","OXCT2","protein_coding"
"18770","CD302","protein_coding"
"18771","TRIT1","protein_coding"
"18772","CREB1","protein_coding"
"18773","METTL21A","protein_coding"
"18774","CCNYL1","protein_coding"
"18775","FZD5","protein_coding"
"18776","GPR45","protein_coding"
"18777","TGFBRAP1","protein_coding"
"18778","C2orf49","protein_coding"
"18779","MFSD2A","protein_coding"
"18780","CD28","protein_coding"
"18781","DNPEP","protein_coding"
"18782","LHX8","protein_coding"
"18783","DNAI3","protein_coding"
"18784","D2HGDH","protein_coding"
"18785","MCOLN3","protein_coding"
"18786","CIAO1","protein_coding"
"18787","SNRNP200","protein_coding"
"18788","SYDE2","protein_coding"
"18789","PLPPR5","protein_coding"
"18790","AQP10","protein_coding"
"18791","ATP8B2","protein_coding"
"18792","RUSC1","protein_coding"
"18793","ITPRIPL1","protein_coding"
"18794","NCAPH","protein_coding"
"18795","ARHGEF2","protein_coding"
"18796","NEURL3","protein_coding"
"18797","ARID5A","protein_coding"
"18798","FCRL5","protein_coding"
"18799","FCRL4","protein_coding"
"18800","FCRL3","protein_coding"
"18801","FCRL2","protein_coding"
"18802","SPATA46","protein_coding"
"18803","C1orf226","protein_coding"
"18804","SH2D1B","protein_coding"
"18805","UHMK1","protein_coding"
"18806","DDR2","protein_coding"
"18807","RASAL2","protein_coding"
"18808","TEX35","protein_coding"
"18809","SLC30A10","protein_coding"
"18810","ENAH","protein_coding"
"18811","GFI1","protein_coding"
"18812","UQCRHL","protein_coding"
"18813","COX20","protein_coding"
"18814","IL12RB2","protein_coding"
"18815","ALPL","protein_coding"
"18816","IL10","protein_coding"
"18817","CFH","protein_coding"
"18818","KIF1B","protein_coding"
"18819","CTPS1","protein_coding"
"18820","AGT","protein_coding"
"18821","EIF3I","protein_coding"
"18822","PITPNM1","protein_coding"
"18823","CFAP141","protein_coding"
"18824","C1orf43","protein_coding"
"18825","EED","protein_coding"
"18826","BSDC1","protein_coding"
"18827","IL18","protein_coding"
"18828","LAMTOR2","protein_coding"
"18829","LCK","protein_coding"
"18830","CREBZF","protein_coding"
"18831","WT1","protein_coding"
"18832","ARHGEF16","protein_coding"
"18833","TPRG1L","protein_coding"
"18834","WRAP73","protein_coding"
"18835","MEGF6","protein_coding"
"18836","SLC35F2","protein_coding"
"18837","RSBN1","protein_coding"
"18838","RAB39A","protein_coding"
"18839","PTPN22","protein_coding"
"18840","CUL5","protein_coding"
"18841","NPAT","protein_coding"
"18842","BCL2L15","protein_coding"
"18843","HIPK1","protein_coding"
"18844","DCLRE1B","protein_coding"
"18845","C1orf141","protein_coding"
"18846","AADACL3","protein_coding"
"18847","CFAP107","protein_coding"
"18848","PRAMEF12","protein_coding"
"18849","PRAMEF1","protein_coding"
"18850","AADACL4","protein_coding"
"18851","IL23R","protein_coding"
"18852","PRAMEF20","protein_coding"
"18853","LRRC38","protein_coding"
"18854","RAB6A","protein_coding"
"18855","LYST","protein_coding"
"18856","COA4","protein_coding"
"18857","TACSTD2","protein_coding"
"18858","MYSM1","protein_coding"
"18859","FBXO2","protein_coding"
"18860","FBXO44","protein_coding"
"18861","FBXO6","protein_coding"
"18862","DRAXIN","protein_coding"
"18863","RPF1","protein_coding"
"18864","GNG5","protein_coding"
"18865","CTBS","protein_coding"
"18866","DSCC1","protein_coding"
"18867","SSX2IP","protein_coding"
"18868","DEPTOR","protein_coding"
"18869","DOK2","protein_coding"
"18870","PRAMEF19","protein_coding"
"18871","FAM72B","protein_coding"
"18872","XPO7","protein_coding"
"18873","ZBED6","protein_coding"
"18874","SLC2A1","protein_coding"
"18875","KCNA3","protein_coding"
"18876","ZC3H11B","protein_coding"
"18877","NCF2","protein_coding"
"18878","FOXD3","protein_coding"
"18879","ALG6","protein_coding"
"18880","NUDT18","protein_coding"
"18881","HRURF","protein_coding"
"18882","MSTO1","protein_coding"
"18883","RORC","protein_coding"
"18884","UBXN2B","protein_coding"
"18885","CYP7A1","protein_coding"
"18886","SDCBP","protein_coding"
"18887","CAPN2","protein_coding"
"18888","TP53BP2","protein_coding"
"18889","NSMAF","protein_coding"
"18890","RGS13","protein_coding"
"18891","RGS2","protein_coding"
"18892","LRRCC1","protein_coding"
"18893","HAX1","protein_coding"
"18894","GLMP","protein_coding"
"18895","E2F5","protein_coding"
"18896","CRYBG2","protein_coding"
"18897","RBIS","protein_coding"
"18898","TTC13","protein_coding"
"18899","CA1","protein_coding"
"18900","ARV1","protein_coding"
"18901","TMEM234","protein_coding"
"18902","GADD45A","protein_coding"
"18903","GNG12","protein_coding"
"18904","WLS","protein_coding"
"18905","ESRRG","protein_coding"
"18906","CHRNB2","protein_coding"
"18907","KCNN3","protein_coding"
"18908","TMEM275","protein_coding"
"18909","LELP1","protein_coding"
"18910","PRR9","protein_coding"
"18911","LORICRIN","protein_coding"
"18912","PGLYRP3","protein_coding"
"18913","PGLYRP4","protein_coding"
"18914","S100A9","protein_coding"
"18915","S100A12","protein_coding"
"18916","S100A8","protein_coding"
"18917","S100A7A","protein_coding"
"18918","S100A7","protein_coding"
"18919","NBPF8","protein_coding"
"18920","TNFRSF18","protein_coding"
"18921","SDF4","protein_coding"
"18922","B3GALT6","protein_coding"
"18923","C1QTNF12","protein_coding"
"18924","UBE2J2","protein_coding"
"18925","SCNN1D","protein_coding"
"18926","PLEKHO1","protein_coding"
"18927","ANP32E","protein_coding"
"18928","CA14","protein_coding"
"18929","APH1A","protein_coding"
"18930","C1orf54","protein_coding"
"18931","CIART","protein_coding"
"18932","MRPS21","protein_coding"
"18933","PRPF3","protein_coding"
"18934","ACAP3","protein_coding"
"18935","INTS11","protein_coding"
"18936","CPTP","protein_coding"
"18937","TAS1R3","protein_coding"
"18938","DVL1","protein_coding"
"18939","MXRA8","protein_coding"
"18940","AURKAIP1","protein_coding"
"18941","TMEM222","protein_coding"
"18942","SYTL1","protein_coding"
"18943","MAP3K6","protein_coding"
"18944","CD164L2","protein_coding"
"18945","VPS45","protein_coding"
"18946","IL6R","protein_coding"
"18947","ACADM","protein_coding"
"18948","ZBTB18","protein_coding"
"18949","TMEM201","protein_coding"
"18950","CLSTN1","protein_coding"
"18951","CTNNBIP1","protein_coding"
"18952","LZIC","protein_coding"
"18953","PDZK1","protein_coding"
"18954","CD160","protein_coding"
"18955","RNF115","protein_coding"
"18956","POLR3C","protein_coding"
"18957","PIK3CD","protein_coding"
"18958","FASLG","protein_coding"
"18959","NBPF9","protein_coding"
"18960","NBPF20","protein_coding"
"18961","NBPF12","protein_coding"
"18962","VAMP3","protein_coding"
"18963","PER3","protein_coding"
"18964","UTS2","protein_coding"
"18965","TNFRSF9","protein_coding"
"18966","PARK7","protein_coding"
"18967","ERRFI1","protein_coding"
"18968","CMPK1","protein_coding"
"18969","C1orf127","protein_coding"
"18970","FCGR2A","protein_coding"
"18971","DPH2","protein_coding"
"18972","JAK1","protein_coding"
"18973","SETSIP","protein_coding"
"18974","BCL10","protein_coding"
"18975","UBE2T","protein_coding"
"18976","RFT1","protein_coding"
"18977","CFHR1","protein_coding"
"18978","CFHR4","protein_coding"
"18979","CHCHD4","protein_coding"
"18980","TMEM43","protein_coding"
"18981","FCGR3A","protein_coding"
"18982","FCGR3B","protein_coding"
"18983","XPC","protein_coding"
"18984","NUAK2","protein_coding"
"18985","LSM3","protein_coding"
"18986","KLHDC8A","protein_coding"
"18987","SPICE1","protein_coding"
"18988","LEMD1","protein_coding"
"18989","SIDT1","protein_coding"
"18990","NCSTN","protein_coding"
"18991","CD200","protein_coding"
"18992","BTLA","protein_coding"
"18993","ATG3","protein_coding"
"18994","CD55","protein_coding"
"18995","NR1D2","protein_coding"
"18996","CR2","protein_coding"
"18997","CR1","protein_coding"
"18998","RBSN","protein_coding"
"18999","SLC35G2","protein_coding"
"19000","NCK1","protein_coding"
"19001","SYT14","protein_coding"
"19002","IL20RB","protein_coding"
"19003","AGO1","protein_coding"
"19004","AGO3","protein_coding"
"19005","WNT9A","protein_coding"
"19006","ARF1","protein_coding"
"19007","PBX1","protein_coding"
"19008","WDTC1","protein_coding"
"19009","WASF2","protein_coding"
"19010","FCN3","protein_coding"
"19011","PLA2G2A","protein_coding"
"19012","SPRR5","protein_coding"
"19013","NOTCH2NLB","protein_coding"
"19014","OR2AK2","protein_coding"
"19015","OR6K6","protein_coding"
"19016","FCRLB","protein_coding"
"19017","PRSS38","protein_coding"
"19018","OR10R2","protein_coding"
"19019","OR2L13","protein_coding"
"19020","LCE7A","protein_coding"
"19021","OR14L1","protein_coding"
"19022","NOTCH2NLA","protein_coding"
"19023","CLEC20A","protein_coding"
"19024","NBPF14","protein_coding"
"19025","TAS1R2","protein_coding"
"19026","TAF5L","protein_coding"
"19027","TNFRSF4","protein_coding"
"19028","NFIA","protein_coding"
"19029","CREG1","protein_coding"
"19030","CD247","protein_coding"
"19031","MASP2","protein_coding"
"19032","AXDND1","protein_coding"
"19033","NPHS2","protein_coding"
"19034","CEPT1","protein_coding"
"19035","ANGPTL7","protein_coding"
"19036","UBIAD1","protein_coding"
"19037","ZNF687","protein_coding"
"19038","COL8A1","protein_coding"
"19039","PI4KB","protein_coding"
"19040","RFX5","protein_coding"
"19041","FAM98A","protein_coding"
"19042","RASGRP3","protein_coding"
"19043","SELENBP1","protein_coding"
"19044","EPC2","protein_coding"
"19045","YPEL5","protein_coding"
"19046","SEMA4F","protein_coding"
"19047","PSMB4","protein_coding"
"19048","MEIS1","protein_coding"
"19049","CGN","protein_coding"
"19050","TUFT1","protein_coding"
"19051","ETAA1","protein_coding"
"19052","ORMDL1","protein_coding"
"19053","PMS1","protein_coding"
"19054","OR4F29","protein_coding"
"19055","DHDDS","protein_coding"
"19056","ZNG1B","protein_coding"
"19057","TARDBP","protein_coding"
"19058","FOXD4L1","protein_coding"
"19059","NEXN","protein_coding"
"19060","DNAJB4","protein_coding"
"19061","FUBP1","protein_coding"
"19062","RABL2A","protein_coding"
"19063","NPR1","protein_coding"
"19064","SLC35F5","protein_coding"
"19065","KCND3","protein_coding"
"19066","KCNH1","protein_coding"
"19067","GNB1","protein_coding"
"19068","GSTM4","protein_coding"
"19069","GSTM1","protein_coding"
"19070","GSTM5","protein_coding"
"19071","GSTM3","protein_coding"
"19072","EPS8L3","protein_coding"
"19073","OR4F16","protein_coding"
"19074","USP24","protein_coding"
"19075","MSL3B","protein_coding"
"19076","SPP2","protein_coding"
"19077","ODF2L","protein_coding"
"19078","PERM1","protein_coding"
"19079","KIRREL1","protein_coding"
"19080","SMIM42","protein_coding"
"19081","CD1D","protein_coding"
"19082","ENO1","protein_coding"
"19083","CA6","protein_coding"
"19084","RERE","protein_coding"
"19085","RIT1","protein_coding"
"19086","HNRNPU","protein_coding"
"19087","SPEN","protein_coding"
"19088","FAAP20","protein_coding"
"19089","SKI","protein_coding"
"19090","WDR26","protein_coding"
"19091","SYT2","protein_coding"
"19092","KDM5B","protein_coding"
"19093","PPP1R12B","protein_coding"
"19094","FAM20B","protein_coding"
"19095","TOR3A","protein_coding"
"19096","ABL2","protein_coding"
"19097","GPR3","protein_coding"
"19098","ACTN2","protein_coding"
"19099","FAM163A","protein_coding"
"19100","TOR1AIP2","protein_coding"
"19101","QSOX1","protein_coding"
"19102","LHX4","protein_coding"
"19103","SH3GLB1","protein_coding"
"19104","TPM3","protein_coding"
"19105","CLIC4","protein_coding"
"19106","SRRM1","protein_coding"
"19107","PRELP","protein_coding"
"19108","ATP2B4","protein_coding"
"19109","CAPZB","protein_coding"
"19110","MICOS10","protein_coding"
"19111","NBL1","protein_coding"
"19112","MICOS10-NBL1","protein_coding"
"19113","HTR6","protein_coding"
"19114","RUNX3","protein_coding"
"19115","CDC42","protein_coding"
"19116","FMOD","protein_coding"
"19117","FMO5","protein_coding"
"19118","CHD1L","protein_coding"
"19119","TRABD2B","protein_coding"
"19120","SLC5A9","protein_coding"
"19121","SPATA6","protein_coding"
"19122","COL11A1","protein_coding"
"19123","EPS15","protein_coding"
"19124","PHC2","protein_coding"
"19125","EPB41","protein_coding"
"19126","BTG2","protein_coding"
"19127","CHD5","protein_coding"
"19128","RPL22","protein_coding"
"19129","RNF207","protein_coding"
"19130","ICMT","protein_coding"
"19131","GPR153","protein_coding"
"19132","HES3","protein_coding"
"19133","HES2","protein_coding"
"19134","PTBP2","protein_coding"
"19135","TTLL10","protein_coding"
"19136","PUSL1","protein_coding"
"19137","TMEM88B","protein_coding"
"19138","PDE4DIP","protein_coding"
"19139","RGS4","protein_coding"
"19140","CENPF","protein_coding"
"19141","UBXN10","protein_coding"
"19142","CDCP2","protein_coding"
"19143","SSBP3","protein_coding"
"19144","NUP210L","protein_coding"
"19145","HTR1D","protein_coding"
"19146","EVI5","protein_coding"
"19147","GUK1","protein_coding"
"19148","IFFO2","protein_coding"
"19149","NTRK1","protein_coding"
"19150","ACOT7","protein_coding"
"19151","ESPN","protein_coding"
"19152","CACNA1E","protein_coding"
"19153","ZNF648","protein_coding"
"19154","RAVER2","protein_coding"
"19155","SPATA1","protein_coding"
"19156","UBAP2L","protein_coding"
"19157","AHCYL1","protein_coding"
"19158","STRIP1","protein_coding"
"19159","ALX3","protein_coding"
"19160","UBL4B","protein_coding"
"19161","PRKACB","protein_coding"
"19162","ASB17","protein_coding"
"19163","ST6GALNAC3","protein_coding"
"19164","NTPCR","protein_coding"
"19165","PCNX2","protein_coding"
"19166","MAP3K21","protein_coding"
"19167","KCNK1","protein_coding"
"19168","ADORA1","protein_coding"
"19169","CYP4B1","protein_coding"
"19170","CYP4A11","protein_coding"
"19171","NBPF19","protein_coding"
"19172","AZIN2","protein_coding"
"19173","GBP6","protein_coding"
"19174","KCNAB2","protein_coding"
"19175","POGZ","protein_coding"
"19176","FNBP1L","protein_coding"
"19177","JUN","protein_coding"
"19178","CAMTA1","protein_coding"
"19179","BSND","protein_coding"
"19180","ATAD3B","protein_coding"
"19181","TMEM240","protein_coding"
"19182","PTGER3","protein_coding"
"19183","CLCN6","protein_coding"
"19184","KIAA2013","protein_coding"
"19185","RSPO1","protein_coding"
"19186","AIRIM","protein_coding"
"19187","CDCA8","protein_coding"
"19188","EPHA10","protein_coding"
"19189","MANEAL","protein_coding"
"19190","YRDC","protein_coding"
"19191","C1orf122","protein_coding"
"19192","MTF1","protein_coding"
"19193","INPP5B","protein_coding"
"19194","DMAP1","protein_coding"
"19195","ERI3","protein_coding"
"19196","RNF220","protein_coding"
"19197","DMBX1","protein_coding"
"19198","ZYG11A","protein_coding"
"19199","ECHDC2","protein_coding"
"19200","SCP2","protein_coding"
"19201","PODN","protein_coding"
"19202","SLC1A7","protein_coding"
"19203","TM2D1","protein_coding"
"19204","LRRC39","protein_coding"
"19205","AMY2B","protein_coding"
"19206","TRIM33","protein_coding"
"19207","BCAS2","protein_coding"
"19208","DENND2C","protein_coding"
"19209","HDGF","protein_coding"
"19210","CHTOP","protein_coding"
"19211","FAM78B","protein_coding"
"19212","SUCO","protein_coding"
"19213","CACYBP","protein_coding"
"19214","MRPS14","protein_coding"
"19215","TNN","protein_coding"
"19216","KIAA0040","protein_coding"
"19217","TNNI1","protein_coding"
"19218","LMOD1","protein_coding"
"19219","TIMM17A","protein_coding"
"19220","RNPEP","protein_coding"
"19221","NENF","protein_coding"
"19222","ATF3","protein_coding"
"19223","GARIN4","protein_coding"
"19224","BATF3","protein_coding"
"19225","FBXO28","protein_coding"
"19226","DEGS1","protein_coding"
"19227","CNIH3","protein_coding"
"19228","TSNAX","protein_coding"
"19229","TSNAX-DISC1","protein_coding"
"19230","DISC1","protein_coding"
"19231","LYPD8","protein_coding"
"19232","FNDC5","protein_coding"
"19233","GPR161","protein_coding"
"19234","TIPRL","protein_coding"
"19235","PLXNA2","protein_coding"
"19236","USP33","protein_coding"
"19237","MIGA1","protein_coding"
"19238","GNAI3","protein_coding"
"19239","CSF3R","protein_coding"
"19240","MYCL","protein_coding"
"19241","GGPS1","protein_coding"
"19242","DNAJC8","protein_coding"
"19243","NBPF4","protein_coding"
"19244","MINDY1","protein_coding"
"19245","F11R","protein_coding"
"19246","YIPF1","protein_coding"
"19247","DIO1","protein_coding"
"19248","IFT25","protein_coding"
"19249","LRRC42","protein_coding"
"19250","LDLRAD1","protein_coding"
"19251","TMEM59","protein_coding"
"19252","LAPTM5","protein_coding"
"19253","SDC3","protein_coding"
"19254","PUM1","protein_coding"
"19255","NKAIN1","protein_coding"
"19256","SNRNP40","protein_coding"
"19257","ZCCHC17","protein_coding"
"19258","FABP3","protein_coding"
"19259","SERINC2","protein_coding"
"19260","TP73","protein_coding"
"19261","CCDC27","protein_coding"
"19262","MAN1C1","protein_coding"
"19263","OR14A2","protein_coding"
"19264","EXTL1","protein_coding"
"19265","SLC30A2","protein_coding"
"19266","TRIM63","protein_coding"
"19267","PDIK1L","protein_coding"
"19268","FAM110D","protein_coding"
"19269","C1orf232","protein_coding"
"19270","ZNF593OS","protein_coding"
"19271","ZNF593","protein_coding"
"19272","CNKSR1","protein_coding"
"19273","GPR61","protein_coding"
"19274","USP21","protein_coding"
"19275","KIFAP3","protein_coding"
"19276","RC3H1","protein_coding"
"19277","CEP350","protein_coding"
"19278","KIAA1614","protein_coding"
"19279","ADAR","protein_coding"
"19280","PAX7","protein_coding"
"19281","AP4B1","protein_coding"
"19282","CDC73","protein_coding"
"19283","SOX13","protein_coding"
"19284","ETNK2","protein_coding"
"19285","REN","protein_coding"
"19286","PLEKHA6","protein_coding"
"19287","LUZP1","protein_coding"
"19288","LYPLA2","protein_coding"
"19289","ARID1A","protein_coding"
"19290","CACNA1S","protein_coding"
"19291","LMNA","protein_coding"
"19292","MUTYH","protein_coding"
"19293","PCSK9","protein_coding"
"19294","TOR1AIP1","protein_coding"
"19295","RPE65","protein_coding"
"19296","DEPDC1","protein_coding"
"19297","TNR","protein_coding"
"19298","RYR2","protein_coding"
"19299","SDHC","protein_coding"
"19300","ACKR1","protein_coding"
"19301","TLR5","protein_coding"
"19302","MTOR","protein_coding"
"19303","PMVK","protein_coding"
"19304","TNFSF4","protein_coding"
"19305","PRDX6","protein_coding"
"19306","SLC9C2","protein_coding"
"19307","ANKRD45","protein_coding"
"19308","DHRS3","protein_coding"
"19309","TMEM125","protein_coding"
"19310","C1orf210","protein_coding"
"19311","TIE1","protein_coding"
"19312","YY1AP1","protein_coding"
"19313","GSTM2","protein_coding"
"19314","RNF2","protein_coding"
"19315","TRMT1L","protein_coding"
"19316","OPTC","protein_coding"
"19317","RAB3B","protein_coding"
"19318","TXNDC12","protein_coding"
"19319","KTI12","protein_coding"
"19320","RBBP5","protein_coding"
"19321","NUCKS1","protein_coding"
"19322","RAB29","protein_coding"
"19323","SLC41A1","protein_coding"
"19324","PM20D1","protein_coding"
"19325","DSTYK","protein_coding"
"19326","TMCC2","protein_coding"
"19327","BLACAT1","protein_coding"
"19328","MFSD4A","protein_coding"
"19329","ELK4","protein_coding"
"19330","SLC45A3","protein_coding"
"19331","SDHB","protein_coding"
"19332","TNNT2","protein_coding"
"19333","DPT","protein_coding"
"19334","KCNJ10","protein_coding"
"19335","PIGM","protein_coding"
"19336","KCNJ9","protein_coding"
"19337","IGSF8","protein_coding"
"19338","ATP1A2","protein_coding"
"19339","ATP1A4","protein_coding"
"19340","CASQ1","protein_coding"
"19341","PEA15","protein_coding"
"19342","SLC22A15","protein_coding"
"19343","ZNF669","protein_coding"
"19344","NLRP3","protein_coding"
"19345","ARHGEF11","protein_coding"
"19346","ALG14","protein_coding"
"19347","LRIG2","protein_coding"
"19348","FLG","protein_coding"
"19349","FLG2","protein_coding"
"19350","DUSP10","protein_coding"
"19351","RHEX","protein_coding"
"19352","CD53","protein_coding"
"19353","HAO2","protein_coding"
"19354","HSD3B2","protein_coding"
"19355","PROX1","protein_coding"
"19356","SMYD2","protein_coding"
"19357","RAB4A","protein_coding"
"19358","RWDD3","protein_coding"
"19359","DPYD","protein_coding"
"19360","TBX15","protein_coding"
"19361","SFT2D2","protein_coding"
"19362","TBX19","protein_coding"
"19363","EDEM3","protein_coding"
"19364","C1orf167","protein_coding"
"19365","ALDH4A1","protein_coding"
"19366","L1TD1","protein_coding"
"19367","KANK4","protein_coding"
"19368","MAD2L2","protein_coding"
"19369","ITGB3BP","protein_coding"
"19370","EFCAB7","protein_coding"
"19371","PGM1","protein_coding"
"19372","CDC14A","protein_coding"
"19373","GPR88","protein_coding"
"19374","PFKFB2","protein_coding"
"19375","YOD1","protein_coding"
"19376","C4BPB","protein_coding"
"19377","C4BPA","protein_coding"
"19378","RPRD2","protein_coding"
"19379","ACBD6","protein_coding"
"19380","BTBD19","protein_coding"
"19381","PTCH2","protein_coding"
"19382","AGRN","protein_coding"
"19383","SLAMF1","protein_coding"
"19384","CD48","protein_coding"
"19385","SLAMF7","protein_coding"
"19386","LY9","protein_coding"
"19387","CD244","protein_coding"
"19388","ITLN1","protein_coding"
"19389","ITLN2","protein_coding"
"19390","MGST3","protein_coding"
"19391","TMCO1","protein_coding"
"19392","UCK2","protein_coding"
"19393","APOA2","protein_coding"
"19394","CELA2A","protein_coding"
"19395","CELA2B","protein_coding"
"19396","CASP9","protein_coding"
"19397","DNAJC16","protein_coding"
"19398","AGMAT","protein_coding"
"19399","DDI2","protein_coding"
"19400","RSC1A1","protein_coding"
"19401","PLEKHM2","protein_coding"
"19402","ISG20L2","protein_coding"
"19403","HDAC1","protein_coding"
"19404","TEX50","protein_coding"
"19405","KLHL20","protein_coding"
"19406","LDLRAP1","protein_coding"
"19407","HMGN2","protein_coding"
"19408","IRF2BP2","protein_coding"
"19409","EPHA2","protein_coding"
"19410","NIPAL3","protein_coding"
"19411","FCRL1","protein_coding"
"19412","CD5L","protein_coding"
"19413","CD58","protein_coding"
"19414","SWT1","protein_coding"
"19415","IVNS1ABP","protein_coding"
"19416","BEST4","protein_coding"
"19417","SH2D2A","protein_coding"
"19418","UBE2Q1","protein_coding"
"19419","KIAA0319L","protein_coding"
"19420","LRRC41","protein_coding"
"19421","UQCRH","protein_coding"
"19422","NSUN4","protein_coding"
"19423","FAAH","protein_coding"
"19424","LAX1","protein_coding"
"19425","CIMAP2","protein_coding"
"19426","DHCR24","protein_coding"
"19427","TMEM61","protein_coding"
"19428","GTF2B","protein_coding"
"19429","KYAT3","protein_coding"
"19430","GBP3","protein_coding"
"19431","S100A13","protein_coding"
"19432","ILF2","protein_coding"
"19433","VANGL2","protein_coding"
"19434","MPZ","protein_coding"
"19435","PTPN7","protein_coding"
"19436","SF3A3","protein_coding"
"19437","FHL3","protein_coding"
"19438","UTP11","protein_coding"
"19439","POU3F1","protein_coding"
"19440","KIF14","protein_coding"
"19441","DDX59","protein_coding"
"19442","CAMSAP2","protein_coding"
"19443","TRNP1","protein_coding"
"19444","VANGL1","protein_coding"
"19445","CASQ2","protein_coding"
"19446","NHLH2","protein_coding"
"19447","PLK3","protein_coding"
"19448","GLUL","protein_coding"
"19449","TEDDM1","protein_coding"
"19450","RGSL1","protein_coding"
"19451","RNASEL","protein_coding"
"19452","PYDC5","protein_coding"
"19453","AIM2","protein_coding"
"19454","DPH5","protein_coding"
"19455","VCAM1","protein_coding"
"19456","EXTL2","protein_coding"
"19457","SLC30A7","protein_coding"
"19458","NAV1","protein_coding"
"19459","AKR7A2","protein_coding"
"19460","SCCPDH","protein_coding"
"19461","DESI2","protein_coding"
"19462","C1orf202","protein_coding"
"19463","TMEM35B","protein_coding"
"19464","ZMYM6","protein_coding"
"19465","ZMYM1","protein_coding"
"19466","STMN1","protein_coding"
